2026-04-19 18:16:06.846 [info] [LS Main] Starting language server from: /usr/share/antigravity/resources/app/extensions/antigravity/bin/language_server_linux_x64
2026-04-19 18:16:06.876 [info] [LS Main] Args: --csrf_token 37affd94-de10-4f78-b41f-a97d7767b783 --extension_server_port 38381 --extension_server_csrf_token 3dd34ce0-eb16-4b35-9bcf-a16bbdca298a --app_data_dir antigravity --cloud_code_endpoint https://cloudcode-pa.googleapis.com
2026-04-19 18:16:06.897 [info] [LS Main] Process spawned with PID: 390623
2026-04-19 18:16:07.192 [error] [LS Main stderr] I0419 18:16:07.174935 390623 server.go:1221] Starting language server process with pid 390623
I0419 18:16:07.175436 390623 server.go:295] Setting GOMAXPROCS to 4
I0419 18:16:07.177025 390623 server.go:441] Language server will attempt to listen on host 127.0.0.1
I0419 18:16:07.177387 390623 server.go:455] Language server listening on random port at 39783 for HTTPS (gRPC)
I0419 18:16:07.177449 390623 server.go:462] Language server listening on random port at 46137 for HTTP

2026-04-19 18:16:08.557 [error] No LS client info found for local authority
2026-04-19 18:16:09.270 [error] [LS Main stderr] I0419 18:16:09.269856 390623 server.go:434] Created extension server client at port 38381

2026-04-19 18:16:09.293 [error] [LS Main stderr] I0419 18:16:09.291757 390623 cascade_manager.go:772] Reactive state is disabled

2026-04-19 18:16:09.448 [info] [LS Main] LS started on port 39783
2026-04-19 18:16:09.458 [error] [LS Main stderr] I0419 18:16:09.451767 390623 server.go:1679] initialized server successfully in 2.276298971s

2026-04-19 18:16:11.341 [error] [LS Main stderr] I0419 18:16:11.341238 390623 http_helpers.go:123] URL: https://cloudcode-pa.googleapis.com/v1internal:loadCodeAssist Trace: 0xf2f43b71c85e47d4

2026-04-19 18:16:13.870 [error] [LS Main stderr] I0419 18:16:13.815146 390623 http_helpers.go:123] URL: https://cloudcode-pa.googleapis.com/v1internal:fetchAvailableModels Trace: 0xbbc8f249b710ef75

2026-04-19 18:16:20.342 [error] [LS Main stderr] I0419 18:16:20.342725 390623 http_helpers.go:123] URL: https://cloudcode-pa.googleapis.com/v1internal:loadCodeAssist Trace: 0x299dfddb9c45935f

2026-04-19 18:16:21.226 [error] [LS Main stderr] I0419 18:16:21.226484 390623 http_helpers.go:123] URL: https://cloudcode-pa.googleapis.com/v1internal:fetchAvailableModels Trace: 0xcdd4f1b58755f38e

2026-04-19 18:17:21.288 [error] [LS Main stderr] E0419 18:17:21.288427 390623 log.go:398] failed to check terminal shell support: internal: internal error

2026-04-19 18:17:21.320 [error] [LS Main stderr] I0419 18:17:21.320176 390623 planner_generator.go:283] Requesting planner with 5 chat messages at model retry attempt 1 and API retry attempt 1

2026-04-19 18:17:29.516 [error] [LS Main stderr] I0419 18:17:29.516068 390623 http_helpers.go:123] URL: https://cloudcode-pa.googleapis.com/v1internal:streamGenerateContent?alt=sse Trace: 0x8448209c81343932

2026-04-19 18:17:31.129 [error] [LS Main stderr] I0419 18:17:31.129600 390623 planner_generator.go:283] Requesting planner with 6 chat messages at model retry attempt 1 and API retry attempt 1

2026-04-19 18:17:33.071 [error] [LS Main stderr] I0419 18:17:33.070689 390623 http_helpers.go:123] URL: https://cloudcode-pa.googleapis.com/v1internal:streamGenerateContent?alt=sse Trace: 0x9d00053dabd4e96

2026-04-19 18:17:36.678 [error] [LS Main stderr] I0419 18:17:36.677733 390623 http_helpers.go:123] URL: https://cloudcode-pa.googleapis.com/v1internal:streamGenerateContent?alt=sse Trace: 0xf55eb9eb05e3ea88

2026-04-19 18:17:37.025 [error] [LS Main stderr] I0419 18:17:37.025210 390623 planner_generator.go:283] Requesting planner with 8 chat messages at model retry attempt 1 and API retry attempt 1

2026-04-19 18:17:40.383 [error] [LS Main stderr] I0419 18:17:40.383601 390623 planner_generator.go:318] Encountered retryable api error. retrying in 5s. Error (): RESOURCE_EXHAUSTED (code 429): You have exhausted your capacity on this model. Your quota will reset after 0s.: RESOURCE_EXHAUSTED (code 429): You have exhausted your capacity on this model. Your quota will reset after 0s.

2026-04-19 18:17:45.385 [error] [LS Main stderr] E0419 18:17:45.384752 390623 log.go:398] RESOURCE_EXHAUSTED (code 429): You have exhausted your capacity on this model. Your quota will reset after 0s.: RESOURCE_EXHAUSTED (code 429): You have exhausted your capacity on this model. Your quota will reset after 0s.

2026-04-19 18:17:45.387 [error] [LS Main stderr] I0419 18:17:45.386834 390623 planner_generator.go:283] Requesting planner with 9 chat messages at model retry attempt 1 and API retry attempt 2

2026-04-19 18:17:55.003 [error] [LS Main stderr] I0419 18:17:55.003047 390623 http_helpers.go:123] URL: https://cloudcode-pa.googleapis.com/v1internal:streamGenerateContent?alt=sse Trace: 0x90f428809ff4c646

2026-04-19 18:17:55.026 [error] [LS Main stderr] I0419 18:17:55.026553 390623 planner_generator.go:283] Requesting planner with 11 chat messages at model retry attempt 1 and API retry attempt 1

2026-04-19 18:18:02.109 [error] [LS Main stderr] I0419 18:18:02.109250 390623 http_helpers.go:123] URL: https://cloudcode-pa.googleapis.com/v1internal:streamGenerateContent?alt=sse Trace: 0xbc1a78c3edc6dc09

2026-04-19 18:18:05.029 [error] [LS Main stderr] W0419 18:18:05.029112 390623 browser_liveness_utils.go:67] Connecting to browser via CDP: http://127.0.0.1:9222

2026-04-19 18:18:05.251 [error] [LS Main stderr] I0419 18:18:05.251670 390623 secure_credentials.go:21] No extension worker available, skipping secure credentials setup

2026-04-19 18:18:05.259 [error] [LS Main stderr] E0419 18:18:05.259321 390623 log.go:398] failed DOM for browser ephemeral message: no browser session active
E0419 18:18:05.259424 390623 log.go:398] failed page view for browser ephemeral message: no browser session active

2026-04-19 18:18:05.260 [error] [LS Main stderr] I0419 18:18:05.260453 390623 planner_generator.go:283] Requesting planner with 2 chat messages at model retry attempt 1 and API retry attempt 1

2026-04-19 18:18:11.996 [error] [LS Main stderr] I0419 18:18:11.996223 390623 http_helpers.go:123] URL: https://cloudcode-pa.googleapis.com/v1internal:streamGenerateContent?alt=sse Trace: 0x91690e77a2b0813b

2026-04-19 18:18:12.005 [error] [LS Main stderr] E0419 18:18:12.005039 390623 log.go:398] failed page view for browser ephemeral message: no browser session active
E0419 18:18:12.005040 390623 log.go:398] failed DOM for browser ephemeral message: no browser session active

2026-04-19 18:18:12.006 [error] [LS Main stderr] I0419 18:18:12.006062 390623 planner_generator.go:283] Requesting planner with 4 chat messages at model retry attempt 1 and API retry attempt 1

2026-04-19 18:18:18.910 [error] [LS Main stderr] I0419 18:18:18.910573 390623 http_helpers.go:123] URL: https://cloudcode-pa.googleapis.com/v1internal:streamGenerateContent?alt=sse Trace: 0xc026de416b71b284

2026-04-19 18:18:19.761 [error] [LS Main stderr] E0419 18:18:19.761666 390623 log.go:398] error executing cascade step: CORTEX_STEP_TYPE_CODE_ACTION: Could not successfully apply any edits. Please review the file and try smaller edits that you are more confident about.: chunk 0: cannot have nonempty target content in empty file

2026-04-19 18:18:19.762 [error] [LS Main stderr] E0419 18:18:19.762528 390623 log.go:398] failed DOM for browser ephemeral message: no browser session active
E0419 18:18:19.762571 390623 log.go:398] failed page view for browser ephemeral message: no browser session active

2026-04-19 18:18:19.763 [error] [LS Main stderr] I0419 18:18:19.763601 390623 planner_generator.go:283] Requesting planner with 6 chat messages at model retry attempt 1 and API retry attempt 1

2026-04-19 18:18:24.866 [error] [LS Main stderr] I0419 18:18:24.866273 390623 http_helpers.go:123] URL: https://cloudcode-pa.googleapis.com/v1internal:streamGenerateContent?alt=sse Trace: 0x433fa1bb93862a02

2026-04-19 18:18:25.926 [error] [LS Main stderr] I0419 18:18:25.925823 390623 operator.go:870] Updating actuation overlay for page A205B6164984A8F1FA1D3694B1646B8D
I0419 18:18:25.925864 390623 operator.go:899] [overlay] Running JS: window.updateActuationOverlay({"cascadeId":"c9153f68-fa78-4c50-9152-f50915bb7c57","displayString":"Opening URL...","passthroughEnabled":false})

2026-04-19 18:18:25.927 [error] [LS Main stderr] I0419 18:18:25.927175 390623 operator.go:902] Actuation overlay not injected yet for page A205B6164984A8F1FA1D3694B1646B8D

2026-04-19 18:18:26.010 [error] [LS Main stderr] I0419 18:18:26.010511 390623 operator.go:870] Updating actuation overlay for page A205B6164984A8F1FA1D3694B1646B8D
I0419 18:18:26.010565 390623 operator.go:899] [overlay] Running JS: window.updateActuationOverlay({"cascadeId":"c9153f68-fa78-4c50-9152-f50915bb7c57","displayString":"Getting DOM...","passthroughEnabled":true})

2026-04-19 18:18:26.011 [error] [LS Main stderr] I0419 18:18:26.011507 390623 operator.go:870] Updating actuation overlay for page A205B6164984A8F1FA1D3694B1646B8D
I0419 18:18:26.011531 390623 operator.go:899] [overlay] Running JS: window.updateActuationOverlay({"capturingScreenshot":true})

2026-04-19 18:18:26.093 [error] [LS Main stderr] I0419 18:18:26.093365 390623 operator.go:870] Updating actuation overlay for page A205B6164984A8F1FA1D3694B1646B8D
I0419 18:18:26.093417 390623 operator.go:899] [overlay] Running JS: window.updateActuationOverlay({"cascadeId":"c9153f68-fa78-4c50-9152-f50915bb7c57","displayString":"Getting DOM...","passthroughEnabled":false})

2026-04-19 18:18:26.384 [error] [LS Main stderr] I0419 18:18:26.384203 390623 operator.go:870] Updating actuation overlay for page A205B6164984A8F1FA1D3694B1646B8D
I0419 18:18:26.384260 390623 operator.go:899] [overlay] Running JS: window.updateActuationOverlay({"capturingScreenshot":false})

2026-04-19 18:18:26.405 [error] [LS Main stderr] I0419 18:18:26.405528 390623 planner_generator.go:283] Requesting planner with 8 chat messages at model retry attempt 1 and API retry attempt 1

2026-04-19 18:18:30.177 [error] [LS Main stderr] I0419 18:18:30.177216 390623 http_helpers.go:123] URL: https://cloudcode-pa.googleapis.com/v1internal:streamGenerateContent?alt=sse Trace: 0xdde4a768650dee16

2026-04-19 18:18:32.569 [error] [LS Main stderr] I0419 18:18:32.568794 390623 operator.go:870] Updating actuation overlay for page A205B6164984A8F1FA1D3694B1646B8D
I0419 18:18:32.568840 390623 operator.go:899] [overlay] Running JS: window.updateActuationOverlay({"cascadeId":"c9153f68-fa78-4c50-9152-f50915bb7c57","displayString":"Getting console logs...","passthroughEnabled":true})

2026-04-19 18:18:32.575 [error] [LS Main stderr] I0419 18:18:32.575597 390623 operator.go:870] Updating actuation overlay for page A205B6164984A8F1FA1D3694B1646B8D
I0419 18:18:32.575628 390623 operator.go:899] [overlay] Running JS: window.updateActuationOverlay({"cascadeId":"c9153f68-fa78-4c50-9152-f50915bb7c57","displayString":"Getting console logs...","passthroughEnabled":false})

2026-04-19 18:18:32.584 [error] [LS Main stderr] I0419 18:18:32.583813 390623 operator.go:870] Updating actuation overlay for page A205B6164984A8F1FA1D3694B1646B8D
I0419 18:18:32.583859 390623 operator.go:899] [overlay] Running JS: window.updateActuationOverlay({"cascadeId":"c9153f68-fa78-4c50-9152-f50915bb7c57","displayString":"Getting DOM...","passthroughEnabled":true})

2026-04-19 18:18:32.584 [error] [LS Main stderr] I0419 18:18:32.584311 390623 operator.go:870] Updating actuation overlay for page A205B6164984A8F1FA1D3694B1646B8D
I0419 18:18:32.584338 390623 operator.go:899] [overlay] Running JS: window.updateActuationOverlay({"capturingScreenshot":true})

2026-04-19 18:18:32.781 [error] [LS Main stderr] I0419 18:18:32.781465 390623 operator.go:870] Updating actuation overlay for page A205B6164984A8F1FA1D3694B1646B8D
I0419 18:18:32.781515 390623 operator.go:899] [overlay] Running JS: window.updateActuationOverlay({"cascadeId":"c9153f68-fa78-4c50-9152-f50915bb7c57","displayString":"Getting DOM...","passthroughEnabled":false})

2026-04-19 18:18:32.842 [error] [LS Main stderr] I0419 18:18:32.842650 390623 operator.go:870] Updating actuation overlay for page A205B6164984A8F1FA1D3694B1646B8D
I0419 18:18:32.842693 390623 operator.go:899] [overlay] Running JS: window.updateActuationOverlay({"capturingScreenshot":false})

2026-04-19 18:18:32.846 [error] [LS Main stderr] I0419 18:18:32.845960 390623 planner_generator.go:283] Requesting planner with 11 chat messages at model retry attempt 1 and API retry attempt 1

2026-04-19 18:18:38.665 [error] [LS Main stderr] I0419 18:18:38.665440 390623 http_helpers.go:123] URL: https://cloudcode-pa.googleapis.com/v1internal:streamGenerateContent?alt=sse Trace: 0xc0436d95b4305cf0

2026-04-19 18:18:39.370 [error] [LS Main stderr] I0419 18:18:39.370290 390623 operator.go:870] Updating actuation overlay for page A205B6164984A8F1FA1D3694B1646B8D
I0419 18:18:39.370320 390623 operator.go:899] [overlay] Running JS: window.updateActuationOverlay({"cascadeId":"c9153f68-fa78-4c50-9152-f50915bb7c57","displayString":"Clicking...","passthroughEnabled":true})

2026-04-19 18:18:39.372 [error] [LS Main stderr] I0419 18:18:39.372128 390623 operator.go:870] Updating actuation overlay for page A205B6164984A8F1FA1D3694B1646B8D
I0419 18:18:39.372159 390623 operator.go:899] [overlay] Running JS: window.updateActuationOverlay({"capturingScreenshot":true})

2026-04-19 18:18:39.576 [error] [LS Main stderr] I0419 18:18:39.576312 390623 operator.go:870] Updating actuation overlay for page A205B6164984A8F1FA1D3694B1646B8D
I0419 18:18:39.576351 390623 operator.go:899] [overlay] Running JS: window.updateActuationOverlay({"capturingScreenshot":false})

2026-04-19 18:18:40.959 [error] [LS Main stderr] I0419 18:18:40.958783 390623 operator.go:870] Updating actuation overlay for page A205B6164984A8F1FA1D3694B1646B8D
I0419 18:18:40.958837 390623 operator.go:899] [overlay] Running JS: window.updateActuationOverlay({"cascadeId":"c9153f68-fa78-4c50-9152-f50915bb7c57","displayString":"Clicking...","passthroughEnabled":false})

2026-04-19 18:18:40.978 [error] [LS Main stderr] I0419 18:18:40.978289 390623 operator.go:870] Updating actuation overlay for page A205B6164984A8F1FA1D3694B1646B8D
I0419 18:18:40.978338 390623 operator.go:899] [overlay] Running JS: window.updateActuationOverlay({"cascadeId":"c9153f68-fa78-4c50-9152-f50915bb7c57","displayString":"Getting DOM...","passthroughEnabled":true})

2026-04-19 18:18:40.978 [error] [LS Main stderr] I0419 18:18:40.978760 390623 operator.go:870] Updating actuation overlay for page A205B6164984A8F1FA1D3694B1646B8D
I0419 18:18:40.978787 390623 operator.go:899] [overlay] Running JS: window.updateActuationOverlay({"capturingScreenshot":true})

2026-04-19 18:18:41.228 [error] [LS Main stderr] I0419 18:18:41.228651 390623 operator.go:870] Updating actuation overlay for page A205B6164984A8F1FA1D3694B1646B8D
I0419 18:18:41.228690 390623 operator.go:899] [overlay] Running JS: window.updateActuationOverlay({"cascadeId":"c9153f68-fa78-4c50-9152-f50915bb7c57","displayString":"Getting DOM...","passthroughEnabled":false})

2026-04-19 18:18:41.311 [error] [LS Main stderr] I0419 18:18:41.311591 390623 operator.go:870] Updating actuation overlay for page A205B6164984A8F1FA1D3694B1646B8D
I0419 18:18:41.311636 390623 operator.go:899] [overlay] Running JS: window.updateActuationOverlay({"capturingScreenshot":false})

2026-04-19 18:18:41.324 [error] [LS Main stderr] I0419 18:18:41.324282 390623 planner_generator.go:283] Requesting planner with 13 chat messages at model retry attempt 1 and API retry attempt 1

2026-04-19 18:18:45.484 [error] [LS Main stderr] I0419 18:18:45.484432 390623 http_helpers.go:123] URL: https://cloudcode-pa.googleapis.com/v1internal:streamGenerateContent?alt=sse Trace: 0x64178d4c76cacc62

2026-04-19 18:18:45.859 [error] [LS Main stderr] I0419 18:18:45.858819 390623 operator.go:870] Updating actuation overlay for page A205B6164984A8F1FA1D3694B1646B8D
I0419 18:18:45.858853 390623 operator.go:899] [overlay] Running JS: window.updateActuationOverlay({"cascadeId":"c9153f68-fa78-4c50-9152-f50915bb7c57","displayString":"Clicking...","passthroughEnabled":true})

2026-04-19 18:18:45.862 [error] [LS Main stderr] I0419 18:18:45.861961 390623 operator.go:870] Updating actuation overlay for page A205B6164984A8F1FA1D3694B1646B8D
I0419 18:18:45.861994 390623 operator.go:899] [overlay] Running JS: window.updateActuationOverlay({"capturingScreenshot":true})

2026-04-19 18:18:46.098 [error] [LS Main stderr] I0419 18:18:46.098030 390623 operator.go:870] Updating actuation overlay for page A205B6164984A8F1FA1D3694B1646B8D
I0419 18:18:46.098066 390623 operator.go:899] [overlay] Running JS: window.updateActuationOverlay({"capturingScreenshot":false})

2026-04-19 18:18:47.315 [error] [LS Main stderr] I0419 18:18:47.315461 390623 operator.go:870] Updating actuation overlay for page A205B6164984A8F1FA1D3694B1646B8D
I0419 18:18:47.315509 390623 operator.go:899] [overlay] Running JS: window.updateActuationOverlay({"cascadeId":"c9153f68-fa78-4c50-9152-f50915bb7c57","displayString":"Clicking...","passthroughEnabled":false})

2026-04-19 18:18:47.332 [error] [LS Main stderr] I0419 18:18:47.332252 390623 operator.go:870] Updating actuation overlay for page A205B6164984A8F1FA1D3694B1646B8D
I0419 18:18:47.332290 390623 operator.go:899] [overlay] Running JS: window.updateActuationOverlay({"cascadeId":"c9153f68-fa78-4c50-9152-f50915bb7c57","displayString":"Getting DOM...","passthroughEnabled":true})

2026-04-19 18:18:47.332 [error] [LS Main stderr] I0419 18:18:47.332720 390623 operator.go:870] Updating actuation overlay for page A205B6164984A8F1FA1D3694B1646B8D
I0419 18:18:47.332741 390623 operator.go:899] [overlay] Running JS: window.updateActuationOverlay({"capturingScreenshot":true})

2026-04-19 18:18:47.391 [error] [LS Main stderr] I0419 18:18:47.391138 390623 operator.go:870] Updating actuation overlay for page A205B6164984A8F1FA1D3694B1646B8D
I0419 18:18:47.391183 390623 operator.go:899] [overlay] Running JS: window.updateActuationOverlay({"cascadeId":"c9153f68-fa78-4c50-9152-f50915bb7c57","displayString":"Getting DOM...","passthroughEnabled":false})

2026-04-19 18:18:47.606 [error] [LS Main stderr] I0419 18:18:47.606510 390623 operator.go:870] Updating actuation overlay for page A205B6164984A8F1FA1D3694B1646B8D
I0419 18:18:47.606557 390623 operator.go:899] [overlay] Running JS: window.updateActuationOverlay({"capturingScreenshot":false})

2026-04-19 18:18:47.616 [error] [LS Main stderr] I0419 18:18:47.616495 390623 planner_generator.go:283] Requesting planner with 15 chat messages at model retry attempt 1 and API retry attempt 1

2026-04-19 18:18:51.990 [error] [LS Main stderr] I0419 18:18:51.990634 390623 http_helpers.go:123] URL: https://cloudcode-pa.googleapis.com/v1internal:streamGenerateContent?alt=sse Trace: 0x4487e2615d5847c8

2026-04-19 18:18:52.507 [error] [LS Main stderr] I0419 18:18:52.507492 390623 operator.go:870] Updating actuation overlay for page A205B6164984A8F1FA1D3694B1646B8D
I0419 18:18:52.507527 390623 operator.go:899] [overlay] Running JS: window.updateActuationOverlay({"cascadeId":"c9153f68-fa78-4c50-9152-f50915bb7c57","displayString":"Clicking...","passthroughEnabled":true})

2026-04-19 18:18:52.509 [error] [LS Main stderr] I0419 18:18:52.509195 390623 operator.go:870] Updating actuation overlay for page A205B6164984A8F1FA1D3694B1646B8D
I0419 18:18:52.509221 390623 operator.go:899] [overlay] Running JS: window.updateActuationOverlay({"capturingScreenshot":true})

2026-04-19 18:18:52.742 [error] [LS Main stderr] I0419 18:18:52.742447 390623 operator.go:870] Updating actuation overlay for page A205B6164984A8F1FA1D3694B1646B8D
I0419 18:18:52.742487 390623 operator.go:899] [overlay] Running JS: window.updateActuationOverlay({"capturingScreenshot":false})

2026-04-19 18:18:54.144 [error] [LS Main stderr] I0419 18:18:54.144239 390623 operator.go:870] Updating actuation overlay for page A205B6164984A8F1FA1D3694B1646B8D
I0419 18:18:54.144293 390623 operator.go:899] [overlay] Running JS: window.updateActuationOverlay({"cascadeId":"c9153f68-fa78-4c50-9152-f50915bb7c57","displayString":"Clicking...","passthroughEnabled":false})

2026-04-19 18:18:54.173 [error] [LS Main stderr] I0419 18:18:54.173551 390623 operator.go:870] Updating actuation overlay for page A205B6164984A8F1FA1D3694B1646B8D
I0419 18:18:54.173586 390623 operator.go:899] [overlay] Running JS: window.updateActuationOverlay({"cascadeId":"c9153f68-fa78-4c50-9152-f50915bb7c57","displayString":"Clicking...","passthroughEnabled":true})

2026-04-19 18:18:54.175 [error] [LS Main stderr] I0419 18:18:54.175275 390623 operator.go:870] Updating actuation overlay for page A205B6164984A8F1FA1D3694B1646B8D
I0419 18:18:54.175299 390623 operator.go:899] [overlay] Running JS: window.updateActuationOverlay({"capturingScreenshot":true})

2026-04-19 18:18:54.432 [error] [LS Main stderr] I0419 18:18:54.432364 390623 operator.go:870] Updating actuation overlay for page A205B6164984A8F1FA1D3694B1646B8D
I0419 18:18:54.432402 390623 operator.go:899] [overlay] Running JS: window.updateActuationOverlay({"capturingScreenshot":false})

2026-04-19 18:18:55.624 [error] [LS Main stderr] I0419 18:18:55.623898 390623 operator.go:870] Updating actuation overlay for page A205B6164984A8F1FA1D3694B1646B8D
I0419 18:18:55.623947 390623 operator.go:899] [overlay] Running JS: window.updateActuationOverlay({"cascadeId":"c9153f68-fa78-4c50-9152-f50915bb7c57","displayString":"Clicking...","passthroughEnabled":false})

2026-04-19 18:18:55.631 [error] [LS Main stderr] I0419 18:18:55.631627 390623 operator.go:870] Updating actuation overlay for page A205B6164984A8F1FA1D3694B1646B8D
I0419 18:18:55.631675 390623 operator.go:899] [overlay] Running JS: window.updateActuationOverlay({"cascadeId":"c9153f68-fa78-4c50-9152-f50915bb7c57","displayString":"Getting DOM...","passthroughEnabled":true})

2026-04-19 18:18:55.632 [error] [LS Main stderr] I0419 18:18:55.632076 390623 operator.go:870] Updating actuation overlay for page A205B6164984A8F1FA1D3694B1646B8D
I0419 18:18:55.632096 390623 operator.go:899] [overlay] Running JS: window.updateActuationOverlay({"capturingScreenshot":true})

2026-04-19 18:18:55.731 [error] [LS Main stderr] I0419 18:18:55.731621 390623 operator.go:870] Updating actuation overlay for page A205B6164984A8F1FA1D3694B1646B8D
I0419 18:18:55.731697 390623 operator.go:899] [overlay] Running JS: window.updateActuationOverlay({"cascadeId":"c9153f68-fa78-4c50-9152-f50915bb7c57","displayString":"Getting DOM...","passthroughEnabled":false})

2026-04-19 18:18:56.236 [error] [LS Main stderr] I0419 18:18:56.236731 390623 operator.go:870] Updating actuation overlay for page A205B6164984A8F1FA1D3694B1646B8D
I0419 18:18:56.236785 390623 operator.go:899] [overlay] Running JS: window.updateActuationOverlay({"capturingScreenshot":false})

2026-04-19 18:18:56.250 [error] [LS Main stderr] I0419 18:18:56.250216 390623 planner_generator.go:283] Requesting planner with 18 chat messages at model retry attempt 1 and API retry attempt 1

2026-04-19 18:19:01.040 [error] [LS Main stderr] E0419 18:19:01.039869 390623 log.go:398] failed to check terminal shell support: internal: internal error

2026-04-19 18:19:01.841 [error] [LS Main stderr] I0419 18:19:01.841268 390623 http_helpers.go:123] URL: https://cloudcode-pa.googleapis.com/v1internal:streamGenerateContent?alt=sse Trace: 0xcbb7fc9788169533

2026-04-19 18:19:05.155 [error] [LS Main stderr] E0419 18:19:05.154884 390623 log.go:398] error executing cascade step: CORTEX_STEP_TYPE_CODE_ACTION: Could not successfully apply any edits. Please review the file and try smaller edits that you are more confident about.: chunk 0: cannot have nonempty target content in empty file

2026-04-19 18:19:05.155 [error] [LS Main stderr] I0419 18:19:05.155672 390623 operator.go:870] Updating actuation overlay for page A205B6164984A8F1FA1D3694B1646B8D
I0419 18:19:05.155705 390623 operator.go:899] [overlay] Running JS: window.updateActuationOverlay({"cascadeId":"c9153f68-fa78-4c50-9152-f50915bb7c57","displayString":"Getting DOM...","passthroughEnabled":true})

2026-04-19 18:19:05.161 [error] [LS Main stderr] I0419 18:19:05.160868 390623 operator.go:870] Updating actuation overlay for page A205B6164984A8F1FA1D3694B1646B8D
I0419 18:19:05.160901 390623 operator.go:899] [overlay] Running JS: window.updateActuationOverlay({"capturingScreenshot":true})

2026-04-19 18:19:05.230 [error] [LS Main stderr] I0419 18:19:05.229938 390623 operator.go:870] Updating actuation overlay for page A205B6164984A8F1FA1D3694B1646B8D
I0419 18:19:05.229986 390623 operator.go:899] [overlay] Running JS: window.updateActuationOverlay({"cascadeId":"c9153f68-fa78-4c50-9152-f50915bb7c57","displayString":"Getting DOM...","passthroughEnabled":false})

2026-04-19 18:19:05.385 [error] [LS Main stderr] I0419 18:19:05.384789 390623 operator.go:870] Updating actuation overlay for page A205B6164984A8F1FA1D3694B1646B8D
I0419 18:19:05.384831 390623 operator.go:899] [overlay] Running JS: window.updateActuationOverlay({"capturingScreenshot":false})

2026-04-19 18:19:05.400 [error] [LS Main stderr] I0419 18:19:05.400011 390623 planner_generator.go:283] Requesting planner with 20 chat messages at model retry attempt 1 and API retry attempt 1

2026-04-19 18:19:15.821 [error] [LS Main stderr] I0419 18:19:15.821460 390623 http_helpers.go:123] URL: https://cloudcode-pa.googleapis.com/v1internal:streamGenerateContent?alt=sse Trace: 0xd773d73279037970

2026-04-19 18:19:17.825 [error] [LS Main stderr] I0419 18:19:17.825668 390623 operator.go:870] Updating actuation overlay for page A205B6164984A8F1FA1D3694B1646B8D
I0419 18:19:17.825714 390623 operator.go:899] [overlay] Running JS: window.updateActuationOverlay({"cascadeId":"c9153f68-fa78-4c50-9152-f50915bb7c57","displayString":"Executing JavaScript...","passthroughEnabled":true})

2026-04-19 18:19:17.830 [error] [LS Main stderr] I0419 18:19:17.829878 390623 operator.go:870] Updating actuation overlay for page A205B6164984A8F1FA1D3694B1646B8D
I0419 18:19:17.829924 390623 operator.go:899] [overlay] Running JS: window.updateActuationOverlay({"cascadeId":"c9153f68-fa78-4c50-9152-f50915bb7c57","displayString":"Executing JavaScript...","passthroughEnabled":false})

2026-04-19 18:19:17.949 [error] [LS Main stderr] I0419 18:19:17.948580 390623 operator.go:902] Actuation overlay not injected yet for page A205B6164984A8F1FA1D3694B1646B8D

2026-04-19 18:19:17.974 [error] [LS Main stderr] E0419 18:19:17.973766 390623 operator.go:905] Failed to inject actuation overlay for page A205B6164984A8F1FA1D3694B1646B8D: evaluate in isolated world: cdp.Runtime: Evaluate: rpc error: Cannot find context with specified id (code = -32000)
(1) attached stack trace
  -- stack trace:
  | google3/third_party/jetski/language_server/browser/browserabstractions/browserabstractions.(*BrowserPage).EvaluateInIsolatedWorld
  | 	third_party/jetski/language_server/browser/browserabstractions/browser_page.go:323
  | google3/third_party/jetski/language_server/browser/browser.(*Operator).AddActuationOverlay
  | 	third_party/jetski/language_server/browser/operator.go:903
  | google3/third_party/jetski/cortex/handlers/handlers.(*CommonBrowserHandler[...]).handleInternal
  | 	third_party/jetski/cortex/handlers/common_browser_handler.go:233
  | google3/third_party/jetski/cortex/handlers/handlers.(*CommonBrowserHandler[...]).Handle
  | 	third_party/jetski/cortex/handlers/common_browser_handler.go:131
  | google3/third_party/gemini_coder/framework/executor/executor.(*Executor).handleStep
  | 	third_party/gemini_coder/framework/executor/executor.go:192
  | google3/third_party/gemini_coder/framework/executor/executor.(*ExecutionWrapper).asyncHandleStep.func1
  | 	third_party/gemini_coder/framework/executor/execution_wrapper.go:289
  | runtime.goexit
  | 	third_party/go/gc/src/runtime/asm_amd64.s:1774
Wraps: (2) evaluate in isolated world
Wraps: (3) cdp.Runtime: Evaluate
Wraps: (4) rpc error: Cannot find context with specified id (code = -32000)
Error types: (1) *withstack.withStack (2) *errutil.withPrefix (3) *internal.OpError (4) *rpcc.ResponseError

2026-04-19 18:19:17.995 [error] [LS Main stderr] I0419 18:19:17.994925 390623 operator.go:870] Updating actuation overlay for page A205B6164984A8F1FA1D3694B1646B8D
I0419 18:19:17.994981 390623 operator.go:899] [overlay] Running JS: window.updateActuationOverlay({"cascadeId":"c9153f68-fa78-4c50-9152-f50915bb7c57","displayString":"Getting DOM...","passthroughEnabled":true})

2026-04-19 18:19:17.998 [error] [LS Main stderr] I0419 18:19:17.998059 390623 operator.go:870] Updating actuation overlay for page A205B6164984A8F1FA1D3694B1646B8D
I0419 18:19:17.998119 390623 operator.go:899] [overlay] Running JS: window.updateActuationOverlay({"capturingScreenshot":true})
I0419 18:19:17.998143 390623 operator.go:902] Actuation overlay not injected yet for page A205B6164984A8F1FA1D3694B1646B8D

2026-04-19 18:19:18.000 [error] [LS Main stderr] I0419 18:19:17.999847 390623 operator.go:902] Actuation overlay not injected yet for page A205B6164984A8F1FA1D3694B1646B8D

2026-04-19 18:19:18.156 [error] [LS Main stderr] I0419 18:19:18.156572 390623 operator.go:870] Updating actuation overlay for page A205B6164984A8F1FA1D3694B1646B8D
I0419 18:19:18.156613 390623 operator.go:899] [overlay] Running JS: window.updateActuationOverlay({"cascadeId":"c9153f68-fa78-4c50-9152-f50915bb7c57","displayString":"Getting DOM...","passthroughEnabled":false})

2026-04-19 18:19:18.363 [error] [LS Main stderr] I0419 18:19:18.363350 390623 operator.go:870] Updating actuation overlay for page A205B6164984A8F1FA1D3694B1646B8D
I0419 18:19:18.363406 390623 operator.go:899] [overlay] Running JS: window.updateActuationOverlay({"capturingScreenshot":false})

2026-04-19 18:19:18.370 [error] [LS Main stderr] I0419 18:19:18.370370 390623 planner_generator.go:283] Requesting planner with 22 chat messages at model retry attempt 1 and API retry attempt 1

2026-04-19 18:19:23.093 [error] [LS Main stderr] I0419 18:19:23.092691 390623 http_helpers.go:123] URL: https://cloudcode-pa.googleapis.com/v1internal:streamGenerateContent?alt=sse Trace: 0x6ec96fda6c2f866

2026-04-19 18:19:26.466 [error] [LS Main stderr] I0419 18:19:26.465746 390623 operator.go:870] Updating actuation overlay for page A205B6164984A8F1FA1D3694B1646B8D
I0419 18:19:26.465784 390623 operator.go:899] [overlay] Running JS: window.updateActuationOverlay({"cascadeId":"c9153f68-fa78-4c50-9152-f50915bb7c57","displayString":"Getting console logs...","passthroughEnabled":true})

2026-04-19 18:19:26.477 [error] [LS Main stderr] I0419 18:19:26.477555 390623 operator.go:870] Updating actuation overlay for page A205B6164984A8F1FA1D3694B1646B8D
I0419 18:19:26.477588 390623 operator.go:899] [overlay] Running JS: window.updateActuationOverlay({"cascadeId":"c9153f68-fa78-4c50-9152-f50915bb7c57","displayString":"Getting console logs...","passthroughEnabled":false})

2026-04-19 18:19:26.486 [error] [LS Main stderr] I0419 18:19:26.486051 390623 operator.go:870] Updating actuation overlay for page A205B6164984A8F1FA1D3694B1646B8D
I0419 18:19:26.486084 390623 operator.go:899] [overlay] Running JS: window.updateActuationOverlay({"cascadeId":"c9153f68-fa78-4c50-9152-f50915bb7c57","displayString":"Getting DOM...","passthroughEnabled":true})

2026-04-19 18:19:26.486 [error] [LS Main stderr] I0419 18:19:26.486471 390623 operator.go:870] Updating actuation overlay for page A205B6164984A8F1FA1D3694B1646B8D
I0419 18:19:26.486495 390623 operator.go:899] [overlay] Running JS: window.updateActuationOverlay({"capturingScreenshot":true})

2026-04-19 18:19:26.547 [error] [LS Main stderr] I0419 18:19:26.547416 390623 operator.go:870] Updating actuation overlay for page A205B6164984A8F1FA1D3694B1646B8D
I0419 18:19:26.547464 390623 operator.go:899] [overlay] Running JS: window.updateActuationOverlay({"cascadeId":"c9153f68-fa78-4c50-9152-f50915bb7c57","displayString":"Getting DOM...","passthroughEnabled":false})

2026-04-19 18:19:26.709 [error] [LS Main stderr] I0419 18:19:26.709682 390623 operator.go:870] Updating actuation overlay for page A205B6164984A8F1FA1D3694B1646B8D
I0419 18:19:26.709718 390623 operator.go:899] [overlay] Running JS: window.updateActuationOverlay({"capturingScreenshot":false})

2026-04-19 18:19:26.721 [error] [LS Main stderr] I0419 18:19:26.721590 390623 planner_generator.go:283] Requesting planner with 25 chat messages at model retry attempt 1 and API retry attempt 1

2026-04-19 18:19:32.043 [error] [LS Main stderr] I0419 18:19:32.043592 390623 http_helpers.go:123] URL: https://cloudcode-pa.googleapis.com/v1internal:streamGenerateContent?alt=sse Trace: 0x1b9fa22a1d9e6f7f

2026-04-19 18:19:32.067 [error] [LS Main stderr] I0419 18:19:32.067450 390623 operator.go:870] Updating actuation overlay for page A205B6164984A8F1FA1D3694B1646B8D
I0419 18:19:32.067501 390623 operator.go:899] [overlay] Running JS: window.updateActuationOverlay({"cascadeId":"c9153f68-fa78-4c50-9152-f50915bb7c57","displayString":"Clicking...","passthroughEnabled":true})

2026-04-19 18:19:32.070 [error] [LS Main stderr] I0419 18:19:32.069951 390623 operator.go:870] Updating actuation overlay for page A205B6164984A8F1FA1D3694B1646B8D
I0419 18:19:32.069985 390623 operator.go:899] [overlay] Running JS: window.updateActuationOverlay({"capturingScreenshot":true})

2026-04-19 18:19:32.273 [error] [LS Main stderr] I0419 18:19:32.273604 390623 operator.go:870] Updating actuation overlay for page A205B6164984A8F1FA1D3694B1646B8D
I0419 18:19:32.273662 390623 operator.go:899] [overlay] Running JS: window.updateActuationOverlay({"capturingScreenshot":false})

2026-04-19 18:19:33.478 [error] [LS Main stderr] I0419 18:19:33.478337 390623 operator.go:870] Updating actuation overlay for page A205B6164984A8F1FA1D3694B1646B8D
I0419 18:19:33.478376 390623 operator.go:899] [overlay] Running JS: window.updateActuationOverlay({"cascadeId":"c9153f68-fa78-4c50-9152-f50915bb7c57","displayString":"Clicking...","passthroughEnabled":false})

2026-04-19 18:19:33.517 [error] [LS Main stderr] I0419 18:19:33.516881 390623 operator.go:870] Updating actuation overlay for page A205B6164984A8F1FA1D3694B1646B8D
I0419 18:19:33.516935 390623 operator.go:899] [overlay] Running JS: window.updateActuationOverlay({"cascadeId":"c9153f68-fa78-4c50-9152-f50915bb7c57","displayString":"Getting DOM...","passthroughEnabled":true})

2026-04-19 18:19:33.517 [error] [LS Main stderr] I0419 18:19:33.517378 390623 operator.go:870] Updating actuation overlay for page A205B6164984A8F1FA1D3694B1646B8D
I0419 18:19:33.517398 390623 operator.go:899] [overlay] Running JS: window.updateActuationOverlay({"capturingScreenshot":true})

2026-04-19 18:19:33.632 [error] [LS Main stderr] I0419 18:19:33.632612 390623 operator.go:870] Updating actuation overlay for page A205B6164984A8F1FA1D3694B1646B8D
I0419 18:19:33.632646 390623 operator.go:899] [overlay] Running JS: window.updateActuationOverlay({"cascadeId":"c9153f68-fa78-4c50-9152-f50915bb7c57","displayString":"Getting DOM...","passthroughEnabled":false})

2026-04-19 18:19:33.720 [error] [LS Main stderr] I0419 18:19:33.720123 390623 operator.go:870] Updating actuation overlay for page A205B6164984A8F1FA1D3694B1646B8D
I0419 18:19:33.720172 390623 operator.go:899] [overlay] Running JS: window.updateActuationOverlay({"capturingScreenshot":false})

2026-04-19 18:19:33.725 [error] [LS Main stderr] I0419 18:19:33.725413 390623 planner_generator.go:283] Requesting planner with 27 chat messages at model retry attempt 1 and API retry attempt 1

2026-04-19 18:19:37.973 [error] [LS Main stderr] I0419 18:19:37.973493 390623 http_helpers.go:123] URL: https://cloudcode-pa.googleapis.com/v1internal:streamGenerateContent?alt=sse Trace: 0xb64ddd3561ec0811

2026-04-19 18:19:41.419 [error] [LS Main stderr] I0419 18:19:41.419024 390623 operator.go:870] Updating actuation overlay for page A205B6164984A8F1FA1D3694B1646B8D
I0419 18:19:41.419077 390623 operator.go:899] [overlay] Running JS: window.updateActuationOverlay({"cascadeId":"c9153f68-fa78-4c50-9152-f50915bb7c57","displayString":"Getting DOM...","passthroughEnabled":true})

2026-04-19 18:19:41.419 [error] [LS Main stderr] I0419 18:19:41.419483 390623 operator.go:870] Updating actuation overlay for page A205B6164984A8F1FA1D3694B1646B8D
I0419 18:19:41.419503 390623 operator.go:899] [overlay] Running JS: window.updateActuationOverlay({"capturingScreenshot":true})

2026-04-19 18:19:41.532 [error] [LS Main stderr] I0419 18:19:41.532689 390623 operator.go:870] Updating actuation overlay for page A205B6164984A8F1FA1D3694B1646B8D
I0419 18:19:41.532724 390623 operator.go:899] [overlay] Running JS: window.updateActuationOverlay({"cascadeId":"c9153f68-fa78-4c50-9152-f50915bb7c57","displayString":"Getting DOM...","passthroughEnabled":false})

2026-04-19 18:19:41.626 [error] [LS Main stderr] I0419 18:19:41.625980 390623 operator.go:870] Updating actuation overlay for page A205B6164984A8F1FA1D3694B1646B8D
I0419 18:19:41.626017 390623 operator.go:899] [overlay] Running JS: window.updateActuationOverlay({"capturingScreenshot":false})

2026-04-19 18:19:41.631 [error] [LS Main stderr] I0419 18:19:41.631396 390623 planner_generator.go:283] Requesting planner with 29 chat messages at model retry attempt 1 and API retry attempt 1

2026-04-19 18:19:46.426 [error] [LS Main stderr] I0419 18:19:46.425752 390623 http_helpers.go:123] URL: https://cloudcode-pa.googleapis.com/v1internal:streamGenerateContent?alt=sse Trace: 0x4b535f0218d7d5b

2026-04-19 18:19:46.937 [error] [LS Main stderr] I0419 18:19:46.937388 390623 operator.go:870] Updating actuation overlay for page A205B6164984A8F1FA1D3694B1646B8D
I0419 18:19:46.937417 390623 operator.go:899] [overlay] Running JS: window.updateActuationOverlay({"cascadeId":"c9153f68-fa78-4c50-9152-f50915bb7c57","displayString":"Clicking...","passthroughEnabled":true})

2026-04-19 18:19:46.939 [error] [LS Main stderr] I0419 18:19:46.938943 390623 operator.go:870] Updating actuation overlay for page A205B6164984A8F1FA1D3694B1646B8D
I0419 18:19:46.938967 390623 operator.go:899] [overlay] Running JS: window.updateActuationOverlay({"capturingScreenshot":true})

2026-04-19 18:19:47.132 [error] [LS Main stderr] I0419 18:19:47.131920 390623 operator.go:870] Updating actuation overlay for page A205B6164984A8F1FA1D3694B1646B8D
I0419 18:19:47.131965 390623 operator.go:899] [overlay] Running JS: window.updateActuationOverlay({"capturingScreenshot":false})

2026-04-19 18:19:48.307 [error] [LS Main stderr] I0419 18:19:48.306984 390623 operator.go:870] Updating actuation overlay for page A205B6164984A8F1FA1D3694B1646B8D
I0419 18:19:48.307023 390623 operator.go:899] [overlay] Running JS: window.updateActuationOverlay({"cascadeId":"c9153f68-fa78-4c50-9152-f50915bb7c57","displayString":"Clicking...","passthroughEnabled":false})

2026-04-19 18:19:48.314 [error] [LS Main stderr] I0419 18:19:48.314708 390623 operator.go:870] Updating actuation overlay for page A205B6164984A8F1FA1D3694B1646B8D
I0419 18:19:48.314740 390623 operator.go:899] [overlay] Running JS: window.updateActuationOverlay({"cascadeId":"c9153f68-fa78-4c50-9152-f50915bb7c57","displayString":"Getting DOM...","passthroughEnabled":true})

2026-04-19 18:19:48.319 [error] [LS Main stderr] I0419 18:19:48.319081 390623 operator.go:870] Updating actuation overlay for page A205B6164984A8F1FA1D3694B1646B8D
I0419 18:19:48.319109 390623 operator.go:899] [overlay] Running JS: window.updateActuationOverlay({"capturingScreenshot":true})

2026-04-19 18:19:48.425 [error] [LS Main stderr] I0419 18:19:48.425394 390623 operator.go:870] Updating actuation overlay for page A205B6164984A8F1FA1D3694B1646B8D
I0419 18:19:48.425440 390623 operator.go:899] [overlay] Running JS: window.updateActuationOverlay({"cascadeId":"c9153f68-fa78-4c50-9152-f50915bb7c57","displayString":"Getting DOM...","passthroughEnabled":false})

2026-04-19 18:19:48.530 [error] [LS Main stderr] I0419 18:19:48.529803 390623 operator.go:870] Updating actuation overlay for page A205B6164984A8F1FA1D3694B1646B8D
I0419 18:19:48.529838 390623 operator.go:899] [overlay] Running JS: window.updateActuationOverlay({"capturingScreenshot":false})

2026-04-19 18:19:48.536 [error] [LS Main stderr] I0419 18:19:48.535975 390623 planner_generator.go:283] Requesting planner with 31 chat messages at model retry attempt 1 and API retry attempt 1

2026-04-19 18:19:53.883 [error] [LS Main stderr] I0419 18:19:53.883761 390623 http_helpers.go:123] URL: https://cloudcode-pa.googleapis.com/v1internal:streamGenerateContent?alt=sse Trace: 0xa76ff632179ae61a

2026-04-19 18:19:53.899 [error] [LS Main stderr] I0419 18:19:53.899005 390623 operator.go:870] Updating actuation overlay for page A205B6164984A8F1FA1D3694B1646B8D
I0419 18:19:53.899056 390623 operator.go:899] [overlay] Running JS: window.updateActuationOverlay({"cascadeId":"c9153f68-fa78-4c50-9152-f50915bb7c57","displayString":"Clicking...","passthroughEnabled":true})

2026-04-19 18:19:53.900 [error] [LS Main stderr] I0419 18:19:53.900746 390623 operator.go:870] Updating actuation overlay for page A205B6164984A8F1FA1D3694B1646B8D
I0419 18:19:53.900772 390623 operator.go:899] [overlay] Running JS: window.updateActuationOverlay({"capturingScreenshot":true})

2026-04-19 18:19:54.116 [error] [LS Main stderr] I0419 18:19:54.115732 390623 operator.go:870] Updating actuation overlay for page A205B6164984A8F1FA1D3694B1646B8D
I0419 18:19:54.115787 390623 operator.go:899] [overlay] Running JS: window.updateActuationOverlay({"capturingScreenshot":false})

2026-04-19 18:19:55.463 [error] [LS Main stderr] I0419 18:19:55.463429 390623 operator.go:870] Updating actuation overlay for page A205B6164984A8F1FA1D3694B1646B8D
I0419 18:19:55.463480 390623 operator.go:899] [overlay] Running JS: window.updateActuationOverlay({"cascadeId":"c9153f68-fa78-4c50-9152-f50915bb7c57","displayString":"Clicking...","passthroughEnabled":false})

2026-04-19 18:19:55.477 [error] [LS Main stderr] I0419 18:19:55.476919 390623 operator.go:870] Updating actuation overlay for page A205B6164984A8F1FA1D3694B1646B8D
I0419 18:19:55.476953 390623 operator.go:899] [overlay] Running JS: window.updateActuationOverlay({"cascadeId":"c9153f68-fa78-4c50-9152-f50915bb7c57","displayString":"Getting DOM...","passthroughEnabled":true})

2026-04-19 18:19:55.477 [error] [LS Main stderr] I0419 18:19:55.477333 390623 operator.go:870] Updating actuation overlay for page A205B6164984A8F1FA1D3694B1646B8D
I0419 18:19:55.477358 390623 operator.go:899] [overlay] Running JS: window.updateActuationOverlay({"capturingScreenshot":true})

2026-04-19 18:19:55.540 [error] [LS Main stderr] I0419 18:19:55.540048 390623 operator.go:870] Updating actuation overlay for page A205B6164984A8F1FA1D3694B1646B8D
I0419 18:19:55.540086 390623 operator.go:899] [overlay] Running JS: window.updateActuationOverlay({"cascadeId":"c9153f68-fa78-4c50-9152-f50915bb7c57","displayString":"Getting DOM...","passthroughEnabled":false})

2026-04-19 18:19:55.707 [error] [LS Main stderr] I0419 18:19:55.707325 390623 operator.go:870] Updating actuation overlay for page A205B6164984A8F1FA1D3694B1646B8D
I0419 18:19:55.707365 390623 operator.go:899] [overlay] Running JS: window.updateActuationOverlay({"capturingScreenshot":false})

2026-04-19 18:19:55.718 [error] [LS Main stderr] I0419 18:19:55.718151 390623 planner_generator.go:283] Requesting planner with 33 chat messages at model retry attempt 1 and API retry attempt 1

2026-04-19 18:20:01.512 [error] [LS Main stderr] I0419 18:20:01.512413 390623 http_helpers.go:123] URL: https://cloudcode-pa.googleapis.com/v1internal:streamGenerateContent?alt=sse Trace: 0x73fdc91e80ef5b46

2026-04-19 18:20:01.973 [error] [LS Main stderr] I0419 18:20:01.972776 390623 operator.go:870] Updating actuation overlay for page A205B6164984A8F1FA1D3694B1646B8D
I0419 18:20:01.972814 390623 operator.go:899] [overlay] Running JS: window.updateActuationOverlay({"cascadeId":"c9153f68-fa78-4c50-9152-f50915bb7c57","displayString":"Clicking...","passthroughEnabled":true})

2026-04-19 18:20:01.974 [error] [LS Main stderr] I0419 18:20:01.974424 390623 operator.go:870] Updating actuation overlay for page A205B6164984A8F1FA1D3694B1646B8D
I0419 18:20:01.974452 390623 operator.go:899] [overlay] Running JS: window.updateActuationOverlay({"capturingScreenshot":true})

2026-04-19 18:20:02.198 [error] [LS Main stderr] I0419 18:20:02.198063 390623 operator.go:870] Updating actuation overlay for page A205B6164984A8F1FA1D3694B1646B8D
I0419 18:20:02.198110 390623 operator.go:899] [overlay] Running JS: window.updateActuationOverlay({"capturingScreenshot":false})

2026-04-19 18:20:03.679 [error] [LS Main stderr] I0419 18:20:03.678766 390623 operator.go:870] Updating actuation overlay for page A205B6164984A8F1FA1D3694B1646B8D
I0419 18:20:03.678834 390623 operator.go:899] [overlay] Running JS: window.updateActuationOverlay({"cascadeId":"c9153f68-fa78-4c50-9152-f50915bb7c57","displayString":"Clicking...","passthroughEnabled":false})

2026-04-19 18:20:03.714 [error] [LS Main stderr] I0419 18:20:03.713896 390623 operator.go:870] Updating actuation overlay for page A205B6164984A8F1FA1D3694B1646B8D
I0419 18:20:03.713942 390623 operator.go:899] [overlay] Running JS: window.updateActuationOverlay({"cascadeId":"c9153f68-fa78-4c50-9152-f50915bb7c57","displayString":"Pressing key...","passthroughEnabled":true})

2026-04-19 18:20:03.732 [error] [LS Main stderr] I0419 18:20:03.732037 390623 operator.go:870] Updating actuation overlay for page A205B6164984A8F1FA1D3694B1646B8D
I0419 18:20:03.732078 390623 operator.go:899] [overlay] Running JS: window.updateActuationOverlay({"cascadeId":"c9153f68-fa78-4c50-9152-f50915bb7c57","displayString":"Pressing key...","passthroughEnabled":false})

2026-04-19 18:20:03.740 [error] [LS Main stderr] I0419 18:20:03.740433 390623 operator.go:870] Updating actuation overlay for page A205B6164984A8F1FA1D3694B1646B8D
I0419 18:20:03.740474 390623 operator.go:899] [overlay] Running JS: window.updateActuationOverlay({"cascadeId":"c9153f68-fa78-4c50-9152-f50915bb7c57","displayString":"Getting DOM...","passthroughEnabled":true})

2026-04-19 18:20:03.745 [error] [LS Main stderr] I0419 18:20:03.745659 390623 operator.go:870] Updating actuation overlay for page A205B6164984A8F1FA1D3694B1646B8D
I0419 18:20:03.745708 390623 operator.go:899] [overlay] Running JS: window.updateActuationOverlay({"capturingScreenshot":true})

2026-04-19 18:20:03.805 [error] [LS Main stderr] I0419 18:20:03.804811 390623 operator.go:870] Updating actuation overlay for page A205B6164984A8F1FA1D3694B1646B8D
I0419 18:20:03.804855 390623 operator.go:899] [overlay] Running JS: window.updateActuationOverlay({"cascadeId":"c9153f68-fa78-4c50-9152-f50915bb7c57","displayString":"Getting DOM...","passthroughEnabled":false})

2026-04-19 18:20:03.979 [error] [LS Main stderr] I0419 18:20:03.979350 390623 operator.go:870] Updating actuation overlay for page A205B6164984A8F1FA1D3694B1646B8D
I0419 18:20:03.979390 390623 operator.go:899] [overlay] Running JS: window.updateActuationOverlay({"capturingScreenshot":false})

2026-04-19 18:20:03.993 [error] [LS Main stderr] I0419 18:20:03.992791 390623 planner_generator.go:283] Requesting planner with 36 chat messages at model retry attempt 1 and API retry attempt 1

2026-04-19 18:20:10.587 [error] [LS Main stderr] I0419 18:20:10.587523 390623 http_helpers.go:123] URL: https://cloudcode-pa.googleapis.com/v1internal:streamGenerateContent?alt=sse Trace: 0xf5efd7500e1324da

2026-04-19 18:20:12.796 [error] [LS Main stderr] I0419 18:20:12.795979 390623 operator.go:870] Updating actuation overlay for page A205B6164984A8F1FA1D3694B1646B8D
I0419 18:20:12.796020 390623 operator.go:899] [overlay] Running JS: window.updateActuationOverlay({"cascadeId":"c9153f68-fa78-4c50-9152-f50915bb7c57","displayString":"Listing network requests...","passthroughEnabled":true})

2026-04-19 18:20:12.827 [error] [LS Main stderr] I0419 18:20:12.827602 390623 operator.go:870] Updating actuation overlay for page A205B6164984A8F1FA1D3694B1646B8D
I0419 18:20:12.827658 390623 operator.go:899] [overlay] Running JS: window.updateActuationOverlay({"cascadeId":"c9153f68-fa78-4c50-9152-f50915bb7c57","displayString":"Listing network requests...","passthroughEnabled":false})

2026-04-19 18:20:12.843 [error] [LS Main stderr] E0419 18:20:12.843642 390623 log.go:398] error executing cascade step: CORTEX_STEP_TYPE_BROWSER_LIST_NETWORK_REQUESTS: failed to select page: failed to resolve page index: failed to list pages: failed to call chrome devtools: failed to get chrome devtools instance: server name chrome-devtools not found

2026-04-19 18:20:12.844 [error] [LS Main stderr] I0419 18:20:12.844622 390623 operator.go:870] Updating actuation overlay for page A205B6164984A8F1FA1D3694B1646B8D
I0419 18:20:12.844657 390623 operator.go:899] [overlay] Running JS: window.updateActuationOverlay({"cascadeId":"c9153f68-fa78-4c50-9152-f50915bb7c57","displayString":"Getting DOM...","passthroughEnabled":true})

2026-04-19 18:20:12.845 [error] [LS Main stderr] I0419 18:20:12.845006 390623 operator.go:870] Updating actuation overlay for page A205B6164984A8F1FA1D3694B1646B8D
I0419 18:20:12.845032 390623 operator.go:899] [overlay] Running JS: window.updateActuationOverlay({"capturingScreenshot":true})

2026-04-19 18:20:12.905 [error] [LS Main stderr] I0419 18:20:12.905569 390623 operator.go:870] Updating actuation overlay for page A205B6164984A8F1FA1D3694B1646B8D
I0419 18:20:12.905610 390623 operator.go:899] [overlay] Running JS: window.updateActuationOverlay({"cascadeId":"c9153f68-fa78-4c50-9152-f50915bb7c57","displayString":"Getting DOM...","passthroughEnabled":false})

2026-04-19 18:20:13.079 [error] [LS Main stderr] I0419 18:20:13.079003 390623 operator.go:870] Updating actuation overlay for page A205B6164984A8F1FA1D3694B1646B8D
I0419 18:20:13.079046 390623 operator.go:899] [overlay] Running JS: window.updateActuationOverlay({"capturingScreenshot":false})

2026-04-19 18:20:13.089 [error] [LS Main stderr] I0419 18:20:13.088888 390623 planner_generator.go:283] Requesting planner with 38 chat messages at model retry attempt 1 and API retry attempt 1

2026-04-19 18:20:19.520 [error] [LS Main stderr] I0419 18:20:19.520345 390623 http_helpers.go:123] URL: https://cloudcode-pa.googleapis.com/v1internal:streamGenerateContent?alt=sse Trace: 0xde38f3f54c83e305

2026-04-19 18:20:21.562 [error] [LS Main stderr] I0419 18:20:21.562652 390623 operator.go:870] Updating actuation overlay for page A205B6164984A8F1FA1D3694B1646B8D
I0419 18:20:21.562686 390623 operator.go:899] [overlay] Running JS: window.updateActuationOverlay({"cascadeId":"c9153f68-fa78-4c50-9152-f50915bb7c57","displayString":"Getting DOM...","passthroughEnabled":true})

2026-04-19 18:20:21.627 [error] [LS Main stderr] I0419 18:20:21.627497 390623 operator.go:870] Updating actuation overlay for page A205B6164984A8F1FA1D3694B1646B8D
I0419 18:20:21.627547 390623 operator.go:899] [overlay] Running JS: window.updateActuationOverlay({"cascadeId":"c9153f68-fa78-4c50-9152-f50915bb7c57","displayString":"Getting DOM...","passthroughEnabled":false})

2026-04-19 18:20:21.641 [error] [LS Main stderr] I0419 18:20:21.641180 390623 operator.go:870] Updating actuation overlay for page A205B6164984A8F1FA1D3694B1646B8D
I0419 18:20:21.641222 390623 operator.go:899] [overlay] Running JS: window.updateActuationOverlay({"cascadeId":"c9153f68-fa78-4c50-9152-f50915bb7c57","displayString":"Getting DOM...","passthroughEnabled":true})

2026-04-19 18:20:21.641 [error] [LS Main stderr] I0419 18:20:21.641593 390623 operator.go:870] Updating actuation overlay for page A205B6164984A8F1FA1D3694B1646B8D
I0419 18:20:21.641619 390623 operator.go:899] [overlay] Running JS: window.updateActuationOverlay({"capturingScreenshot":true})

2026-04-19 18:20:21.703 [error] [LS Main stderr] I0419 18:20:21.703258 390623 operator.go:870] Updating actuation overlay for page A205B6164984A8F1FA1D3694B1646B8D
I0419 18:20:21.703293 390623 operator.go:899] [overlay] Running JS: window.updateActuationOverlay({"cascadeId":"c9153f68-fa78-4c50-9152-f50915bb7c57","displayString":"Getting DOM...","passthroughEnabled":false})

2026-04-19 18:20:21.857 [error] [LS Main stderr] I0419 18:20:21.857562 390623 operator.go:870] Updating actuation overlay for page A205B6164984A8F1FA1D3694B1646B8D
I0419 18:20:21.857599 390623 operator.go:899] [overlay] Running JS: window.updateActuationOverlay({"capturingScreenshot":false})

2026-04-19 18:20:21.870 [error] [LS Main stderr] I0419 18:20:21.869965 390623 planner_generator.go:283] Requesting planner with 40 chat messages at model retry attempt 1 and API retry attempt 1

2026-04-19 18:21:22.643 [error] [LS Main stderr] I0419 18:21:22.642923 390623 http_helpers.go:123] URL: https://cloudcode-pa.googleapis.com/v1internal:loadCodeAssist Trace: 0xd5005a025b7c9664

2026-04-19 18:21:25.281 [error] [LS Main stderr] I0419 18:21:25.281629 390623 http_helpers.go:123] URL: https://cloudcode-pa.googleapis.com/v1internal:streamGenerateContent?alt=sse Trace: 0x1185953fca1847d2

2026-04-19 18:21:26.197 [error] [LS Main stderr] I0419 18:21:26.197424 390623 operator.go:870] Updating actuation overlay for page A205B6164984A8F1FA1D3694B1646B8D
I0419 18:21:26.197480 390623 operator.go:899] [overlay] Running JS: window.updateActuationOverlay({"cascadeId":"c9153f68-fa78-4c50-9152-f50915bb7c57","displayString":"Getting console logs...","passthroughEnabled":true})

2026-04-19 18:21:26.214 [error] [LS Main stderr] I0419 18:21:26.213967 390623 operator.go:870] Updating actuation overlay for page A205B6164984A8F1FA1D3694B1646B8D
I0419 18:21:26.214005 390623 operator.go:899] [overlay] Running JS: window.updateActuationOverlay({"cascadeId":"c9153f68-fa78-4c50-9152-f50915bb7c57","displayString":"Getting console logs...","passthroughEnabled":false})

2026-04-19 18:21:26.220 [error] [LS Main stderr] I0419 18:21:26.220112 390623 operator.go:870] Updating actuation overlay for page A205B6164984A8F1FA1D3694B1646B8D
I0419 18:21:26.220147 390623 operator.go:899] [overlay] Running JS: window.updateActuationOverlay({"cascadeId":"c9153f68-fa78-4c50-9152-f50915bb7c57","displayString":"Getting DOM...","passthroughEnabled":true})

2026-04-19 18:21:26.220 [error] [LS Main stderr] I0419 18:21:26.220531 390623 operator.go:870] Updating actuation overlay for page A205B6164984A8F1FA1D3694B1646B8D
I0419 18:21:26.220554 390623 operator.go:899] [overlay] Running JS: window.updateActuationOverlay({"capturingScreenshot":true})

2026-04-19 18:21:26.284 [error] [LS Main stderr] I0419 18:21:26.284400 390623 operator.go:870] Updating actuation overlay for page A205B6164984A8F1FA1D3694B1646B8D
I0419 18:21:26.284435 390623 operator.go:899] [overlay] Running JS: window.updateActuationOverlay({"cascadeId":"c9153f68-fa78-4c50-9152-f50915bb7c57","displayString":"Getting DOM...","passthroughEnabled":false})

2026-04-19 18:21:26.630 [error] [LS Main stderr] I0419 18:21:26.629731 390623 operator.go:870] Updating actuation overlay for page A205B6164984A8F1FA1D3694B1646B8D
I0419 18:21:26.629773 390623 operator.go:899] [overlay] Running JS: window.updateActuationOverlay({"capturingScreenshot":false})

2026-04-19 18:21:26.643 [error] [LS Main stderr] I0419 18:21:26.643144 390623 planner_generator.go:283] Requesting planner with 42 chat messages at model retry attempt 1 and API retry attempt 1

2026-04-19 18:21:26.719 [error] [LS Main stderr] I0419 18:21:26.719528 390623 http_helpers.go:123] URL: https://cloudcode-pa.googleapis.com/v1internal:fetchAvailableModels Trace: 0x9a7dedeadec1606d

2026-04-19 18:21:32.782 [error] [LS Main stderr] I0419 18:21:32.782662 390623 http_helpers.go:123] URL: https://cloudcode-pa.googleapis.com/v1internal:streamGenerateContent?alt=sse Trace: 0x492c36cd785b272c

2026-04-19 18:21:36.474 [error] [LS Main stderr] I0419 18:21:36.474316 390623 operator.go:870] Updating actuation overlay for page 77A7135127CA5061513B29BF092CF390
I0419 18:21:36.474359 390623 operator.go:899] [overlay] Running JS: window.updateActuationOverlay({"cascadeId":"c9153f68-fa78-4c50-9152-f50915bb7c57","displayString":"Opening URL...","passthroughEnabled":false})

2026-04-19 18:21:36.475 [error] [LS Main stderr] I0419 18:21:36.475143 390623 operator.go:902] Actuation overlay not injected yet for page 77A7135127CA5061513B29BF092CF390

2026-04-19 18:21:36.556 [error] [LS Main stderr] W0419 18:21:36.555975 390623 browser_page.go:490] get favicon URL: favicon not found

2026-04-19 18:21:36.558 [error] [LS Main stderr] I0419 18:21:36.558126 390623 operator.go:870] Updating actuation overlay for page 77A7135127CA5061513B29BF092CF390
I0419 18:21:36.558159 390623 operator.go:899] [overlay] Running JS: window.updateActuationOverlay({"cascadeId":"c9153f68-fa78-4c50-9152-f50915bb7c57","displayString":"Getting DOM...","passthroughEnabled":true})

2026-04-19 18:21:36.558 [error] [LS Main stderr] I0419 18:21:36.558540 390623 operator.go:870] Updating actuation overlay for page 77A7135127CA5061513B29BF092CF390
I0419 18:21:36.558565 390623 operator.go:899] [overlay] Running JS: window.updateActuationOverlay({"capturingScreenshot":true})

2026-04-19 18:21:36.578 [error] [LS Main stderr] I0419 18:21:36.578170 390623 operator.go:870] Updating actuation overlay for page 77A7135127CA5061513B29BF092CF390
I0419 18:21:36.578208 390623 operator.go:899] [overlay] Running JS: window.updateActuationOverlay({"cascadeId":"c9153f68-fa78-4c50-9152-f50915bb7c57","displayString":"Getting DOM...","passthroughEnabled":false})

2026-04-19 18:21:36.790 [error] [LS Main stderr] I0419 18:21:36.789693 390623 operator.go:870] Updating actuation overlay for page 77A7135127CA5061513B29BF092CF390
I0419 18:21:36.789754 390623 operator.go:899] [overlay] Running JS: window.updateActuationOverlay({"capturingScreenshot":false})

2026-04-19 18:21:36.809 [error] [LS Main stderr] I0419 18:21:36.809714 390623 planner_generator.go:283] Requesting planner with 44 chat messages at model retry attempt 1 and API retry attempt 1

2026-04-19 18:21:42.935 [error] [LS Main stderr] I0419 18:21:42.935083 390623 http_helpers.go:123] URL: https://cloudcode-pa.googleapis.com/v1internal:streamGenerateContent?alt=sse Trace: 0x62a09bcc6997d417

2026-04-19 18:21:45.319 [error] [LS Main stderr] I0419 18:21:45.319031 390623 operator.go:870] Updating actuation overlay for page EEC095AC961CA9E31311100501B70857
I0419 18:21:45.319092 390623 operator.go:899] [overlay] Running JS: window.updateActuationOverlay({"cascadeId":"c9153f68-fa78-4c50-9152-f50915bb7c57","displayString":"Opening URL...","passthroughEnabled":false})

2026-04-19 18:21:45.320 [error] [LS Main stderr] I0419 18:21:45.320524 390623 operator.go:902] Actuation overlay not injected yet for page EEC095AC961CA9E31311100501B70857

2026-04-19 18:21:45.572 [error] [LS Main stderr] I0419 18:21:45.572508 390623 operator.go:870] Updating actuation overlay for page EEC095AC961CA9E31311100501B70857
I0419 18:21:45.572557 390623 operator.go:899] [overlay] Running JS: window.updateActuationOverlay({"cascadeId":"c9153f68-fa78-4c50-9152-f50915bb7c57","displayString":"Getting DOM...","passthroughEnabled":true})

2026-04-19 18:21:45.573 [error] [LS Main stderr] I0419 18:21:45.573009 390623 operator.go:870] Updating actuation overlay for page EEC095AC961CA9E31311100501B70857
I0419 18:21:45.573036 390623 operator.go:899] [overlay] Running JS: window.updateActuationOverlay({"capturingScreenshot":true})

2026-04-19 18:21:45.646 [error] [LS Main stderr] I0419 18:21:45.646592 390623 operator.go:870] Updating actuation overlay for page EEC095AC961CA9E31311100501B70857
I0419 18:21:45.646639 390623 operator.go:899] [overlay] Running JS: window.updateActuationOverlay({"cascadeId":"c9153f68-fa78-4c50-9152-f50915bb7c57","displayString":"Getting DOM...","passthroughEnabled":false})

2026-04-19 18:21:45.805 [error] [LS Main stderr] I0419 18:21:45.805246 390623 operator.go:870] Updating actuation overlay for page EEC095AC961CA9E31311100501B70857
I0419 18:21:45.805302 390623 operator.go:899] [overlay] Running JS: window.updateActuationOverlay({"capturingScreenshot":false})

2026-04-19 18:21:45.816 [error] [LS Main stderr] I0419 18:21:45.815807 390623 planner_generator.go:283] Requesting planner with 46 chat messages at model retry attempt 1 and API retry attempt 1

2026-04-19 18:21:51.595 [error] [LS Main stderr] I0419 18:21:51.594802 390623 http_helpers.go:123] URL: https://cloudcode-pa.googleapis.com/v1internal:streamGenerateContent?alt=sse Trace: 0xde6245784df5a96

2026-04-19 18:21:57.275 [error] [LS Main stderr] I0419 18:21:57.275265 390623 operator.go:870] Updating actuation overlay for page EEC095AC961CA9E31311100501B70857
I0419 18:21:57.275305 390623 operator.go:899] [overlay] Running JS: window.updateActuationOverlay({"cascadeId":"c9153f68-fa78-4c50-9152-f50915bb7c57","displayString":"Getting DOM...","passthroughEnabled":true})

2026-04-19 18:21:57.275 [error] [LS Main stderr] I0419 18:21:57.275783 390623 operator.go:870] Updating actuation overlay for page EEC095AC961CA9E31311100501B70857
I0419 18:21:57.275809 390623 operator.go:899] [overlay] Running JS: window.updateActuationOverlay({"capturingScreenshot":true})

2026-04-19 18:21:57.350 [error] [LS Main stderr] I0419 18:21:57.350601 390623 operator.go:870] Updating actuation overlay for page EEC095AC961CA9E31311100501B70857
I0419 18:21:57.350651 390623 operator.go:899] [overlay] Running JS: window.updateActuationOverlay({"cascadeId":"c9153f68-fa78-4c50-9152-f50915bb7c57","displayString":"Getting DOM...","passthroughEnabled":false})

2026-04-19 18:21:57.514 [error] [LS Main stderr] I0419 18:21:57.514115 390623 operator.go:870] Updating actuation overlay for page EEC095AC961CA9E31311100501B70857
I0419 18:21:57.514163 390623 operator.go:899] [overlay] Running JS: window.updateActuationOverlay({"capturingScreenshot":false})

2026-04-19 18:21:57.527 [error] [LS Main stderr] I0419 18:21:57.527237 390623 planner_generator.go:283] Requesting planner with 48 chat messages at model retry attempt 1 and API retry attempt 1

2026-04-19 18:22:03.983 [error] [LS Main stderr] I0419 18:22:03.983264 390623 http_helpers.go:123] URL: https://cloudcode-pa.googleapis.com/v1internal:streamGenerateContent?alt=sse Trace: 0x7808b6111047c758

2026-04-19 18:22:06.610 [error] [LS Main stderr] I0419 18:22:06.610612 390623 operator.go:870] Updating actuation overlay for page EEC095AC961CA9E31311100501B70857
I0419 18:22:06.610650 390623 operator.go:899] [overlay] Running JS: window.updateActuationOverlay({"cascadeId":"c9153f68-fa78-4c50-9152-f50915bb7c57","displayString":"Getting DOM...","passthroughEnabled":true})

2026-04-19 18:22:06.611 [error] [LS Main stderr] I0419 18:22:06.611103 390623 operator.go:870] Updating actuation overlay for page EEC095AC961CA9E31311100501B70857
I0419 18:22:06.611121 390623 operator.go:899] [overlay] Running JS: window.updateActuationOverlay({"capturingScreenshot":true})

2026-04-19 18:22:06.680 [error] [LS Main stderr] I0419 18:22:06.679963 390623 operator.go:870] Updating actuation overlay for page EEC095AC961CA9E31311100501B70857
I0419 18:22:06.680001 390623 operator.go:899] [overlay] Running JS: window.updateActuationOverlay({"cascadeId":"c9153f68-fa78-4c50-9152-f50915bb7c57","displayString":"Getting DOM...","passthroughEnabled":false})

2026-04-19 18:22:06.870 [error] [LS Main stderr] I0419 18:22:06.870103 390623 operator.go:870] Updating actuation overlay for page EEC095AC961CA9E31311100501B70857
I0419 18:22:06.870160 390623 operator.go:899] [overlay] Running JS: window.updateActuationOverlay({"capturingScreenshot":false})

2026-04-19 18:22:06.889 [error] [LS Main stderr] I0419 18:22:06.889428 390623 planner_generator.go:283] Requesting planner with 50 chat messages at model retry attempt 1 and API retry attempt 1

2026-04-19 18:22:19.290 [error] [LS Main stderr] I0419 18:22:19.289848 390623 http_helpers.go:123] URL: https://cloudcode-pa.googleapis.com/v1internal:streamGenerateContent?alt=sse Trace: 0x401c82b0f5ccf803

2026-04-19 18:22:23.307 [error] [LS Main stderr] I0419 18:22:23.306973 390623 planner_generator.go:283] Requesting planner with 13 chat messages at model retry attempt 1 and API retry attempt 1

2026-04-19 18:22:33.707 [error] [LS Main stderr] I0419 18:22:33.707590 390623 http_helpers.go:123] URL: https://cloudcode-pa.googleapis.com/v1internal:streamGenerateContent?alt=sse Trace: 0x318cc936d651c767

2026-04-19 18:22:45.044 [error] [LS Main stderr] I0419 18:22:45.044022 390623 planner_generator.go:283] Requesting planner with 15 chat messages at model retry attempt 1 and API retry attempt 1

2026-04-19 18:23:10.365 [error] [LS Main stderr] I0419 18:23:10.365000 390623 http_helpers.go:123] URL: https://cloudcode-pa.googleapis.com/v1internal:streamGenerateContent?alt=sse Trace: 0x2c24d20163f5f007

2026-04-19 18:23:10.603 [error] [LS Main stderr] I0419 18:23:10.603339 390623 planner_generator.go:283] Requesting planner with 17 chat messages at model retry attempt 1 and API retry attempt 1

2026-04-19 18:23:13.122 [error] [LS Main stderr] I0419 18:23:13.122661 390623 planner_generator.go:318] Encountered retryable api error. retrying in 5s. Error (): RESOURCE_EXHAUSTED (code 429): You have exhausted your capacity on this model. Your quota will reset after 0s.: RESOURCE_EXHAUSTED (code 429): You have exhausted your capacity on this model. Your quota will reset after 0s.

2026-04-19 18:23:18.124 [error] [LS Main stderr] E0419 18:23:18.123857 390623 log.go:398] RESOURCE_EXHAUSTED (code 429): You have exhausted your capacity on this model. Your quota will reset after 0s.: RESOURCE_EXHAUSTED (code 429): You have exhausted your capacity on this model. Your quota will reset after 0s.

2026-04-19 18:23:18.126 [error] [LS Main stderr] I0419 18:23:18.126511 390623 planner_generator.go:283] Requesting planner with 18 chat messages at model retry attempt 1 and API retry attempt 2

2026-04-19 18:24:48.404 [error] [LS Main stderr] E0419 18:24:48.404529 390623 log.go:398] failed to check terminal shell support: internal: internal error

2026-04-19 18:24:48.430 [error] [LS Main stderr] I0419 18:24:48.430187 390623 planner_generator.go:283] Requesting planner with 21 chat messages at model retry attempt 1 and API retry attempt 1

2026-04-19 18:24:51.195 [error] [LS Main stderr] E0419 18:24:51.194813 390623 log.go:398] agent executor error: RESOURCE_EXHAUSTED (code 429): You have exhausted your capacity on this model. Your quota will reset after 100h51m32s.: RESOURCE_EXHAUSTED (code 429): You have exhausted your capacity on this model. Your quota will reset after 100h51m32s.

2026-04-19 18:24:51.197 [error] [LS Main stderr] E0419 18:24:51.197595 390623 log.go:398] RESOURCE_EXHAUSTED (code 429): You have exhausted your capacity on this model. Your quota will reset after 100h51m32s.: RESOURCE_EXHAUSTED (code 429): You have exhausted your capacity on this model. Your quota will reset after 100h51m32s.

2026-04-19 18:28:50.004 [error] [LS Main stderr] E0419 18:28:50.003219 390623 log.go:398] failed to check terminal shell support: internal: internal error

2026-04-19 18:28:51.271 [error] [LS Main stderr] I0419 18:28:51.271370 390623 http_helpers.go:123] URL: https://cloudcode-pa.googleapis.com/v1internal:fetchAvailableModels Trace: 0x76770128aa90c3b4

2026-04-19 18:28:51.337 [error] [LS Main stderr] E0419 18:28:51.337580 390623 log.go:398] executor is not currently running

2026-04-19 18:28:51.341 [error] [LS Main stderr] E0419 18:28:51.341054 390623 log.go:398] failed to check terminal shell support: internal: internal error

2026-04-19 18:28:51.894 [error] [LS Main stderr] I0419 18:28:51.893749 390623 http_helpers.go:123] URL: https://cloudcode-pa.googleapis.com/v1internal:loadCodeAssist Trace: 0x2385762d1ca99feb

2026-04-19 18:28:52.972 [error] [LS Main stderr] E0419 18:28:52.971867 390623 log.go:398] failed to check terminal shell support: internal: internal error

2026-04-19 18:28:52.997 [error] [LS Main stderr] I0419 18:28:52.997102 390623 planner_generator.go:283] Requesting planner with 20 chat messages at model retry attempt 1 and API retry attempt 1

2026-04-19 18:28:55.864 [error] [LS Main stderr] I0419 18:28:55.863865 390623 http_helpers.go:123] URL: https://cloudcode-pa.googleapis.com/v1internal:streamGenerateContent?alt=sse Trace: 0xd5a61d8ec4dd9e74

2026-04-19 18:29:01.061 [error] [LS Main stderr] I0419 18:29:01.061620 390623 planner_generator.go:283] Requesting planner with 24 chat messages at model retry attempt 1 and API retry attempt 1

2026-04-19 18:29:04.685 [error] [LS Main stderr] I0419 18:29:04.684683 390623 http_helpers.go:123] URL: https://cloudcode-pa.googleapis.com/v1internal:streamGenerateContent?alt=sse Trace: 0x5cc72b9e7ad6ae5e

2026-04-19 18:29:08.223 [error] [LS Main stderr] I0419 18:29:08.223400 390623 planner_generator.go:198] Model output error: failed to read file: open /home/kausthubh/GitHub/polymarket-clone/app/components/MarketDetailPage.tsx: no such file or directory
E0419 18:29:08.223465 390623 log.go:398] model output error: invalid tool call error (invalid_args) failed to read file: open /home/kausthubh/GitHub/polymarket-clone/app/components/MarketDetailPage.tsx: no such file or directory

2026-04-19 18:29:08.226 [error] [LS Main stderr] I0419 18:29:08.226743 390623 planner_generator.go:283] Requesting planner with 27 chat messages at model retry attempt 2 and API retry attempt 1

2026-04-19 18:29:11.302 [error] [LS Main stderr] I0419 18:29:11.301478 390623 http_helpers.go:123] URL: https://cloudcode-pa.googleapis.com/v1internal:streamGenerateContent?alt=sse Trace: 0x3509ab3edb7cdf85

2026-04-19 18:29:13.323 [error] [LS Main stderr] I0419 18:29:13.323239 390623 planner_generator.go:283] Requesting planner with 29 chat messages at model retry attempt 1 and API retry attempt 1

2026-04-19 18:29:16.769 [error] [LS Main stderr] I0419 18:29:16.768896 390623 http_helpers.go:123] URL: https://cloudcode-pa.googleapis.com/v1internal:streamGenerateContent?alt=sse Trace: 0x2d16453ce60c3112

2026-04-19 18:29:20.399 [error] [LS Main stderr] I0419 18:29:20.399139 390623 planner_generator.go:283] Requesting planner with 33 chat messages at model retry attempt 1 and API retry attempt 1

2026-04-19 18:29:24.372 [error] [LS Main stderr] I0419 18:29:24.371803 390623 http_helpers.go:123] URL: https://cloudcode-pa.googleapis.com/v1internal:streamGenerateContent?alt=sse Trace: 0x9d9060e5fca2f7b2

2026-04-19 18:29:45.891 [error] [LS Main stderr] I0419 18:29:45.891553 390623 planner_generator.go:283] Requesting planner with 36 chat messages at model retry attempt 1 and API retry attempt 1

2026-04-19 18:29:49.404 [error] [LS Main stderr] I0419 18:29:49.404104 390623 http_helpers.go:123] URL: https://cloudcode-pa.googleapis.com/v1internal:streamGenerateContent?alt=sse Trace: 0xe5bbd5760e3287f7

2026-04-19 18:30:00.790 [error] [LS Main stderr] E0419 18:30:00.789757 390623 log.go:398] failed DOM for browser ephemeral message: no browser session active
E0419 18:30:00.789822 390623 log.go:398] failed page view for browser ephemeral message: no browser session active

2026-04-19 18:30:00.791 [error] [LS Main stderr] I0419 18:30:00.790866 390623 planner_generator.go:283] Requesting planner with 2 chat messages at model retry attempt 1 and API retry attempt 1

2026-04-19 18:30:03.331 [error] [LS Main stderr] I0419 18:30:03.331083 390623 http_helpers.go:123] URL: https://cloudcode-pa.googleapis.com/v1internal:streamGenerateContent?alt=sse Trace: 0x1c55ffad4e5e4c61

2026-04-19 18:30:05.174 [error] [LS Main stderr] I0419 18:30:05.174371 390623 planner_generator.go:283] Requesting planner with 38 chat messages at model retry attempt 1 and API retry attempt 1

2026-04-19 18:30:08.682 [error] [LS Main stderr] I0419 18:30:08.682180 390623 http_helpers.go:123] URL: https://cloudcode-pa.googleapis.com/v1internal:streamGenerateContent?alt=sse Trace: 0xc71481136d5ee925

2026-04-19 18:30:12.376 [error] [LS Main stderr] I0419 18:30:12.375869 390623 planner_generator.go:283] Requesting planner with 41 chat messages at model retry attempt 1 and API retry attempt 1

2026-04-19 18:30:15.507 [error] [LS Main stderr] I0419 18:30:15.506721 390623 http_helpers.go:123] URL: https://cloudcode-pa.googleapis.com/v1internal:streamGenerateContent?alt=sse Trace: 0xb8ae7622099363c1

2026-04-19 18:30:16.871 [error] [LS Main stderr] I0419 18:30:16.871628 390623 planner_generator.go:283] Requesting planner with 43 chat messages at model retry attempt 1 and API retry attempt 1

2026-04-19 18:30:19.619 [error] [LS Main stderr] I0419 18:30:19.619605 390623 http_helpers.go:123] URL: https://cloudcode-pa.googleapis.com/v1internal:streamGenerateContent?alt=sse Trace: 0x5e9240a6994bd197

2026-04-19 18:30:22.678 [error] [LS Main stderr] I0419 18:30:22.678043 390623 planner_generator.go:283] Requesting planner with 45 chat messages at model retry attempt 1 and API retry attempt 1

2026-04-19 18:30:24.426 [error] [LS Main stderr] E0419 18:30:24.425920 390623 log.go:398] agent executor error: UNAVAILABLE (code 503): No capacity available for model claude-opus-4-6-thinking on the server: UNAVAILABLE (code 503): No capacity available for model claude-opus-4-6-thinking on the server

2026-04-19 18:30:24.430 [error] [LS Main stderr] E0419 18:30:24.430079 390623 log.go:398] UNAVAILABLE (code 503): No capacity available for model claude-opus-4-6-thinking on the server: UNAVAILABLE (code 503): No capacity available for model claude-opus-4-6-thinking on the server

2026-04-19 18:33:16.434 [error] [LS Main stderr] E0419 18:33:16.432899 390623 log.go:398] failed to check terminal shell support: internal: internal error

2026-04-19 18:33:16.461 [error] [LS Main stderr] I0419 18:33:16.460870 390623 planner_generator.go:283] Requesting planner with 47 chat messages at model retry attempt 1 and API retry attempt 1

2026-04-19 18:33:21.152 [error] [LS Main stderr] I0419 18:33:21.152214 390623 http_helpers.go:123] URL: https://cloudcode-pa.googleapis.com/v1internal:streamGenerateContent?alt=sse Trace: 0x4d5555d08a0b98d9

2026-04-19 18:38:39.886 [error] [LS Main stderr] I0419 18:38:39.886376 390623 http_helpers.go:123] URL: https://cloudcode-pa.googleapis.com/v1internal:fetchAvailableModels Trace: 0x13dfa202210b77d1

2026-04-19 18:38:40.279 [error] [LS Main stderr] I0419 18:38:40.279208 390623 planner_generator.go:283] Requesting planner with 49 chat messages at model retry attempt 1 and API retry attempt 1

2026-04-19 18:38:40.673 [error] [LS Main stderr] I0419 18:38:40.673302 390623 http_helpers.go:123] URL: https://cloudcode-pa.googleapis.com/v1internal:loadCodeAssist Trace: 0xf1fbe9e1049dd494

2026-04-19 18:38:42.657 [error] [LS Main stderr] I0419 18:38:42.657416 390623 http_helpers.go:123] URL: https://cloudcode-pa.googleapis.com/v1internal:streamGenerateContent?alt=sse Trace: 0x3a741a1bbffa853d

2026-04-19 18:38:42.778 [error] [LS Main stderr] I0419 18:38:42.777862 390623 http_helpers.go:123] URL: https://cloudcode-pa.googleapis.com/v1internal:streamGenerateContent?alt=sse Trace: 0x8d93e36ec6809ded

2026-04-19 18:38:43.016 [error] [LS Main stderr] I0419 18:38:43.016149 390623 http_helpers.go:123] URL: https://cloudcode-pa.googleapis.com/v1internal:streamGenerateContent?alt=sse Trace: 0x81c58ed229b21450

2026-04-19 18:38:44.393 [error] [LS Main stderr] I0419 18:38:44.393541 390623 http_helpers.go:123] URL: https://cloudcode-pa.googleapis.com/v1internal:streamGenerateContent?alt=sse Trace: 0x4d39a4b9c503da1b

2026-04-19 18:39:08.680 [error] [LS Main stderr] I0419 18:39:08.680687 390623 planner_generator.go:283] Requesting planner with 51 chat messages at model retry attempt 1 and API retry attempt 1

2026-04-19 18:39:11.585 [error] [LS Main stderr] I0419 18:39:11.585424 390623 http_helpers.go:123] URL: https://cloudcode-pa.googleapis.com/v1internal:streamGenerateContent?alt=sse Trace: 0x1adffaaeaa8a5a7f

2026-04-19 18:40:13.847 [error] [LS Main stderr] I0419 18:40:13.847161 390623 planner_generator.go:318] Encountered retryable api error. retrying in 5s. Error (): stream reading error: unexpected EOF: stream reading error: unexpected EOF

2026-04-19 18:40:18.848 [error] [LS Main stderr] E0419 18:40:18.848235 390623 log.go:398] stream reading error: unexpected EOF: stream reading error: unexpected EOF

2026-04-19 18:40:18.852 [error] [LS Main stderr] I0419 18:40:18.852015 390623 planner_generator.go:283] Requesting planner with 52 chat messages at model retry attempt 1 and API retry attempt 2

2026-04-19 18:40:21.212 [error] [LS Main stderr] E0419 18:40:21.212338 390623 log.go:398] agent executor error: INVALID_ARGUMENT (code 400): invalid_request_error: This model does not support assistant message prefill. The conversation must end with a user message.: INVALID_ARGUMENT (code 400): invalid_request_error: This model does not support assistant message prefill. The conversation must end with a user message.

2026-04-19 18:40:21.215 [error] [LS Main stderr] E0419 18:40:21.215480 390623 log.go:398] INVALID_ARGUMENT (code 400): invalid_request_error: This model does not support assistant message prefill. The conversation must end with a user message.: INVALID_ARGUMENT (code 400): invalid_request_error: This model does not support assistant message prefill. The conversation must end with a user message.

2026-04-19 18:40:28.576 [error] [LS Main stderr] E0419 18:40:28.576372 390623 log.go:398] failed to check terminal shell support: internal: internal error

2026-04-19 18:40:28.611 [error] [LS Main stderr] I0419 18:40:28.611657 390623 planner_generator.go:283] Requesting planner with 54 chat messages at model retry attempt 1 and API retry attempt 1

2026-04-19 18:40:32.507 [error] [LS Main stderr] I0419 18:40:32.506955 390623 http_helpers.go:123] URL: https://cloudcode-pa.googleapis.com/v1internal:streamGenerateContent?alt=sse Trace: 0xe5b2003c86816bba

2026-04-19 18:40:36.845 [error] [LS Main stderr] I0419 18:40:36.844800 390623 planner_generator.go:283] Requesting planner with 56 chat messages at model retry attempt 1 and API retry attempt 1

2026-04-19 18:40:41.133 [error] [LS Main stderr] I0419 18:40:41.133091 390623 http_helpers.go:123] URL: https://cloudcode-pa.googleapis.com/v1internal:streamGenerateContent?alt=sse Trace: 0x9fd254e124198c3e

2026-04-19 18:41:13.697 [error] [LS Main stderr] I0419 18:41:13.697237 390623 planner_generator.go:283] Requesting planner with 58 chat messages at model retry attempt 1 and API retry attempt 1

2026-04-19 18:41:14.724 [error] [LS Main stderr] E0419 18:41:14.724572 390623 log.go:398] failed to check terminal shell support: internal: internal error

2026-04-19 18:41:16.904 [error] [LS Main stderr] I0419 18:41:16.903898 390623 http_helpers.go:123] URL: https://cloudcode-pa.googleapis.com/v1internal:streamGenerateContent?alt=sse Trace: 0x1bcd24794fd6d980

2026-04-19 18:41:20.039 [error] [LS Main stderr] I0419 18:41:20.038827 390623 planner_generator.go:283] Requesting planner with 60 chat messages at model retry attempt 1 and API retry attempt 1

2026-04-19 18:41:23.707 [error] [LS Main stderr] I0419 18:41:23.706853 390623 http_helpers.go:123] URL: https://cloudcode-pa.googleapis.com/v1internal:streamGenerateContent?alt=sse Trace: 0x98a002d67fac3c1b

2026-04-19 18:41:42.437 [error] [LS Main stderr] I0419 18:41:42.437297 390623 planner_generator.go:283] Requesting planner with 62 chat messages at model retry attempt 1 and API retry attempt 1

2026-04-19 18:41:45.366 [error] [LS Main stderr] I0419 18:41:45.366499 390623 http_helpers.go:123] URL: https://cloudcode-pa.googleapis.com/v1internal:streamGenerateContent?alt=sse Trace: 0x9e320d06d9eac2ad

2026-04-19 18:42:01.103 [error] [LS Main stderr] I0419 18:42:01.103270 390623 planner_generator.go:283] Requesting planner with 64 chat messages at model retry attempt 1 and API retry attempt 1

2026-04-19 18:42:04.051 [error] [LS Main stderr] I0419 18:42:04.051465 390623 http_helpers.go:123] URL: https://cloudcode-pa.googleapis.com/v1internal:streamGenerateContent?alt=sse Trace: 0x2797587f32a38f78

2026-04-19 18:42:07.366 [error] [LS Main stderr] I0419 18:42:07.365898 390623 planner_generator.go:283] Requesting planner with 66 chat messages at model retry attempt 1 and API retry attempt 1

2026-04-19 18:42:10.789 [error] [LS Main stderr] I0419 18:42:10.789056 390623 http_helpers.go:123] URL: https://cloudcode-pa.googleapis.com/v1internal:streamGenerateContent?alt=sse Trace: 0x8cf74c4db4343808

2026-04-19 18:42:23.270 [error] [LS Main stderr] I0419 18:42:23.270672 390623 planner_generator.go:283] Requesting planner with 68 chat messages at model retry attempt 1 and API retry attempt 1

2026-04-19 18:42:25.094 [error] [LS Main stderr] E0419 18:42:25.093949 390623 log.go:398] agent executor error: UNAVAILABLE (code 503): No capacity available for model claude-opus-4-6-thinking on the server: UNAVAILABLE (code 503): No capacity available for model claude-opus-4-6-thinking on the server

2026-04-19 18:42:25.097 [error] [LS Main stderr] E0419 18:42:25.097026 390623 log.go:398] UNAVAILABLE (code 503): No capacity available for model claude-opus-4-6-thinking on the server: UNAVAILABLE (code 503): No capacity available for model claude-opus-4-6-thinking on the server

2026-04-19 18:42:35.803 [error] [LS Main stderr] E0419 18:42:35.802360 390623 log.go:398] failed to check terminal shell support: internal: internal error

2026-04-19 18:42:35.841 [error] [LS Main stderr] I0419 18:42:35.841055 390623 planner_generator.go:283] Requesting planner with 70 chat messages at model retry attempt 1 and API retry attempt 1

2026-04-19 18:42:38.711 [error] [LS Main stderr] I0419 18:42:38.711347 390623 http_helpers.go:123] URL: https://cloudcode-pa.googleapis.com/v1internal:streamGenerateContent?alt=sse Trace: 0xdf7ec4467f129492

2026-04-19 18:42:47.175 [error] [LS Main stderr] I0419 18:42:47.175295 390623 planner_generator.go:283] Requesting planner with 72 chat messages at model retry attempt 1 and API retry attempt 1

2026-04-19 18:42:50.149 [error] [LS Main stderr] I0419 18:42:50.148729 390623 http_helpers.go:123] URL: https://cloudcode-pa.googleapis.com/v1internal:streamGenerateContent?alt=sse Trace: 0x5b72076763a51c89

2026-04-19 18:42:54.306 [error] [LS Main stderr] I0419 18:42:54.306110 390623 planner_generator.go:283] Requesting planner with 74 chat messages at model retry attempt 1 and API retry attempt 1

2026-04-19 18:42:57.291 [error] [LS Main stderr] I0419 18:42:57.291476 390623 http_helpers.go:123] URL: https://cloudcode-pa.googleapis.com/v1internal:streamGenerateContent?alt=sse Trace: 0xb24b336a615f8a8b

2026-04-19 18:43:05.557 [error] [LS Main stderr] I0419 18:43:05.557653 390623 planner_generator.go:283] Requesting planner with 76 chat messages at model retry attempt 1 and API retry attempt 1

2026-04-19 18:43:07.267 [error] [LS Main stderr] E0419 18:43:07.267718 390623 log.go:398] agent executor error: RESOURCE_EXHAUSTED (code 429): You have exhausted your capacity on this model. Your quota will reset after 150h29m57s.: RESOURCE_EXHAUSTED (code 429): You have exhausted your capacity on this model. Your quota will reset after 150h29m57s.

2026-04-19 18:43:07.271 [error] [LS Main stderr] E0419 18:43:07.271483 390623 log.go:398] RESOURCE_EXHAUSTED (code 429): You have exhausted your capacity on this model. Your quota will reset after 150h29m57s.: RESOURCE_EXHAUSTED (code 429): You have exhausted your capacity on this model. Your quota will reset after 150h29m57s.

2026-04-19 18:44:29.118 [error] [LS Main stderr] E0419 18:44:29.118568 390623 log.go:398] failed to check terminal shell support: internal: internal error

2026-04-19 18:44:29.147 [error] [LS Main stderr] I0419 18:44:29.147547 390623 planner_generator.go:283] Requesting planner with 33 chat messages at model retry attempt 1 and API retry attempt 1

2026-04-19 18:44:30.358 [error] [LS Main stderr] I0419 18:44:30.357884 390623 http_helpers.go:123] URL: https://cloudcode-pa.googleapis.com/v1internal:fetchAvailableModels Trace: 0xa9e2e9a5b372f9a2

2026-04-19 18:44:30.990 [error] [LS Main stderr] E0419 18:44:30.990488 390623 log.go:398] agent executor error: RESOURCE_EXHAUSTED (code 429): You have exhausted your capacity on this model. Your quota will reset after 150h28m34s.: RESOURCE_EXHAUSTED (code 429): You have exhausted your capacity on this model. Your quota will reset after 150h28m34s.

2026-04-19 18:44:30.994 [error] [LS Main stderr] E0419 18:44:30.993951 390623 log.go:398] RESOURCE_EXHAUSTED (code 429): You have exhausted your capacity on this model. Your quota will reset after 150h28m34s.: RESOURCE_EXHAUSTED (code 429): You have exhausted your capacity on this model. Your quota will reset after 150h28m34s.

2026-04-19 18:44:31.399 [error] [LS Main stderr] I0419 18:44:31.398591 390623 http_helpers.go:123] URL: https://cloudcode-pa.googleapis.com/v1internal:loadCodeAssist Trace: 0xa55ad7432be4c02c

2026-04-19 18:44:49.745 [error] [LS Main stderr] E0419 18:44:49.744405 390623 log.go:398] failed to check terminal shell support: internal: internal error

2026-04-19 18:45:01.153 [error] [LS Main stderr] E0419 18:45:01.153657 390623 log.go:398] failed to check terminal shell support: internal: internal error

2026-04-19 18:45:01.181 [error] [LS Main stderr] I0419 18:45:01.181532 390623 planner_generator.go:283] Requesting planner with 36 chat messages at model retry attempt 1 and API retry attempt 1

2026-04-19 18:45:04.432 [error] [LS Main stderr] I0419 18:45:04.432598 390623 http_helpers.go:123] URL: https://cloudcode-pa.googleapis.com/v1internal:streamGenerateContent?alt=sse Trace: 0xb8c45ba022fdefd

2026-04-19 18:45:07.488 [error] [LS Main stderr] I0419 18:45:07.488114 390623 planner_generator.go:283] Requesting planner with 37 chat messages at model retry attempt 1 and API retry attempt 1

2026-04-19 18:45:10.801 [error] [LS Main stderr] I0419 18:45:10.800740 390623 http_helpers.go:123] URL: https://cloudcode-pa.googleapis.com/v1internal:streamGenerateContent?alt=sse Trace: 0x754e138e1af708ed

2026-04-19 18:45:11.573 [error] [LS Main stderr] I0419 18:45:11.573286 390623 planner_generator.go:283] Requesting planner with 39 chat messages at model retry attempt 1 and API retry attempt 1

2026-04-19 18:45:14.946 [error] [LS Main stderr] I0419 18:45:14.946085 390623 http_helpers.go:123] URL: https://cloudcode-pa.googleapis.com/v1internal:streamGenerateContent?alt=sse Trace: 0xd286e6273117038a

2026-04-19 18:45:18.871 [error] [LS Main stderr] I0419 18:45:18.871510 390623 planner_generator.go:283] Requesting planner with 41 chat messages at model retry attempt 1 and API retry attempt 1

2026-04-19 18:45:22.111 [error] [LS Main stderr] I0419 18:45:22.110864 390623 http_helpers.go:123] URL: https://cloudcode-pa.googleapis.com/v1internal:streamGenerateContent?alt=sse Trace: 0x889b9efc72368f8a

2026-04-19 18:45:23.611 [error] [LS Main stderr] I0419 18:45:23.611341 390623 planner_generator.go:283] Requesting planner with 43 chat messages at model retry attempt 1 and API retry attempt 1

2026-04-19 18:45:26.567 [error] [LS Main stderr] I0419 18:45:26.566721 390623 http_helpers.go:123] URL: https://cloudcode-pa.googleapis.com/v1internal:streamGenerateContent?alt=sse Trace: 0x883d0ecb152f8d7a

2026-04-19 18:45:27.259 [error] [LS Main stderr] I0419 18:45:27.259577 390623 planner_generator.go:283] Requesting planner with 45 chat messages at model retry attempt 1 and API retry attempt 1

2026-04-19 18:45:30.336 [error] [LS Main stderr] I0419 18:45:30.336373 390623 http_helpers.go:123] URL: https://cloudcode-pa.googleapis.com/v1internal:streamGenerateContent?alt=sse Trace: 0xfebafb4198c324cf

2026-04-19 18:45:31.771 [error] [LS Main stderr] I0419 18:45:31.771678 390623 planner_generator.go:283] Requesting planner with 47 chat messages at model retry attempt 1 and API retry attempt 1

2026-04-19 18:45:35.449 [error] [LS Main stderr] I0419 18:45:35.449581 390623 http_helpers.go:123] URL: https://cloudcode-pa.googleapis.com/v1internal:streamGenerateContent?alt=sse Trace: 0xbbfb182a80849cfc

2026-04-19 18:45:36.274 [error] [LS Main stderr] I0419 18:45:36.273788 390623 planner_generator.go:283] Requesting planner with 49 chat messages at model retry attempt 1 and API retry attempt 1

2026-04-19 18:45:39.641 [error] [LS Main stderr] I0419 18:45:39.640927 390623 http_helpers.go:123] URL: https://cloudcode-pa.googleapis.com/v1internal:streamGenerateContent?alt=sse Trace: 0x63e41464e77679fa

2026-04-19 18:45:39.658 [error] [LS Main stderr] I0419 18:45:39.658249 390623 planner_generator.go:283] Requesting planner with 51 chat messages at model retry attempt 1 and API retry attempt 1

2026-04-19 18:45:43.118 [error] [LS Main stderr] I0419 18:45:43.118497 390623 http_helpers.go:123] URL: https://cloudcode-pa.googleapis.com/v1internal:streamGenerateContent?alt=sse Trace: 0xfca9da9d8b968ada

2026-04-19 18:45:46.420 [error] [LS Main stderr] I0419 18:45:46.420494 390623 http_helpers.go:123] URL: https://cloudcode-pa.googleapis.com/v1internal:streamGenerateContent?alt=sse Trace: 0x5ee10189975b2a25

2026-04-19 18:45:52.976 [error] [LS Main stderr] I0419 18:45:52.976203 390623 planner_generator.go:283] Requesting planner with 53 chat messages at model retry attempt 1 and API retry attempt 1

2026-04-19 18:45:56.286 [error] [LS Main stderr] I0419 18:45:56.285853 390623 http_helpers.go:123] URL: https://cloudcode-pa.googleapis.com/v1internal:streamGenerateContent?alt=sse Trace: 0x5ed51141d1b04f82

2026-04-19 18:46:01.328 [error] [LS Main stderr] I0419 18:46:01.328370 390623 planner_generator.go:283] Requesting planner with 55 chat messages at model retry attempt 1 and API retry attempt 1

2026-04-19 18:46:05.461 [error] [LS Main stderr] I0419 18:46:05.461353 390623 http_helpers.go:123] URL: https://cloudcode-pa.googleapis.com/v1internal:streamGenerateContent?alt=sse Trace: 0x9a16125419595ead

2026-04-19 18:46:08.727 [error] [LS Main stderr] I0419 18:46:08.726775 390623 planner_generator.go:283] Requesting planner with 57 chat messages at model retry attempt 1 and API retry attempt 1

2026-04-19 18:46:12.411 [error] [LS Main stderr] I0419 18:46:12.410711 390623 http_helpers.go:123] URL: https://cloudcode-pa.googleapis.com/v1internal:streamGenerateContent?alt=sse Trace: 0xea484f4197d1b299

2026-04-19 18:46:15.189 [error] [LS Main stderr] I0419 18:46:15.189627 390623 planner_generator.go:283] Requesting planner with 59 chat messages at model retry attempt 1 and API retry attempt 1

2026-04-19 18:46:18.707 [error] [LS Main stderr] I0419 18:46:18.707094 390623 http_helpers.go:123] URL: https://cloudcode-pa.googleapis.com/v1internal:streamGenerateContent?alt=sse Trace: 0x579557f3ee865ff4

2026-04-19 18:46:24.987 [error] [LS Main stderr] I0419 18:46:24.987337 390623 planner_generator.go:283] Requesting planner with 61 chat messages at model retry attempt 1 and API retry attempt 1

2026-04-19 18:46:31.161 [error] [LS Main stderr] I0419 18:46:31.161166 390623 http_helpers.go:123] URL: https://cloudcode-pa.googleapis.com/v1internal:streamGenerateContent?alt=sse Trace: 0xb728cf241e238327

2026-04-19 18:46:31.937 [error] [LS Main stderr] I0419 18:46:31.936797 390623 planner_generator.go:198] Model output error: /home/kausthubh/GitHub/polymarket-clone/walkthrough.md is not a valid artifact path; artifacts must be in /home/kausthubh/.gemini/antigravity/brain/c9153f68-fa78-4c50-9152-f50915bb7c57/ and knowledge items must be in /home/kausthubh/.gemini/antigravity/knowledge/
E0419 18:46:31.936866 390623 log.go:398] model output error: invalid tool call error (invalid_args) /home/kausthubh/GitHub/polymarket-clone/walkthrough.md is not a valid artifact path; artifacts must be in /home/kausthubh/.gemini/antigravity/brain/c9153f68-fa78-4c50-9152-f50915bb7c57/ and knowledge items must be in /home/kausthubh/.gemini/antigravity/knowledge/

2026-04-19 18:46:31.944 [error] [LS Main stderr] I0419 18:46:31.944298 390623 planner_generator.go:283] Requesting planner with 63 chat messages at model retry attempt 2 and API retry attempt 1

2026-04-19 18:46:37.801 [error] [LS Main stderr] I0419 18:46:37.801222 390623 http_helpers.go:123] URL: https://cloudcode-pa.googleapis.com/v1internal:streamGenerateContent?alt=sse Trace: 0x509b9f77f1a7f6a6

2026-04-19 18:46:38.610 [error] [LS Main stderr] I0419 18:46:38.610549 390623 planner_generator.go:283] Requesting planner with 65 chat messages at model retry attempt 1 and API retry attempt 1

2026-04-19 18:46:41.388 [error] [LS Main stderr] I0419 18:46:41.388604 390623 http_helpers.go:123] URL: https://cloudcode-pa.googleapis.com/v1internal:streamGenerateContent?alt=sse Trace: 0x9de593263c0ebb6a

2026-04-19 18:46:49.544 [error] [LS Main stderr] E0419 18:46:49.544755 390623 log.go:398] failed to check terminal shell support: internal: internal error

2026-04-19 18:46:49.589 [error] [LS Main stderr] I0419 18:46:49.589559 390623 planner_generator.go:283] Requesting planner with 68 chat messages at model retry attempt 1 and API retry attempt 1

2026-04-19 18:46:52.924 [error] [LS Main stderr] I0419 18:46:52.923820 390623 http_helpers.go:123] URL: https://cloudcode-pa.googleapis.com/v1internal:streamGenerateContent?alt=sse Trace: 0xfbfdfdc49b52cab4

2026-04-19 18:46:54.292 [error] [LS Main stderr] I0419 18:46:54.292638 390623 planner_generator.go:283] Requesting planner with 69 chat messages at model retry attempt 1 and API retry attempt 1

2026-04-19 18:46:57.493 [error] [LS Main stderr] I0419 18:46:57.493239 390623 http_helpers.go:123] URL: https://cloudcode-pa.googleapis.com/v1internal:streamGenerateContent?alt=sse Trace: 0xfb689f1d5a9bdca7

2026-04-19 18:46:58.757 [error] [LS Main stderr] I0419 18:46:58.757341 390623 planner_generator.go:283] Requesting planner with 71 chat messages at model retry attempt 1 and API retry attempt 1

2026-04-19 18:47:02.188 [error] [LS Main stderr] I0419 18:47:02.188249 390623 http_helpers.go:123] URL: https://cloudcode-pa.googleapis.com/v1internal:streamGenerateContent?alt=sse Trace: 0x2965f59ca559698a

2026-04-19 18:47:06.550 [error] [LS Main stderr] I0419 18:47:06.550191 390623 planner_generator.go:283] Requesting planner with 73 chat messages at model retry attempt 1 and API retry attempt 1

2026-04-19 18:47:10.611 [error] [LS Main stderr] I0419 18:47:10.610593 390623 http_helpers.go:123] URL: https://cloudcode-pa.googleapis.com/v1internal:streamGenerateContent?alt=sse Trace: 0x120597c2d38d651a

2026-04-19 18:47:13.056 [error] [LS Main stderr] I0419 18:47:13.056126 390623 planner_generator.go:283] Requesting planner with 75 chat messages at model retry attempt 1 and API retry attempt 1

2026-04-19 18:47:17.443 [error] [LS Main stderr] I0419 18:47:17.443257 390623 http_helpers.go:123] URL: https://cloudcode-pa.googleapis.com/v1internal:streamGenerateContent?alt=sse Trace: 0x7c5706ea7d00793a

2026-04-19 18:47:17.852 [error] [LS Main stderr] I0419 18:47:17.852124 390623 planner_generator.go:283] Requesting planner with 77 chat messages at model retry attempt 1 and API retry attempt 1

2026-04-19 18:47:20.863 [error] [LS Main stderr] I0419 18:47:20.862818 390623 http_helpers.go:123] URL: https://cloudcode-pa.googleapis.com/v1internal:streamGenerateContent?alt=sse Trace: 0xa14d3e18bda81a59

2026-04-19 18:48:09.222 [error] [LS Main stderr] E0419 18:48:09.222062 390623 log.go:398] failed to check terminal shell support: internal: internal error

2026-04-19 18:48:09.253 [error] [LS Main stderr] I0419 18:48:09.253594 390623 planner_generator.go:283] Requesting planner with 80 chat messages at model retry attempt 1 and API retry attempt 1

2026-04-19 18:48:12.773 [error] [LS Main stderr] I0419 18:48:12.773613 390623 http_helpers.go:123] URL: https://cloudcode-pa.googleapis.com/v1internal:streamGenerateContent?alt=sse Trace: 0x17f987a8ac230105

2026-04-19 18:48:14.575 [error] [LS Main stderr] E0419 18:48:14.575447 390623 log.go:398] failed DOM for browser ephemeral message: no browser session active
E0419 18:48:14.575488 390623 log.go:398] failed page view for browser ephemeral message: no browser session active

2026-04-19 18:48:14.576 [error] [LS Main stderr] I0419 18:48:14.576232 390623 planner_generator.go:283] Requesting planner with 2 chat messages at model retry attempt 1 and API retry attempt 1

2026-04-19 18:48:17.404 [error] [LS Main stderr] I0419 18:48:17.404592 390623 http_helpers.go:123] URL: https://cloudcode-pa.googleapis.com/v1internal:streamGenerateContent?alt=sse Trace: 0xc74c0f1388c18a59

2026-04-19 18:48:19.275 [error] [LS Main stderr] E0419 18:48:19.275458 390623 log.go:398] failed DOM for browser ephemeral message: no browser session active
E0419 18:48:19.275488 390623 log.go:398] failed page view for browser ephemeral message: no browser session active

2026-04-19 18:48:19.276 [error] [LS Main stderr] I0419 18:48:19.276504 390623 planner_generator.go:283] Requesting planner with 4 chat messages at model retry attempt 1 and API retry attempt 1

2026-04-19 18:48:22.634 [error] [LS Main stderr] I0419 18:48:22.633817 390623 http_helpers.go:123] URL: https://cloudcode-pa.googleapis.com/v1internal:streamGenerateContent?alt=sse Trace: 0x63f8e55904fea178

2026-04-19 18:48:22.995 [error] [LS Main stderr] E0419 18:48:22.995007 390623 log.go:398] error executing cascade step: CORTEX_STEP_TYPE_CODE_ACTION: Could not successfully apply any edits. Please review the file and try smaller edits that you are more confident about.: chunk 0: cannot have nonempty target content in empty file

2026-04-19 18:48:22.995 [error] [LS Main stderr] E0419 18:48:22.995791 390623 log.go:398] failed DOM for browser ephemeral message: no browser session active
E0419 18:48:22.995830 390623 log.go:398] failed page view for browser ephemeral message: no browser session active

2026-04-19 18:48:22.997 [error] [LS Main stderr] I0419 18:48:22.996927 390623 planner_generator.go:283] Requesting planner with 6 chat messages at model retry attempt 1 and API retry attempt 1

2026-04-19 18:48:25.867 [error] [LS Main stderr] I0419 18:48:25.867453 390623 http_helpers.go:123] URL: https://cloudcode-pa.googleapis.com/v1internal:streamGenerateContent?alt=sse Trace: 0xb33fe81764c329f6

2026-04-19 18:48:27.361 [error] [LS Main stderr] I0419 18:48:27.361399 390623 operator.go:870] Updating actuation overlay for page A1A4080D0D0EF8EB2AF67A6F595FED8D
I0419 18:48:27.361461 390623 operator.go:899] [overlay] Running JS: window.updateActuationOverlay({"cascadeId":"c9153f68-fa78-4c50-9152-f50915bb7c57","displayString":"Opening URL...","passthroughEnabled":false})

2026-04-19 18:48:27.363 [error] [LS Main stderr] I0419 18:48:27.363044 390623 operator.go:902] Actuation overlay not injected yet for page A1A4080D0D0EF8EB2AF67A6F595FED8D

2026-04-19 18:48:27.582 [error] [LS Main stderr] I0419 18:48:27.582119 390623 operator.go:870] Updating actuation overlay for page A1A4080D0D0EF8EB2AF67A6F595FED8D
I0419 18:48:27.582160 390623 operator.go:899] [overlay] Running JS: window.updateActuationOverlay({"cascadeId":"c9153f68-fa78-4c50-9152-f50915bb7c57","displayString":"Getting DOM...","passthroughEnabled":true})

2026-04-19 18:48:27.583 [error] [LS Main stderr] I0419 18:48:27.583286 390623 operator.go:870] Updating actuation overlay for page A1A4080D0D0EF8EB2AF67A6F595FED8D
I0419 18:48:27.583315 390623 operator.go:899] [overlay] Running JS: window.updateActuationOverlay({"capturingScreenshot":true})

2026-04-19 18:48:27.644 [error] [LS Main stderr] I0419 18:48:27.644526 390623 operator.go:870] Updating actuation overlay for page A1A4080D0D0EF8EB2AF67A6F595FED8D
I0419 18:48:27.644563 390623 operator.go:899] [overlay] Running JS: window.updateActuationOverlay({"cascadeId":"c9153f68-fa78-4c50-9152-f50915bb7c57","displayString":"Getting DOM...","passthroughEnabled":false})

2026-04-19 18:48:27.965 [error] [LS Main stderr] I0419 18:48:27.965184 390623 operator.go:870] Updating actuation overlay for page A1A4080D0D0EF8EB2AF67A6F595FED8D
I0419 18:48:27.965238 390623 operator.go:899] [overlay] Running JS: window.updateActuationOverlay({"capturingScreenshot":false})

2026-04-19 18:48:27.970 [error] [LS Main stderr] I0419 18:48:27.970148 390623 planner_generator.go:283] Requesting planner with 8 chat messages at model retry attempt 1 and API retry attempt 1

2026-04-19 18:48:31.512 [error] [LS Main stderr] I0419 18:48:31.512230 390623 http_helpers.go:123] URL: https://cloudcode-pa.googleapis.com/v1internal:streamGenerateContent?alt=sse Trace: 0x9f1ae610b8fd5bf7

2026-04-19 18:48:34.242 [error] [LS Main stderr] I0419 18:48:34.241262 390623 operator.go:870] Updating actuation overlay for page A1A4080D0D0EF8EB2AF67A6F595FED8D
I0419 18:48:34.241312 390623 operator.go:899] [overlay] Running JS: window.updateActuationOverlay({"cascadeId":"c9153f68-fa78-4c50-9152-f50915bb7c57","displayString":"Getting DOM...","passthroughEnabled":true})

2026-04-19 18:48:34.242 [error] [LS Main stderr] I0419 18:48:34.241934 390623 operator.go:870] Updating actuation overlay for page A1A4080D0D0EF8EB2AF67A6F595FED8D
I0419 18:48:34.241971 390623 operator.go:899] [overlay] Running JS: window.updateActuationOverlay({"capturingScreenshot":true})

2026-04-19 18:48:34.315 [error] [LS Main stderr] I0419 18:48:34.315586 390623 operator.go:870] Updating actuation overlay for page A1A4080D0D0EF8EB2AF67A6F595FED8D
I0419 18:48:34.315625 390623 operator.go:899] [overlay] Running JS: window.updateActuationOverlay({"cascadeId":"c9153f68-fa78-4c50-9152-f50915bb7c57","displayString":"Getting DOM...","passthroughEnabled":false})

2026-04-19 18:48:34.553 [error] [LS Main stderr] I0419 18:48:34.553274 390623 operator.go:870] Updating actuation overlay for page A1A4080D0D0EF8EB2AF67A6F595FED8D
I0419 18:48:34.553317 390623 operator.go:899] [overlay] Running JS: window.updateActuationOverlay({"capturingScreenshot":false})

2026-04-19 18:48:34.562 [error] [LS Main stderr] I0419 18:48:34.561904 390623 planner_generator.go:283] Requesting planner with 10 chat messages at model retry attempt 1 and API retry attempt 1

2026-04-19 18:48:37.867 [error] [LS Main stderr] I0419 18:48:37.867303 390623 http_helpers.go:123] URL: https://cloudcode-pa.googleapis.com/v1internal:streamGenerateContent?alt=sse Trace: 0x2d65c68b43862041

2026-04-19 18:48:38.583 [error] [LS Main stderr] I0419 18:48:38.583332 390623 operator.go:870] Updating actuation overlay for page A1A4080D0D0EF8EB2AF67A6F595FED8D
I0419 18:48:38.583393 390623 operator.go:899] [overlay] Running JS: window.updateActuationOverlay({"cascadeId":"c9153f68-fa78-4c50-9152-f50915bb7c57","displayString":"Clicking...","passthroughEnabled":true})

2026-04-19 18:48:38.586 [error] [LS Main stderr] I0419 18:48:38.586354 390623 operator.go:870] Updating actuation overlay for page A1A4080D0D0EF8EB2AF67A6F595FED8D
I0419 18:48:38.586390 390623 operator.go:899] [overlay] Running JS: window.updateActuationOverlay({"capturingScreenshot":true})

2026-04-19 18:48:38.979 [error] [LS Main stderr] I0419 18:48:38.979161 390623 operator.go:870] Updating actuation overlay for page A1A4080D0D0EF8EB2AF67A6F595FED8D
I0419 18:48:38.979214 390623 operator.go:899] [overlay] Running JS: window.updateActuationOverlay({"capturingScreenshot":false})

2026-04-19 18:48:40.235 [error] [LS Main stderr] I0419 18:48:40.234830 390623 operator.go:870] Updating actuation overlay for page A1A4080D0D0EF8EB2AF67A6F595FED8D
I0419 18:48:40.234890 390623 operator.go:899] [overlay] Running JS: window.updateActuationOverlay({"cascadeId":"c9153f68-fa78-4c50-9152-f50915bb7c57","displayString":"Clicking...","passthroughEnabled":false})

2026-04-19 18:48:40.266 [error] [LS Main stderr] I0419 18:48:40.266241 390623 operator.go:870] Updating actuation overlay for page A1A4080D0D0EF8EB2AF67A6F595FED8D
I0419 18:48:40.266282 390623 operator.go:899] [overlay] Running JS: window.updateActuationOverlay({"cascadeId":"c9153f68-fa78-4c50-9152-f50915bb7c57","displayString":"Getting DOM...","passthroughEnabled":true})

2026-04-19 18:48:40.266 [error] [LS Main stderr] I0419 18:48:40.266683 390623 operator.go:870] Updating actuation overlay for page A1A4080D0D0EF8EB2AF67A6F595FED8D
I0419 18:48:40.266705 390623 operator.go:899] [overlay] Running JS: window.updateActuationOverlay({"capturingScreenshot":true})

2026-04-19 18:48:40.570 [error] [LS Main stderr] I0419 18:48:40.570331 390623 operator.go:870] Updating actuation overlay for page A1A4080D0D0EF8EB2AF67A6F595FED8D
I0419 18:48:40.570379 390623 operator.go:899] [overlay] Running JS: window.updateActuationOverlay({"cascadeId":"c9153f68-fa78-4c50-9152-f50915bb7c57","displayString":"Getting DOM...","passthroughEnabled":false})

2026-04-19 18:48:40.602 [error] [LS Main stderr] I0419 18:48:40.602025 390623 operator.go:870] Updating actuation overlay for page A1A4080D0D0EF8EB2AF67A6F595FED8D
I0419 18:48:40.602078 390623 operator.go:899] [overlay] Running JS: window.updateActuationOverlay({"capturingScreenshot":false})

2026-04-19 18:48:40.611 [error] [LS Main stderr] I0419 18:48:40.611169 390623 planner_generator.go:283] Requesting planner with 12 chat messages at model retry attempt 1 and API retry attempt 1

2026-04-19 18:48:45.609 [error] [LS Main stderr] I0419 18:48:45.609161 390623 http_helpers.go:123] URL: https://cloudcode-pa.googleapis.com/v1internal:streamGenerateContent?alt=sse Trace: 0x219e50c4ee1ca82d

2026-04-19 18:48:46.575 [error] [LS Main stderr] I0419 18:48:46.575180 390623 operator.go:870] Updating actuation overlay for page A1A4080D0D0EF8EB2AF67A6F595FED8D
I0419 18:48:46.575220 390623 operator.go:899] [overlay] Running JS: window.updateActuationOverlay({"cascadeId":"c9153f68-fa78-4c50-9152-f50915bb7c57","displayString":"Clicking...","passthroughEnabled":true})

2026-04-19 18:48:46.577 [error] [LS Main stderr] I0419 18:48:46.577240 390623 operator.go:870] Updating actuation overlay for page A1A4080D0D0EF8EB2AF67A6F595FED8D
I0419 18:48:46.577263 390623 operator.go:899] [overlay] Running JS: window.updateActuationOverlay({"capturingScreenshot":true})

2026-04-19 18:48:46.877 [error] [LS Main stderr] I0419 18:48:46.877274 390623 operator.go:870] Updating actuation overlay for page A1A4080D0D0EF8EB2AF67A6F595FED8D
I0419 18:48:46.877325 390623 operator.go:899] [overlay] Running JS: window.updateActuationOverlay({"capturingScreenshot":false})

2026-04-19 18:48:48.287 [error] [LS Main stderr] I0419 18:48:48.287537 390623 operator.go:870] Updating actuation overlay for page A1A4080D0D0EF8EB2AF67A6F595FED8D
I0419 18:48:48.287579 390623 operator.go:899] [overlay] Running JS: window.updateActuationOverlay({"cascadeId":"c9153f68-fa78-4c50-9152-f50915bb7c57","displayString":"Clicking...","passthroughEnabled":false})

2026-04-19 18:48:48.294 [error] [LS Main stderr] I0419 18:48:48.294639 390623 operator.go:870] Updating actuation overlay for page A1A4080D0D0EF8EB2AF67A6F595FED8D
I0419 18:48:48.294691 390623 operator.go:899] [overlay] Running JS: window.updateActuationOverlay({"cascadeId":"c9153f68-fa78-4c50-9152-f50915bb7c57","displayString":"Getting DOM...","passthroughEnabled":true})

2026-04-19 18:48:48.296 [error] [LS Main stderr] I0419 18:48:48.296390 390623 operator.go:870] Updating actuation overlay for page A1A4080D0D0EF8EB2AF67A6F595FED8D
I0419 18:48:48.296424 390623 operator.go:899] [overlay] Running JS: window.updateActuationOverlay({"capturingScreenshot":true})

2026-04-19 18:48:48.514 [error] [LS Main stderr] I0419 18:48:48.514079 390623 operator.go:870] Updating actuation overlay for page A1A4080D0D0EF8EB2AF67A6F595FED8D
I0419 18:48:48.514111 390623 operator.go:899] [overlay] Running JS: window.updateActuationOverlay({"cascadeId":"c9153f68-fa78-4c50-9152-f50915bb7c57","displayString":"Getting DOM...","passthroughEnabled":false})

2026-04-19 18:48:48.839 [error] [LS Main stderr] I0419 18:48:48.839250 390623 operator.go:870] Updating actuation overlay for page A1A4080D0D0EF8EB2AF67A6F595FED8D
I0419 18:48:48.839289 390623 operator.go:899] [overlay] Running JS: window.updateActuationOverlay({"capturingScreenshot":false})

2026-04-19 18:48:48.843 [error] [LS Main stderr] I0419 18:48:48.842904 390623 planner_generator.go:283] Requesting planner with 14 chat messages at model retry attempt 1 and API retry attempt 1

2026-04-19 18:48:52.907 [error] [LS Main stderr] I0419 18:48:52.907354 390623 http_helpers.go:123] URL: https://cloudcode-pa.googleapis.com/v1internal:streamGenerateContent?alt=sse Trace: 0xc64e5b317d931b24

2026-04-19 18:48:52.924 [error] [LS Main stderr] I0419 18:48:52.923768 390623 operator.go:870] Updating actuation overlay for page A1A4080D0D0EF8EB2AF67A6F595FED8D
I0419 18:48:52.923813 390623 operator.go:899] [overlay] Running JS: window.updateActuationOverlay({"cascadeId":"c9153f68-fa78-4c50-9152-f50915bb7c57","displayString":"Clicking...","passthroughEnabled":true})

2026-04-19 18:48:52.926 [error] [LS Main stderr] I0419 18:48:52.925875 390623 operator.go:870] Updating actuation overlay for page A1A4080D0D0EF8EB2AF67A6F595FED8D
I0419 18:48:52.925929 390623 operator.go:899] [overlay] Running JS: window.updateActuationOverlay({"capturingScreenshot":true})

2026-04-19 18:48:53.288 [error] [LS Main stderr] I0419 18:48:53.287754 390623 operator.go:870] Updating actuation overlay for page A1A4080D0D0EF8EB2AF67A6F595FED8D
I0419 18:48:53.287810 390623 operator.go:899] [overlay] Running JS: window.updateActuationOverlay({"capturingScreenshot":false})

2026-04-19 18:48:54.465 [error] [LS Main stderr] I0419 18:48:54.465607 390623 operator.go:870] Updating actuation overlay for page A1A4080D0D0EF8EB2AF67A6F595FED8D
I0419 18:48:54.465675 390623 operator.go:899] [overlay] Running JS: window.updateActuationOverlay({"cascadeId":"c9153f68-fa78-4c50-9152-f50915bb7c57","displayString":"Clicking...","passthroughEnabled":false})

2026-04-19 18:48:54.477 [error] [LS Main stderr] I0419 18:48:54.477487 390623 operator.go:870] Updating actuation overlay for page A1A4080D0D0EF8EB2AF67A6F595FED8D
I0419 18:48:54.477526 390623 operator.go:899] [overlay] Running JS: window.updateActuationOverlay({"cascadeId":"c9153f68-fa78-4c50-9152-f50915bb7c57","displayString":"Getting DOM...","passthroughEnabled":true})

2026-04-19 18:48:54.478 [error] [LS Main stderr] I0419 18:48:54.477855 390623 operator.go:870] Updating actuation overlay for page A1A4080D0D0EF8EB2AF67A6F595FED8D
I0419 18:48:54.477873 390623 operator.go:899] [overlay] Running JS: window.updateActuationOverlay({"capturingScreenshot":true})

2026-04-19 18:48:54.685 [error] [LS Main stderr] I0419 18:48:54.685461 390623 operator.go:870] Updating actuation overlay for page A1A4080D0D0EF8EB2AF67A6F595FED8D
I0419 18:48:54.685500 390623 operator.go:899] [overlay] Running JS: window.updateActuationOverlay({"cascadeId":"c9153f68-fa78-4c50-9152-f50915bb7c57","displayString":"Getting DOM...","passthroughEnabled":false})

2026-04-19 18:48:54.913 [error] [LS Main stderr] I0419 18:48:54.913564 390623 operator.go:870] Updating actuation overlay for page A1A4080D0D0EF8EB2AF67A6F595FED8D
I0419 18:48:54.913601 390623 operator.go:899] [overlay] Running JS: window.updateActuationOverlay({"capturingScreenshot":false})

2026-04-19 18:48:54.917 [error] [LS Main stderr] I0419 18:48:54.917603 390623 planner_generator.go:283] Requesting planner with 16 chat messages at model retry attempt 1 and API retry attempt 1

2026-04-19 18:49:00.821 [error] [LS Main stderr] I0419 18:49:00.820755 390623 http_helpers.go:123] URL: https://cloudcode-pa.googleapis.com/v1internal:streamGenerateContent?alt=sse Trace: 0x163fe19b41b00778

2026-04-19 18:49:01.292 [error] [LS Main stderr] I0419 18:49:01.292442 390623 operator.go:870] Updating actuation overlay for page A1A4080D0D0EF8EB2AF67A6F595FED8D
I0419 18:49:01.292478 390623 operator.go:899] [overlay] Running JS: window.updateActuationOverlay({"cascadeId":"c9153f68-fa78-4c50-9152-f50915bb7c57","displayString":"Pressing key...","passthroughEnabled":true})

2026-04-19 18:49:01.314 [error] [LS Main stderr] I0419 18:49:01.313813 390623 operator.go:870] Updating actuation overlay for page A1A4080D0D0EF8EB2AF67A6F595FED8D
I0419 18:49:01.313863 390623 operator.go:899] [overlay] Running JS: window.updateActuationOverlay({"cascadeId":"c9153f68-fa78-4c50-9152-f50915bb7c57","displayString":"Pressing key...","passthroughEnabled":false})

2026-04-19 18:49:01.322 [error] [LS Main stderr] I0419 18:49:01.321823 390623 operator.go:870] Updating actuation overlay for page A1A4080D0D0EF8EB2AF67A6F595FED8D
I0419 18:49:01.321867 390623 operator.go:899] [overlay] Running JS: window.updateActuationOverlay({"cascadeId":"c9153f68-fa78-4c50-9152-f50915bb7c57","displayString":"Getting DOM...","passthroughEnabled":true})

2026-04-19 18:49:01.322 [error] [LS Main stderr] I0419 18:49:01.322298 390623 operator.go:870] Updating actuation overlay for page A1A4080D0D0EF8EB2AF67A6F595FED8D
I0419 18:49:01.322325 390623 operator.go:899] [overlay] Running JS: window.updateActuationOverlay({"capturingScreenshot":true})

2026-04-19 18:49:01.557 [error] [LS Main stderr] I0419 18:49:01.557048 390623 operator.go:870] Updating actuation overlay for page A1A4080D0D0EF8EB2AF67A6F595FED8D
I0419 18:49:01.557093 390623 operator.go:899] [overlay] Running JS: window.updateActuationOverlay({"cascadeId":"c9153f68-fa78-4c50-9152-f50915bb7c57","displayString":"Getting DOM...","passthroughEnabled":false})

2026-04-19 18:49:01.622 [error] [LS Main stderr] I0419 18:49:01.622171 390623 operator.go:870] Updating actuation overlay for page A1A4080D0D0EF8EB2AF67A6F595FED8D
I0419 18:49:01.622226 390623 operator.go:899] [overlay] Running JS: window.updateActuationOverlay({"capturingScreenshot":false})

2026-04-19 18:49:01.724 [error] [LS Main stderr] I0419 18:49:01.724521 390623 planner_generator.go:283] Requesting planner with 18 chat messages at model retry attempt 1 and API retry attempt 1

2026-04-19 18:49:06.337 [error] [LS Main stderr] I0419 18:49:06.336830 390623 http_helpers.go:123] URL: https://cloudcode-pa.googleapis.com/v1internal:streamGenerateContent?alt=sse Trace: 0x133cf4548d434061

2026-04-19 18:49:07.352 [error] [LS Main stderr] I0419 18:49:07.352175 390623 operator.go:870] Updating actuation overlay for page A1A4080D0D0EF8EB2AF67A6F595FED8D
I0419 18:49:07.352207 390623 operator.go:899] [overlay] Running JS: window.updateActuationOverlay({"cascadeId":"c9153f68-fa78-4c50-9152-f50915bb7c57","displayString":"Getting DOM...","passthroughEnabled":true})

2026-04-19 18:49:07.600 [error] [LS Main stderr] I0419 18:49:07.600434 390623 operator.go:870] Updating actuation overlay for page A1A4080D0D0EF8EB2AF67A6F595FED8D
I0419 18:49:07.600471 390623 operator.go:899] [overlay] Running JS: window.updateActuationOverlay({"cascadeId":"c9153f68-fa78-4c50-9152-f50915bb7c57","displayString":"Getting DOM...","passthroughEnabled":false})

2026-04-19 18:49:07.611 [error] [LS Main stderr] I0419 18:49:07.611297 390623 operator.go:870] Updating actuation overlay for page A1A4080D0D0EF8EB2AF67A6F595FED8D
I0419 18:49:07.611332 390623 operator.go:899] [overlay] Running JS: window.updateActuationOverlay({"cascadeId":"c9153f68-fa78-4c50-9152-f50915bb7c57","displayString":"Getting DOM...","passthroughEnabled":true})

2026-04-19 18:49:07.612 [error] [LS Main stderr] I0419 18:49:07.611991 390623 operator.go:870] Updating actuation overlay for page A1A4080D0D0EF8EB2AF67A6F595FED8D
I0419 18:49:07.612026 390623 operator.go:899] [overlay] Running JS: window.updateActuationOverlay({"capturingScreenshot":true})

2026-04-19 18:49:07.837 [error] [LS Main stderr] I0419 18:49:07.837214 390623 operator.go:870] Updating actuation overlay for page A1A4080D0D0EF8EB2AF67A6F595FED8D
I0419 18:49:07.837256 390623 operator.go:899] [overlay] Running JS: window.updateActuationOverlay({"cascadeId":"c9153f68-fa78-4c50-9152-f50915bb7c57","displayString":"Getting DOM...","passthroughEnabled":false})

2026-04-19 18:49:07.953 [error] [LS Main stderr] I0419 18:49:07.953384 390623 operator.go:870] Updating actuation overlay for page A1A4080D0D0EF8EB2AF67A6F595FED8D
I0419 18:49:07.953427 390623 operator.go:899] [overlay] Running JS: window.updateActuationOverlay({"capturingScreenshot":false})

2026-04-19 18:49:07.960 [error] [LS Main stderr] I0419 18:49:07.959891 390623 planner_generator.go:283] Requesting planner with 20 chat messages at model retry attempt 1 and API retry attempt 1

2026-04-19 18:49:12.893 [error] [LS Main stderr] I0419 18:49:12.893336 390623 http_helpers.go:123] URL: https://cloudcode-pa.googleapis.com/v1internal:streamGenerateContent?alt=sse Trace: 0xe5b6696040bfbe00

2026-04-19 18:49:13.608 [error] [LS Main stderr] I0419 18:49:13.608468 390623 operator.go:870] Updating actuation overlay for page A1A4080D0D0EF8EB2AF67A6F595FED8D
I0419 18:49:13.608498 390623 operator.go:899] [overlay] Running JS: window.updateActuationOverlay({"cascadeId":"c9153f68-fa78-4c50-9152-f50915bb7c57","displayString":"Pressing key...","passthroughEnabled":true})

2026-04-19 18:49:13.711 [error] [LS Main stderr] I0419 18:49:13.711166 390623 operator.go:870] Updating actuation overlay for page A1A4080D0D0EF8EB2AF67A6F595FED8D
I0419 18:49:13.711204 390623 operator.go:899] [overlay] Running JS: window.updateActuationOverlay({"cascadeId":"c9153f68-fa78-4c50-9152-f50915bb7c57","displayString":"Pressing key...","passthroughEnabled":false})

2026-04-19 18:49:13.717 [error] [LS Main stderr] I0419 18:49:13.717560 390623 operator.go:870] Updating actuation overlay for page A1A4080D0D0EF8EB2AF67A6F595FED8D
I0419 18:49:13.717607 390623 operator.go:899] [overlay] Running JS: window.updateActuationOverlay({"cascadeId":"c9153f68-fa78-4c50-9152-f50915bb7c57","displayString":"Getting DOM...","passthroughEnabled":true})

2026-04-19 18:49:13.718 [error] [LS Main stderr] I0419 18:49:13.718821 390623 operator.go:870] Updating actuation overlay for page A1A4080D0D0EF8EB2AF67A6F595FED8D
I0419 18:49:13.718847 390623 operator.go:899] [overlay] Running JS: window.updateActuationOverlay({"capturingScreenshot":true})

2026-04-19 18:49:13.939 [error] [LS Main stderr] I0419 18:49:13.939508 390623 operator.go:870] Updating actuation overlay for page A1A4080D0D0EF8EB2AF67A6F595FED8D
I0419 18:49:13.939550 390623 operator.go:899] [overlay] Running JS: window.updateActuationOverlay({"cascadeId":"c9153f68-fa78-4c50-9152-f50915bb7c57","displayString":"Getting DOM...","passthroughEnabled":false})

2026-04-19 18:49:14.185 [error] [LS Main stderr] I0419 18:49:14.185633 390623 operator.go:870] Updating actuation overlay for page A1A4080D0D0EF8EB2AF67A6F595FED8D
I0419 18:49:14.185673 390623 operator.go:899] [overlay] Running JS: window.updateActuationOverlay({"capturingScreenshot":false})

2026-04-19 18:49:14.193 [error] [LS Main stderr] I0419 18:49:14.193076 390623 planner_generator.go:283] Requesting planner with 22 chat messages at model retry attempt 1 and API retry attempt 1

2026-04-19 18:49:18.773 [error] [LS Main stderr] I0419 18:49:18.773004 390623 http_helpers.go:123] URL: https://cloudcode-pa.googleapis.com/v1internal:streamGenerateContent?alt=sse Trace: 0xdc49ce811817b30f

2026-04-19 18:49:19.126 [error] [LS Main stderr] I0419 18:49:19.125988 390623 operator.go:870] Updating actuation overlay for page A1A4080D0D0EF8EB2AF67A6F595FED8D
I0419 18:49:19.126025 390623 operator.go:899] [overlay] Running JS: window.updateActuationOverlay({"cascadeId":"c9153f68-fa78-4c50-9152-f50915bb7c57","displayString":"Getting DOM...","passthroughEnabled":true})

2026-04-19 18:49:19.126 [error] [LS Main stderr] I0419 18:49:19.126530 390623 operator.go:870] Updating actuation overlay for page A1A4080D0D0EF8EB2AF67A6F595FED8D
I0419 18:49:19.126553 390623 operator.go:899] [overlay] Running JS: window.updateActuationOverlay({"capturingScreenshot":true})

2026-04-19 18:49:19.338 [error] [LS Main stderr] I0419 18:49:19.338256 390623 operator.go:870] Updating actuation overlay for page A1A4080D0D0EF8EB2AF67A6F595FED8D
I0419 18:49:19.338295 390623 operator.go:899] [overlay] Running JS: window.updateActuationOverlay({"cascadeId":"c9153f68-fa78-4c50-9152-f50915bb7c57","displayString":"Getting DOM...","passthroughEnabled":false})

2026-04-19 18:49:19.590 [error] [LS Main stderr] I0419 18:49:19.590571 390623 operator.go:870] Updating actuation overlay for page A1A4080D0D0EF8EB2AF67A6F595FED8D
I0419 18:49:19.590624 390623 operator.go:899] [overlay] Running JS: window.updateActuationOverlay({"capturingScreenshot":false})

2026-04-19 18:49:19.598 [error] [LS Main stderr] I0419 18:49:19.598068 390623 planner_generator.go:283] Requesting planner with 24 chat messages at model retry attempt 1 and API retry attempt 1

2026-04-19 18:49:30.496 [error] [LS Main stderr] E0419 18:49:30.495870 390623 log.go:398] failed to check terminal shell support: internal: internal error

2026-04-19 18:49:31.758 [error] [LS Main stderr] I0419 18:49:31.757796 390623 http_helpers.go:123] URL: https://cloudcode-pa.googleapis.com/v1internal:fetchAvailableModels Trace: 0xce3a34ce8dbfac36

2026-04-19 18:49:31.977 [error] [LS Main stderr] I0419 18:49:31.977153 390623 http_helpers.go:123] URL: https://cloudcode-pa.googleapis.com/v1internal:streamGenerateContent?alt=sse Trace: 0xeec3d66af58ac73a

2026-04-19 18:49:33.645 [error] [LS Main stderr] I0419 18:49:33.645575 390623 operator.go:870] Updating actuation overlay for page A1A4080D0D0EF8EB2AF67A6F595FED8D
I0419 18:49:33.645615 390623 operator.go:899] [overlay] Running JS: window.updateActuationOverlay({"cascadeId":"c9153f68-fa78-4c50-9152-f50915bb7c57","displayString":"Getting console logs...","passthroughEnabled":true})

2026-04-19 18:49:33.652 [error] [LS Main stderr] I0419 18:49:33.652261 390623 operator.go:870] Updating actuation overlay for page A1A4080D0D0EF8EB2AF67A6F595FED8D
I0419 18:49:33.652296 390623 operator.go:899] [overlay] Running JS: window.updateActuationOverlay({"cascadeId":"c9153f68-fa78-4c50-9152-f50915bb7c57","displayString":"Getting console logs...","passthroughEnabled":false})

2026-04-19 18:49:33.661 [error] [LS Main stderr] I0419 18:49:33.661791 390623 operator.go:870] Updating actuation overlay for page A1A4080D0D0EF8EB2AF67A6F595FED8D
I0419 18:49:33.661841 390623 operator.go:899] [overlay] Running JS: window.updateActuationOverlay({"cascadeId":"c9153f68-fa78-4c50-9152-f50915bb7c57","displayString":"Getting DOM...","passthroughEnabled":true})

2026-04-19 18:49:33.662 [error] [LS Main stderr] I0419 18:49:33.662256 390623 operator.go:870] Updating actuation overlay for page A1A4080D0D0EF8EB2AF67A6F595FED8D
I0419 18:49:33.662281 390623 operator.go:899] [overlay] Running JS: window.updateActuationOverlay({"capturingScreenshot":true})

2026-04-19 18:49:33.877 [error] [LS Main stderr] I0419 18:49:33.877618 390623 operator.go:870] Updating actuation overlay for page A1A4080D0D0EF8EB2AF67A6F595FED8D
I0419 18:49:33.877654 390623 operator.go:899] [overlay] Running JS: window.updateActuationOverlay({"cascadeId":"c9153f68-fa78-4c50-9152-f50915bb7c57","displayString":"Getting DOM...","passthroughEnabled":false})

2026-04-19 18:49:34.034 [error] [LS Main stderr] I0419 18:49:34.034581 390623 operator.go:870] Updating actuation overlay for page A1A4080D0D0EF8EB2AF67A6F595FED8D
I0419 18:49:34.034637 390623 operator.go:899] [overlay] Running JS: window.updateActuationOverlay({"capturingScreenshot":false})

2026-04-19 18:49:34.040 [error] [LS Main stderr] I0419 18:49:34.040344 390623 planner_generator.go:283] Requesting planner with 26 chat messages at model retry attempt 1 and API retry attempt 1

2026-04-19 18:49:35.128 [error] [LS Main stderr] I0419 18:49:35.128665 390623 http_helpers.go:123] URL: https://cloudcode-pa.googleapis.com/v1internal:loadCodeAssist Trace: 0x8dc6bc7c4e1f0db8

2026-04-19 18:49:38.687 [error] [LS Main stderr] I0419 18:49:38.686946 390623 http_helpers.go:123] URL: https://cloudcode-pa.googleapis.com/v1internal:streamGenerateContent?alt=sse Trace: 0x6870fa8fa6e02120

2026-04-19 18:49:38.709 [error] [LS Main stderr] I0419 18:49:38.709319 390623 operator.go:870] Updating actuation overlay for page A1A4080D0D0EF8EB2AF67A6F595FED8D
I0419 18:49:38.709355 390623 operator.go:899] [overlay] Running JS: window.updateActuationOverlay({"cascadeId":"c9153f68-fa78-4c50-9152-f50915bb7c57","displayString":"Clicking...","passthroughEnabled":true})

2026-04-19 18:49:38.711 [error] [LS Main stderr] I0419 18:49:38.711464 390623 operator.go:870] Updating actuation overlay for page A1A4080D0D0EF8EB2AF67A6F595FED8D
I0419 18:49:38.711505 390623 operator.go:899] [overlay] Running JS: window.updateActuationOverlay({"capturingScreenshot":true})

2026-04-19 18:49:39.137 [error] [LS Main stderr] I0419 18:49:39.137196 390623 operator.go:870] Updating actuation overlay for page A1A4080D0D0EF8EB2AF67A6F595FED8D
I0419 18:49:39.137247 390623 operator.go:899] [overlay] Running JS: window.updateActuationOverlay({"capturingScreenshot":false})

2026-04-19 18:49:40.400 [error] [LS Main stderr] I0419 18:49:40.400155 390623 operator.go:870] Updating actuation overlay for page A1A4080D0D0EF8EB2AF67A6F595FED8D
I0419 18:49:40.400216 390623 operator.go:899] [overlay] Running JS: window.updateActuationOverlay({"cascadeId":"c9153f68-fa78-4c50-9152-f50915bb7c57","displayString":"Clicking...","passthroughEnabled":false})

2026-04-19 18:49:40.411 [error] [LS Main stderr] I0419 18:49:40.411569 390623 operator.go:870] Updating actuation overlay for page A1A4080D0D0EF8EB2AF67A6F595FED8D
I0419 18:49:40.411627 390623 operator.go:899] [overlay] Running JS: window.updateActuationOverlay({"cascadeId":"c9153f68-fa78-4c50-9152-f50915bb7c57","displayString":"Getting DOM...","passthroughEnabled":true})

2026-04-19 18:49:40.412 [error] [LS Main stderr] I0419 18:49:40.412169 390623 operator.go:870] Updating actuation overlay for page A1A4080D0D0EF8EB2AF67A6F595FED8D
I0419 18:49:40.412200 390623 operator.go:899] [overlay] Running JS: window.updateActuationOverlay({"capturingScreenshot":true})

2026-04-19 18:49:40.618 [error] [LS Main stderr] I0419 18:49:40.618472 390623 operator.go:870] Updating actuation overlay for page A1A4080D0D0EF8EB2AF67A6F595FED8D
I0419 18:49:40.618512 390623 operator.go:899] [overlay] Running JS: window.updateActuationOverlay({"cascadeId":"c9153f68-fa78-4c50-9152-f50915bb7c57","displayString":"Getting DOM...","passthroughEnabled":false})

2026-04-19 18:49:40.836 [error] [LS Main stderr] I0419 18:49:40.836736 390623 operator.go:870] Updating actuation overlay for page A1A4080D0D0EF8EB2AF67A6F595FED8D
I0419 18:49:40.836774 390623 operator.go:899] [overlay] Running JS: window.updateActuationOverlay({"capturingScreenshot":false})

2026-04-19 18:49:40.842 [error] [LS Main stderr] I0419 18:49:40.841953 390623 planner_generator.go:283] Requesting planner with 28 chat messages at model retry attempt 1 and API retry attempt 1

2026-04-19 18:49:46.002 [error] [LS Main stderr] I0419 18:49:46.002272 390623 http_helpers.go:123] URL: https://cloudcode-pa.googleapis.com/v1internal:streamGenerateContent?alt=sse Trace: 0x893a8581d620d84d

2026-04-19 18:49:46.082 [error] [LS Main stderr] I0419 18:49:46.082704 390623 operator.go:870] Updating actuation overlay for page A1A4080D0D0EF8EB2AF67A6F595FED8D
I0419 18:49:46.082747 390623 operator.go:899] [overlay] Running JS: window.updateActuationOverlay({"cascadeId":"c9153f68-fa78-4c50-9152-f50915bb7c57","displayString":"Clicking...","passthroughEnabled":true})

2026-04-19 18:49:46.086 [error] [LS Main stderr] I0419 18:49:46.086494 390623 operator.go:870] Updating actuation overlay for page A1A4080D0D0EF8EB2AF67A6F595FED8D
I0419 18:49:46.086523 390623 operator.go:899] [overlay] Running JS: window.updateActuationOverlay({"capturingScreenshot":true})

2026-04-19 18:49:46.358 [error] [LS Main stderr] I0419 18:49:46.358425 390623 operator.go:870] Updating actuation overlay for page A1A4080D0D0EF8EB2AF67A6F595FED8D
I0419 18:49:46.358467 390623 operator.go:899] [overlay] Running JS: window.updateActuationOverlay({"capturingScreenshot":false})

2026-04-19 18:49:47.687 [error] [LS Main stderr] I0419 18:49:47.686825 390623 operator.go:870] Updating actuation overlay for page A1A4080D0D0EF8EB2AF67A6F595FED8D
I0419 18:49:47.686885 390623 operator.go:899] [overlay] Running JS: window.updateActuationOverlay({"cascadeId":"c9153f68-fa78-4c50-9152-f50915bb7c57","displayString":"Clicking...","passthroughEnabled":false})

2026-04-19 18:49:47.714 [error] [LS Main stderr] I0419 18:49:47.713790 390623 operator.go:870] Updating actuation overlay for page A1A4080D0D0EF8EB2AF67A6F595FED8D
I0419 18:49:47.713829 390623 operator.go:899] [overlay] Running JS: window.updateActuationOverlay({"cascadeId":"c9153f68-fa78-4c50-9152-f50915bb7c57","displayString":"Getting DOM...","passthroughEnabled":true})

2026-04-19 18:49:47.714 [error] [LS Main stderr] I0419 18:49:47.714248 390623 operator.go:870] Updating actuation overlay for page A1A4080D0D0EF8EB2AF67A6F595FED8D
I0419 18:49:47.714273 390623 operator.go:899] [overlay] Running JS: window.updateActuationOverlay({"capturingScreenshot":true})

2026-04-19 18:49:47.928 [error] [LS Main stderr] I0419 18:49:47.928480 390623 operator.go:870] Updating actuation overlay for page A1A4080D0D0EF8EB2AF67A6F595FED8D
I0419 18:49:47.928517 390623 operator.go:899] [overlay] Running JS: window.updateActuationOverlay({"cascadeId":"c9153f68-fa78-4c50-9152-f50915bb7c57","displayString":"Getting DOM...","passthroughEnabled":false})

2026-04-19 18:49:48.060 [error] [LS Main stderr] I0419 18:49:48.060696 390623 operator.go:870] Updating actuation overlay for page A1A4080D0D0EF8EB2AF67A6F595FED8D
I0419 18:49:48.060746 390623 operator.go:899] [overlay] Running JS: window.updateActuationOverlay({"capturingScreenshot":false})

2026-04-19 18:49:48.067 [error] [LS Main stderr] I0419 18:49:48.066708 390623 planner_generator.go:283] Requesting planner with 30 chat messages at model retry attempt 1 and API retry attempt 1

2026-04-19 18:49:52.844 [error] [LS Main stderr] I0419 18:49:52.843895 390623 http_helpers.go:123] URL: https://cloudcode-pa.googleapis.com/v1internal:streamGenerateContent?alt=sse Trace: 0xce196a685561bfad

2026-04-19 18:49:53.732 [error] [LS Main stderr] I0419 18:49:53.731773 390623 operator.go:870] Updating actuation overlay for page A1A4080D0D0EF8EB2AF67A6F595FED8D
I0419 18:49:53.731806 390623 operator.go:899] [overlay] Running JS: window.updateActuationOverlay({"cascadeId":"c9153f68-fa78-4c50-9152-f50915bb7c57","displayString":"Getting console logs...","passthroughEnabled":true})

2026-04-19 18:49:53.739 [error] [LS Main stderr] I0419 18:49:53.739562 390623 operator.go:870] Updating actuation overlay for page A1A4080D0D0EF8EB2AF67A6F595FED8D
I0419 18:49:53.739607 390623 operator.go:899] [overlay] Running JS: window.updateActuationOverlay({"cascadeId":"c9153f68-fa78-4c50-9152-f50915bb7c57","displayString":"Getting console logs...","passthroughEnabled":false})

2026-04-19 18:49:53.751 [error] [LS Main stderr] I0419 18:49:53.751176 390623 operator.go:870] Updating actuation overlay for page A1A4080D0D0EF8EB2AF67A6F595FED8D
I0419 18:49:53.751219 390623 operator.go:899] [overlay] Running JS: window.updateActuationOverlay({"cascadeId":"c9153f68-fa78-4c50-9152-f50915bb7c57","displayString":"Getting DOM...","passthroughEnabled":true})

2026-04-19 18:49:53.751 [error] [LS Main stderr] I0419 18:49:53.751610 390623 operator.go:870] Updating actuation overlay for page A1A4080D0D0EF8EB2AF67A6F595FED8D
I0419 18:49:53.751631 390623 operator.go:899] [overlay] Running JS: window.updateActuationOverlay({"capturingScreenshot":true})

2026-04-19 18:49:53.962 [error] [LS Main stderr] I0419 18:49:53.962565 390623 operator.go:870] Updating actuation overlay for page A1A4080D0D0EF8EB2AF67A6F595FED8D
I0419 18:49:53.962601 390623 operator.go:899] [overlay] Running JS: window.updateActuationOverlay({"cascadeId":"c9153f68-fa78-4c50-9152-f50915bb7c57","displayString":"Getting DOM...","passthroughEnabled":false})

2026-04-19 18:49:54.292 [error] [LS Main stderr] I0419 18:49:54.292283 390623 operator.go:870] Updating actuation overlay for page A1A4080D0D0EF8EB2AF67A6F595FED8D
I0419 18:49:54.292323 390623 operator.go:899] [overlay] Running JS: window.updateActuationOverlay({"capturingScreenshot":false})

2026-04-19 18:49:54.297 [error] [LS Main stderr] I0419 18:49:54.297697 390623 planner_generator.go:283] Requesting planner with 32 chat messages at model retry attempt 1 and API retry attempt 1

2026-04-19 18:50:00.157 [error] [LS Main stderr] I0419 18:50:00.156751 390623 http_helpers.go:123] URL: https://cloudcode-pa.googleapis.com/v1internal:streamGenerateContent?alt=sse Trace: 0x1ef5488cb91e9dd4

2026-04-19 18:50:02.504 [error] [LS Main stderr] I0419 18:50:02.504453 390623 planner_generator.go:283] Requesting planner with 81 chat messages at model retry attempt 1 and API retry attempt 1

2026-04-19 18:50:05.539 [error] [LS Main stderr] I0419 18:50:05.538739 390623 http_helpers.go:123] URL: https://cloudcode-pa.googleapis.com/v1internal:streamGenerateContent?alt=sse Trace: 0x11271085b47e193b

2026-04-19 18:51:07.720 [error] [LS Main stderr] E0419 18:51:07.720369 390623 log.go:398] failed to check terminal shell support: internal: internal error

2026-04-19 18:51:07.758 [error] [LS Main stderr] I0419 18:51:07.758247 390623 planner_generator.go:283] Requesting planner with 84 chat messages at model retry attempt 1 and API retry attempt 1

2026-04-19 18:51:11.374 [error] [LS Main stderr] I0419 18:51:11.373924 390623 http_helpers.go:123] URL: https://cloudcode-pa.googleapis.com/v1internal:streamGenerateContent?alt=sse Trace: 0x4dfe0dd442f7200f

2026-04-19 18:51:12.747 [error] [LS Main stderr] I0419 18:51:12.747480 390623 planner_generator.go:283] Requesting planner with 85 chat messages at model retry attempt 1 and API retry attempt 1

2026-04-19 18:51:16.312 [error] [LS Main stderr] I0419 18:51:16.312287 390623 http_helpers.go:123] URL: https://cloudcode-pa.googleapis.com/v1internal:streamGenerateContent?alt=sse Trace: 0x4ae86d1ff96823f9

2026-04-19 18:51:17.498 [error] [LS Main stderr] I0419 18:51:17.498138 390623 planner_generator.go:283] Requesting planner with 87 chat messages at model retry attempt 1 and API retry attempt 1

2026-04-19 18:51:19.312 [error] [LS Main stderr] I0419 18:51:19.312248 390623 http_helpers.go:123] URL: https://cloudcode-pa.googleapis.com/v1internal:streamGenerateContent?alt=sse Trace: 0x6f575b0d551908f9

2026-04-19 18:51:20.532 [error] [LS Main stderr] I0419 18:51:20.532430 390623 http_helpers.go:123] URL: https://cloudcode-pa.googleapis.com/v1internal:streamGenerateContent?alt=sse Trace: 0x8753d531b6bbae96

2026-04-19 18:51:20.710 [error] [LS Main stderr] I0419 18:51:20.710047 390623 http_helpers.go:123] URL: https://cloudcode-pa.googleapis.com/v1internal:streamGenerateContent?alt=sse Trace: 0x93076441abab69ee

2026-04-19 18:51:21.661 [error] [LS Main stderr] I0419 18:51:21.661463 390623 http_helpers.go:123] URL: https://cloudcode-pa.googleapis.com/v1internal:streamGenerateContent?alt=sse Trace: 0x9298d573dfa23857

2026-04-19 18:51:26.552 [error] [LS Main stderr] I0419 18:51:26.552349 390623 planner_generator.go:283] Requesting planner with 89 chat messages at model retry attempt 1 and API retry attempt 1

2026-04-19 18:51:30.383 [error] [LS Main stderr] I0419 18:51:30.382696 390623 http_helpers.go:123] URL: https://cloudcode-pa.googleapis.com/v1internal:streamGenerateContent?alt=sse Trace: 0x45f2ca9ada412625

2026-04-19 18:51:34.295 [error] [LS Main stderr] I0419 18:51:34.295408 390623 planner_generator.go:283] Requesting planner with 91 chat messages at model retry attempt 1 and API retry attempt 1

2026-04-19 18:51:37.918 [error] [LS Main stderr] I0419 18:51:37.917772 390623 http_helpers.go:123] URL: https://cloudcode-pa.googleapis.com/v1internal:streamGenerateContent?alt=sse Trace: 0x931f252f5f4a077

2026-04-19 18:51:41.074 [error] [LS Main stderr] I0419 18:51:41.074633 390623 planner_generator.go:283] Requesting planner with 93 chat messages at model retry attempt 1 and API retry attempt 1

2026-04-19 18:51:44.682 [error] [LS Main stderr] I0419 18:51:44.682456 390623 http_helpers.go:123] URL: https://cloudcode-pa.googleapis.com/v1internal:streamGenerateContent?alt=sse Trace: 0x4b2e4ebf60a9c0f6

2026-04-19 18:51:50.600 [error] [LS Main stderr] I0419 18:51:50.600423 390623 planner_generator.go:283] Requesting planner with 95 chat messages at model retry attempt 1 and API retry attempt 1

2026-04-19 18:51:54.479 [error] [LS Main stderr] I0419 18:51:54.479036 390623 http_helpers.go:123] URL: https://cloudcode-pa.googleapis.com/v1internal:streamGenerateContent?alt=sse Trace: 0xb80c191129d4d57d

2026-04-19 18:52:08.643 [error] [LS Main stderr] I0419 18:52:08.643075 390623 planner_generator.go:283] Requesting planner with 97 chat messages at model retry attempt 1 and API retry attempt 1

2026-04-19 18:52:12.111 [error] [LS Main stderr] I0419 18:52:12.111264 390623 http_helpers.go:123] URL: https://cloudcode-pa.googleapis.com/v1internal:streamGenerateContent?alt=sse Trace: 0xcd15d94a73baebd

2026-04-19 18:52:15.611 [error] [LS Main stderr] I0419 18:52:15.611389 390623 planner_generator.go:283] Requesting planner with 99 chat messages at model retry attempt 1 and API retry attempt 1

2026-04-19 18:52:19.337 [error] [LS Main stderr] I0419 18:52:19.337730 390623 http_helpers.go:123] URL: https://cloudcode-pa.googleapis.com/v1internal:streamGenerateContent?alt=sse Trace: 0xdd254e91d9e54f7b

2026-04-19 18:52:26.449 [error] [LS Main stderr] E0419 18:52:26.449108 390623 log.go:398] failed DOM for browser ephemeral message: no browser session active
E0419 18:52:26.449204 390623 log.go:398] failed page view for browser ephemeral message: no browser session active

2026-04-19 18:52:26.450 [error] [LS Main stderr] I0419 18:52:26.450034 390623 planner_generator.go:283] Requesting planner with 2 chat messages at model retry attempt 1 and API retry attempt 1

2026-04-19 18:52:29.560 [error] [LS Main stderr] I0419 18:52:29.559803 390623 http_helpers.go:123] URL: https://cloudcode-pa.googleapis.com/v1internal:streamGenerateContent?alt=sse Trace: 0x3bfb7ed7b7d62211

2026-04-19 18:52:30.969 [error] [LS Main stderr] E0419 18:52:30.968833 390623 log.go:398] failed DOM for browser ephemeral message: no browser session active
E0419 18:52:30.968835 390623 log.go:398] failed page view for browser ephemeral message: no browser session active

2026-04-19 18:52:30.970 [error] [LS Main stderr] I0419 18:52:30.969843 390623 planner_generator.go:283] Requesting planner with 4 chat messages at model retry attempt 1 and API retry attempt 1

2026-04-19 18:52:34.292 [error] [LS Main stderr] I0419 18:52:34.292422 390623 http_helpers.go:123] URL: https://cloudcode-pa.googleapis.com/v1internal:streamGenerateContent?alt=sse Trace: 0xf5e30c00508d79c0

2026-04-19 18:52:34.775 [error] [LS Main stderr] E0419 18:52:34.775150 390623 log.go:398] error executing cascade step: CORTEX_STEP_TYPE_CODE_ACTION: Could not successfully apply any edits. Please review the file and try smaller edits that you are more confident about.: chunk 0: cannot have nonempty target content in empty file

2026-04-19 18:52:34.776 [error] [LS Main stderr] E0419 18:52:34.776032 390623 log.go:398] failed DOM for browser ephemeral message: no browser session active
E0419 18:52:34.776066 390623 log.go:398] failed page view for browser ephemeral message: no browser session active

2026-04-19 18:52:34.777 [error] [LS Main stderr] I0419 18:52:34.777023 390623 planner_generator.go:283] Requesting planner with 6 chat messages at model retry attempt 1 and API retry attempt 1

2026-04-19 18:52:38.163 [error] [LS Main stderr] E0419 18:52:38.163160 390623 log.go:398] failed to check terminal shell support: internal: internal error

2026-04-19 18:52:41.287 [error] [LS Main stderr] I0419 18:52:41.287547 390623 http_helpers.go:123] URL: https://cloudcode-pa.googleapis.com/v1internal:streamGenerateContent?alt=sse Trace: 0xe51bff4a2b615c2a

2026-04-19 18:52:43.421 [error] [LS Main stderr] E0419 18:52:43.421407 390623 log.go:398] failed DOM for browser ephemeral message: no browser session active
E0419 18:52:43.421442 390623 log.go:398] failed page view for browser ephemeral message: no browser session active

2026-04-19 18:52:43.422 [error] [LS Main stderr] I0419 18:52:43.422603 390623 planner_generator.go:283] Requesting planner with 8 chat messages at model retry attempt 1 and API retry attempt 1

2026-04-19 18:52:49.361 [error] [LS Main stderr] I0419 18:52:49.361387 390623 http_helpers.go:123] URL: https://cloudcode-pa.googleapis.com/v1internal:streamGenerateContent?alt=sse Trace: 0xd39968802476b6a1

2026-04-19 18:52:50.816 [error] [LS Main stderr] I0419 18:52:50.816427 390623 operator.go:870] Updating actuation overlay for page 

2026-04-19 18:52:50.844 [error] [LS Main stderr] E0419 18:52:50.844562 390623 log.go:398] failed DOM for browser ephemeral message: no browser session active
E0419 18:52:50.844664 390623 log.go:398] failed page view for browser ephemeral message: no browser session active

2026-04-19 18:52:50.846 [error] [LS Main stderr] I0419 18:52:50.845903 390623 planner_generator.go:283] Requesting planner with 10 chat messages at model retry attempt 1 and API retry attempt 1

2026-04-19 18:53:00.394 [error] [LS Main stderr] I0419 18:53:00.394202 390623 http_helpers.go:123] URL: https://cloudcode-pa.googleapis.com/v1internal:streamGenerateContent?alt=sse Trace: 0xf415f584cc5d29ad

2026-04-19 18:53:00.876 [error] [LS Main stderr] I0419 18:53:00.876257 390623 operator.go:870] Updating actuation overlay for page A1A4080D0D0EF8EB2AF67A6F595FED8D
I0419 18:53:00.876301 390623 operator.go:899] [overlay] Running JS: window.updateActuationOverlay({"cascadeId":"c9153f68-fa78-4c50-9152-f50915bb7c57","displayString":"Getting DOM...","passthroughEnabled":true})

2026-04-19 18:53:00.877 [error] [LS Main stderr] I0419 18:53:00.877461 390623 operator.go:902] Actuation overlay not injected yet for page A1A4080D0D0EF8EB2AF67A6F595FED8D

2026-04-19 18:53:00.971 [error] [LS Main stderr] I0419 18:53:00.970868 390623 operator.go:870] Updating actuation overlay for page A1A4080D0D0EF8EB2AF67A6F595FED8D
I0419 18:53:00.970942 390623 operator.go:899] [overlay] Running JS: window.updateActuationOverlay({"cascadeId":"c9153f68-fa78-4c50-9152-f50915bb7c57","displayString":"Getting DOM...","passthroughEnabled":false})

2026-04-19 18:53:00.984 [error] [LS Main stderr] I0419 18:53:00.984011 390623 operator.go:870] Updating actuation overlay for page A1A4080D0D0EF8EB2AF67A6F595FED8D
I0419 18:53:00.984062 390623 operator.go:899] [overlay] Running JS: window.updateActuationOverlay({"cascadeId":"c9153f68-fa78-4c50-9152-f50915bb7c57","displayString":"Getting DOM...","passthroughEnabled":true})

2026-04-19 18:53:00.984 [error] [LS Main stderr] I0419 18:53:00.984587 390623 operator.go:870] Updating actuation overlay for page A1A4080D0D0EF8EB2AF67A6F595FED8D
I0419 18:53:00.984622 390623 operator.go:899] [overlay] Running JS: window.updateActuationOverlay({"capturingScreenshot":true})

2026-04-19 18:53:01.026 [error] [LS Main stderr] I0419 18:53:01.025861 390623 operator.go:870] Updating actuation overlay for page A1A4080D0D0EF8EB2AF67A6F595FED8D
I0419 18:53:01.025904 390623 operator.go:899] [overlay] Running JS: window.updateActuationOverlay({"cascadeId":"c9153f68-fa78-4c50-9152-f50915bb7c57","displayString":"Getting DOM...","passthroughEnabled":false})

2026-04-19 18:53:01.161 [error] [LS Main stderr] I0419 18:53:01.161201 390623 operator.go:870] Updating actuation overlay for page A1A4080D0D0EF8EB2AF67A6F595FED8D
I0419 18:53:01.161253 390623 operator.go:899] [overlay] Running JS: window.updateActuationOverlay({"capturingScreenshot":false})

2026-04-19 18:53:01.167 [error] [LS Main stderr] I0419 18:53:01.166978 390623 planner_generator.go:283] Requesting planner with 12 chat messages at model retry attempt 1 and API retry attempt 1

2026-04-19 18:53:11.687 [error] [LS Main stderr] I0419 18:53:11.686861 390623 http_helpers.go:123] URL: https://cloudcode-pa.googleapis.com/v1internal:streamGenerateContent?alt=sse Trace: 0x95337b0ab571acfd

2026-04-19 18:53:14.251 [error] [LS Main stderr] I0419 18:53:14.251413 390623 operator.go:870] Updating actuation overlay for page A1A4080D0D0EF8EB2AF67A6F595FED8D
I0419 18:53:14.251463 390623 operator.go:899] [overlay] Running JS: window.updateActuationOverlay({"cascadeId":"c9153f68-fa78-4c50-9152-f50915bb7c57","displayString":"Getting DOM...","passthroughEnabled":true})

2026-04-19 18:53:14.252 [error] [LS Main stderr] I0419 18:53:14.251944 390623 operator.go:870] Updating actuation overlay for page A1A4080D0D0EF8EB2AF67A6F595FED8D
I0419 18:53:14.251964 390623 operator.go:899] [overlay] Running JS: window.updateActuationOverlay({"capturingScreenshot":true})

2026-04-19 18:53:14.288 [error] [LS Main stderr] I0419 18:53:14.287855 390623 operator.go:870] Updating actuation overlay for page A1A4080D0D0EF8EB2AF67A6F595FED8D
I0419 18:53:14.287889 390623 operator.go:899] [overlay] Running JS: window.updateActuationOverlay({"cascadeId":"c9153f68-fa78-4c50-9152-f50915bb7c57","displayString":"Getting DOM...","passthroughEnabled":false})

2026-04-19 18:53:14.444 [error] [LS Main stderr] I0419 18:53:14.444481 390623 operator.go:870] Updating actuation overlay for page A1A4080D0D0EF8EB2AF67A6F595FED8D
I0419 18:53:14.444521 390623 operator.go:899] [overlay] Running JS: window.updateActuationOverlay({"capturingScreenshot":false})

2026-04-19 18:53:14.448 [error] [LS Main stderr] I0419 18:53:14.447967 390623 planner_generator.go:283] Requesting planner with 14 chat messages at model retry attempt 1 and API retry attempt 1

2026-04-19 18:53:36.089 [error] [LS Main stderr] I0419 18:53:36.088878 390623 http_helpers.go:123] URL: https://cloudcode-pa.googleapis.com/v1internal:streamGenerateContent?alt=sse Trace: 0x6ef4687ed26bde3b

2026-04-19 18:53:37.069 [error] [LS Main stderr] I0419 18:53:37.069515 390623 operator.go:870] Updating actuation overlay for page A1A4080D0D0EF8EB2AF67A6F595FED8D
I0419 18:53:37.069547 390623 operator.go:899] [overlay] Running JS: window.updateActuationOverlay({"cascadeId":"c9153f68-fa78-4c50-9152-f50915bb7c57","displayString":"Clicking...","passthroughEnabled":true})

2026-04-19 18:53:37.071 [error] [LS Main stderr] I0419 18:53:37.071633 390623 operator.go:870] Updating actuation overlay for page A1A4080D0D0EF8EB2AF67A6F595FED8D
I0419 18:53:37.071659 390623 operator.go:899] [overlay] Running JS: window.updateActuationOverlay({"capturingScreenshot":true})

2026-04-19 18:53:37.278 [error] [LS Main stderr] I0419 18:53:37.277881 390623 operator.go:870] Updating actuation overlay for page A1A4080D0D0EF8EB2AF67A6F595FED8D
I0419 18:53:37.277948 390623 operator.go:899] [overlay] Running JS: window.updateActuationOverlay({"capturingScreenshot":false})

2026-04-19 18:53:38.611 [error] [LS Main stderr] I0419 18:53:38.611282 390623 operator.go:870] Updating actuation overlay for page A1A4080D0D0EF8EB2AF67A6F595FED8D
I0419 18:53:38.611341 390623 operator.go:899] [overlay] Running JS: window.updateActuationOverlay({"cascadeId":"c9153f68-fa78-4c50-9152-f50915bb7c57","displayString":"Clicking...","passthroughEnabled":false})

2026-04-19 18:53:38.620 [error] [LS Main stderr] I0419 18:53:38.620278 390623 operator.go:870] Updating actuation overlay for page A1A4080D0D0EF8EB2AF67A6F595FED8D
I0419 18:53:38.620320 390623 operator.go:899] [overlay] Running JS: window.updateActuationOverlay({"cascadeId":"c9153f68-fa78-4c50-9152-f50915bb7c57","displayString":"Getting DOM...","passthroughEnabled":true})

2026-04-19 18:53:38.622 [error] [LS Main stderr] I0419 18:53:38.622039 390623 operator.go:870] Updating actuation overlay for page A1A4080D0D0EF8EB2AF67A6F595FED8D
I0419 18:53:38.622060 390623 operator.go:899] [overlay] Running JS: window.updateActuationOverlay({"capturingScreenshot":true})

2026-04-19 18:53:38.658 [error] [LS Main stderr] I0419 18:53:38.657926 390623 operator.go:870] Updating actuation overlay for page A1A4080D0D0EF8EB2AF67A6F595FED8D
I0419 18:53:38.657979 390623 operator.go:899] [overlay] Running JS: window.updateActuationOverlay({"cascadeId":"c9153f68-fa78-4c50-9152-f50915bb7c57","displayString":"Getting DOM...","passthroughEnabled":false})

2026-04-19 18:53:38.844 [error] [LS Main stderr] I0419 18:53:38.844341 390623 operator.go:870] Updating actuation overlay for page A1A4080D0D0EF8EB2AF67A6F595FED8D
I0419 18:53:38.844382 390623 operator.go:899] [overlay] Running JS: window.updateActuationOverlay({"capturingScreenshot":false})

2026-04-19 18:53:38.848 [error] [LS Main stderr] I0419 18:53:38.848239 390623 planner_generator.go:283] Requesting planner with 16 chat messages at model retry attempt 1 and API retry attempt 1

2026-04-19 18:53:47.000 [error] [LS Main stderr] I0419 18:53:47.000215 390623 http_helpers.go:123] URL: https://cloudcode-pa.googleapis.com/v1internal:streamGenerateContent?alt=sse Trace: 0x14a56cf05e5fe275

2026-04-19 18:53:47.897 [error] [LS Main stderr] I0419 18:53:47.897317 390623 operator.go:870] Updating actuation overlay for page A1A4080D0D0EF8EB2AF67A6F595FED8D
I0419 18:53:47.897353 390623 operator.go:899] [overlay] Running JS: window.updateActuationOverlay({"cascadeId":"c9153f68-fa78-4c50-9152-f50915bb7c57","displayString":"Clicking...","passthroughEnabled":true})

2026-04-19 18:53:47.899 [error] [LS Main stderr] I0419 18:53:47.898998 390623 operator.go:870] Updating actuation overlay for page A1A4080D0D0EF8EB2AF67A6F595FED8D
I0419 18:53:47.899031 390623 operator.go:899] [overlay] Running JS: window.updateActuationOverlay({"capturingScreenshot":true})

2026-04-19 18:53:48.081 [error] [LS Main stderr] I0419 18:53:48.081643 390623 operator.go:870] Updating actuation overlay for page A1A4080D0D0EF8EB2AF67A6F595FED8D
I0419 18:53:48.081693 390623 operator.go:899] [overlay] Running JS: window.updateActuationOverlay({"capturingScreenshot":false})

2026-04-19 18:53:49.281 [error] [LS Main stderr] I0419 18:53:49.281635 390623 operator.go:870] Updating actuation overlay for page A1A4080D0D0EF8EB2AF67A6F595FED8D
I0419 18:53:49.281692 390623 operator.go:899] [overlay] Running JS: window.updateActuationOverlay({"cascadeId":"c9153f68-fa78-4c50-9152-f50915bb7c57","displayString":"Clicking...","passthroughEnabled":false})

2026-04-19 18:53:49.301 [error] [LS Main stderr] I0419 18:53:49.301178 390623 operator.go:870] Updating actuation overlay for page A1A4080D0D0EF8EB2AF67A6F595FED8D
I0419 18:53:49.301230 390623 operator.go:899] [overlay] Running JS: window.updateActuationOverlay({"cascadeId":"c9153f68-fa78-4c50-9152-f50915bb7c57","displayString":"Getting DOM...","passthroughEnabled":true})

2026-04-19 18:53:49.302 [error] [LS Main stderr] I0419 18:53:49.302462 390623 operator.go:870] Updating actuation overlay for page A1A4080D0D0EF8EB2AF67A6F595FED8D
I0419 18:53:49.302489 390623 operator.go:899] [overlay] Running JS: window.updateActuationOverlay({"capturingScreenshot":true})

2026-04-19 18:53:49.335 [error] [LS Main stderr] I0419 18:53:49.335585 390623 operator.go:870] Updating actuation overlay for page A1A4080D0D0EF8EB2AF67A6F595FED8D
I0419 18:53:49.335624 390623 operator.go:899] [overlay] Running JS: window.updateActuationOverlay({"cascadeId":"c9153f68-fa78-4c50-9152-f50915bb7c57","displayString":"Getting DOM...","passthroughEnabled":false})

2026-04-19 18:53:49.507 [error] [LS Main stderr] I0419 18:53:49.506815 390623 operator.go:870] Updating actuation overlay for page A1A4080D0D0EF8EB2AF67A6F595FED8D
I0419 18:53:49.506855 390623 operator.go:899] [overlay] Running JS: window.updateActuationOverlay({"capturingScreenshot":false})

2026-04-19 18:53:49.510 [error] [LS Main stderr] I0419 18:53:49.510495 390623 planner_generator.go:283] Requesting planner with 18 chat messages at model retry attempt 1 and API retry attempt 1

2026-04-19 18:53:54.440 [error] [LS Main stderr] I0419 18:53:54.440161 390623 http_helpers.go:123] URL: https://cloudcode-pa.googleapis.com/v1internal:streamGenerateContent?alt=sse Trace: 0x3c8051ec51542f74

2026-04-19 18:53:55.657 [error] [LS Main stderr] I0419 18:53:55.657493 390623 operator.go:870] Updating actuation overlay for page A1A4080D0D0EF8EB2AF67A6F595FED8D
I0419 18:53:55.657526 390623 operator.go:899] [overlay] Running JS: window.updateActuationOverlay({"cascadeId":"c9153f68-fa78-4c50-9152-f50915bb7c57","displayString":"Getting DOM...","passthroughEnabled":true})

2026-04-19 18:53:55.687 [error] [LS Main stderr] I0419 18:53:55.687697 390623 operator.go:870] Updating actuation overlay for page A1A4080D0D0EF8EB2AF67A6F595FED8D
I0419 18:53:55.687739 390623 operator.go:899] [overlay] Running JS: window.updateActuationOverlay({"cascadeId":"c9153f68-fa78-4c50-9152-f50915bb7c57","displayString":"Getting DOM...","passthroughEnabled":false})

2026-04-19 18:53:55.695 [error] [LS Main stderr] I0419 18:53:55.694989 390623 operator.go:870] Updating actuation overlay for page A1A4080D0D0EF8EB2AF67A6F595FED8D
I0419 18:53:55.695038 390623 operator.go:899] [overlay] Running JS: window.updateActuationOverlay({"cascadeId":"c9153f68-fa78-4c50-9152-f50915bb7c57","displayString":"Getting DOM...","passthroughEnabled":true})

2026-04-19 18:53:55.695 [error] [LS Main stderr] I0419 18:53:55.695538 390623 operator.go:870] Updating actuation overlay for page A1A4080D0D0EF8EB2AF67A6F595FED8D
I0419 18:53:55.695568 390623 operator.go:899] [overlay] Running JS: window.updateActuationOverlay({"capturingScreenshot":true})

2026-04-19 18:53:55.728 [error] [LS Main stderr] I0419 18:53:55.728381 390623 operator.go:870] Updating actuation overlay for page A1A4080D0D0EF8EB2AF67A6F595FED8D
I0419 18:53:55.728417 390623 operator.go:899] [overlay] Running JS: window.updateActuationOverlay({"cascadeId":"c9153f68-fa78-4c50-9152-f50915bb7c57","displayString":"Getting DOM...","passthroughEnabled":false})

2026-04-19 18:53:55.908 [error] [LS Main stderr] I0419 18:53:55.907998 390623 operator.go:870] Updating actuation overlay for page A1A4080D0D0EF8EB2AF67A6F595FED8D
I0419 18:53:55.908044 390623 operator.go:899] [overlay] Running JS: window.updateActuationOverlay({"capturingScreenshot":false})

2026-04-19 18:53:55.911 [error] [LS Main stderr] I0419 18:53:55.911732 390623 planner_generator.go:283] Requesting planner with 20 chat messages at model retry attempt 1 and API retry attempt 1

2026-04-19 18:54:05.840 [error] [LS Main stderr] I0419 18:54:05.840318 390623 http_helpers.go:123] URL: https://cloudcode-pa.googleapis.com/v1internal:streamGenerateContent?alt=sse Trace: 0x48f9a8fe1e0696d0

2026-04-19 18:54:06.644 [error] [LS Main stderr] I0419 18:54:06.644660 390623 operator.go:870] Updating actuation overlay for page A1A4080D0D0EF8EB2AF67A6F595FED8D
I0419 18:54:06.644694 390623 operator.go:899] [overlay] Running JS: window.updateActuationOverlay({"cascadeId":"c9153f68-fa78-4c50-9152-f50915bb7c57","displayString":"Executing JavaScript...","passthroughEnabled":true})

2026-04-19 18:54:06.645 [error] [LS Main stderr] I0419 18:54:06.645550 390623 operator.go:902] Actuation overlay not injected yet for page A1A4080D0D0EF8EB2AF67A6F595FED8D

2026-04-19 18:54:06.672 [error] [LS Main stderr] I0419 18:54:06.672181 390623 operator.go:870] Updating actuation overlay for page A1A4080D0D0EF8EB2AF67A6F595FED8D
I0419 18:54:06.672214 390623 operator.go:899] [overlay] Running JS: window.updateActuationOverlay({"cascadeId":"c9153f68-fa78-4c50-9152-f50915bb7c57","displayString":"Executing JavaScript...","passthroughEnabled":false})

2026-04-19 18:54:06.802 [error] [LS Main stderr] I0419 18:54:06.801928 390623 operator.go:902] Actuation overlay not injected yet for page A1A4080D0D0EF8EB2AF67A6F595FED8D

2026-04-19 18:54:06.819 [error] [LS Main stderr] E0419 18:54:06.818979 390623 operator.go:905] Failed to inject actuation overlay for page A1A4080D0D0EF8EB2AF67A6F595FED8D: evaluate in isolated world: cdp.Runtime: Evaluate: rpc error: Cannot find context with specified id (code = -32000)
(1) attached stack trace
  -- stack trace:
  | google3/third_party/jetski/language_server/browser/browserabstractions/browserabstractions.(*BrowserPage).EvaluateInIsolatedWorld
  | 	third_party/jetski/language_server/browser/browserabstractions/browser_page.go:323
  | google3/third_party/jetski/language_server/browser/browser.(*Operator).AddActuationOverlay
  | 	third_party/jetski/language_server/browser/operator.go:903
  | google3/third_party/jetski/cortex/handlers/handlers.(*CommonBrowserHandler[...]).handleInternal
  | 	third_party/jetski/cortex/handlers/common_browser_handler.go:233
  | google3/third_party/jetski/cortex/handlers/handlers.(*CommonBrowserHandler[...]).Handle
  | 	third_party/jetski/cortex/handlers/common_browser_handler.go:131
  | google3/third_party/gemini_coder/framework/executor/executor.(*Executor).handleStep
  | 	third_party/gemini_coder/framework/executor/executor.go:192
  | google3/third_party/gemini_coder/framework/executor/executor.(*ExecutionWrapper).asyncHandleStep.func1
  | 	third_party/gemini_coder/framework/executor/execution_wrapper.go:289
  | runtime.goexit
  | 	third_party/go/gc/src/runtime/asm_amd64.s:1774
Wraps: (2) evaluate in isolated world
Wraps: (3) cdp.Runtime: Evaluate
Wraps: (4) rpc error: Cannot find context with specified id (code = -32000)
Error types: (1) *withstack.withStack (2) *errutil.withPrefix (3) *internal.OpError (4) *rpcc.ResponseError

2026-04-19 18:54:06.841 [error] [LS Main stderr] I0419 18:54:06.840805 390623 operator.go:870] Updating actuation overlay for page A1A4080D0D0EF8EB2AF67A6F595FED8D
I0419 18:54:06.840872 390623 operator.go:899] [overlay] Running JS: window.updateActuationOverlay({"cascadeId":"c9153f68-fa78-4c50-9152-f50915bb7c57","displayString":"Getting DOM...","passthroughEnabled":true})

2026-04-19 18:54:06.841 [error] [LS Main stderr] I0419 18:54:06.841521 390623 operator.go:870] Updating actuation overlay for page A1A4080D0D0EF8EB2AF67A6F595FED8D
I0419 18:54:06.841553 390623 operator.go:899] [overlay] Running JS: window.updateActuationOverlay({"capturingScreenshot":true})

2026-04-19 18:54:06.843 [error] [LS Main stderr] I0419 18:54:06.842859 390623 operator.go:902] Actuation overlay not injected yet for page A1A4080D0D0EF8EB2AF67A6F595FED8D
I0419 18:54:06.842889 390623 operator.go:902] Actuation overlay not injected yet for page A1A4080D0D0EF8EB2AF67A6F595FED8D

2026-04-19 18:54:06.937 [error] [LS Main stderr] I0419 18:54:06.937017 390623 operator.go:870] Updating actuation overlay for page A1A4080D0D0EF8EB2AF67A6F595FED8D
I0419 18:54:06.937058 390623 operator.go:899] [overlay] Running JS: window.updateActuationOverlay({"cascadeId":"c9153f68-fa78-4c50-9152-f50915bb7c57","displayString":"Getting DOM...","passthroughEnabled":false})

2026-04-19 18:54:07.177 [error] [LS Main stderr] I0419 18:54:07.177028 390623 operator.go:870] Updating actuation overlay for page A1A4080D0D0EF8EB2AF67A6F595FED8D
I0419 18:54:07.177067 390623 operator.go:899] [overlay] Running JS: window.updateActuationOverlay({"capturingScreenshot":false})

2026-04-19 18:54:07.186 [error] [LS Main stderr] I0419 18:54:07.186373 390623 planner_generator.go:283] Requesting planner with 22 chat messages at model retry attempt 1 and API retry attempt 1

2026-04-19 18:54:12.661 [error] [LS Main stderr] I0419 18:54:12.661366 390623 http_helpers.go:123] URL: https://cloudcode-pa.googleapis.com/v1internal:streamGenerateContent?alt=sse Trace: 0x57fd6d4467476f8

2026-04-19 18:54:13.160 [error] [LS Main stderr] I0419 18:54:13.159962 390623 operator.go:870] Updating actuation overlay for page A1A4080D0D0EF8EB2AF67A6F595FED8D
I0419 18:54:13.160010 390623 operator.go:899] [overlay] Running JS: window.updateActuationOverlay({"cascadeId":"c9153f68-fa78-4c50-9152-f50915bb7c57","displayString":"Getting DOM...","passthroughEnabled":true})

2026-04-19 18:54:13.160 [error] [LS Main stderr] I0419 18:54:13.160484 390623 operator.go:870] Updating actuation overlay for page A1A4080D0D0EF8EB2AF67A6F595FED8D
I0419 18:54:13.160518 390623 operator.go:899] [overlay] Running JS: window.updateActuationOverlay({"capturingScreenshot":true})

2026-04-19 18:54:13.225 [error] [LS Main stderr] I0419 18:54:13.225075 390623 operator.go:870] Updating actuation overlay for page A1A4080D0D0EF8EB2AF67A6F595FED8D
I0419 18:54:13.225113 390623 operator.go:899] [overlay] Running JS: window.updateActuationOverlay({"cascadeId":"c9153f68-fa78-4c50-9152-f50915bb7c57","displayString":"Getting DOM...","passthroughEnabled":false})

2026-04-19 18:54:13.449 [error] [LS Main stderr] I0419 18:54:13.448724 390623 operator.go:870] Updating actuation overlay for page A1A4080D0D0EF8EB2AF67A6F595FED8D
I0419 18:54:13.448780 390623 operator.go:899] [overlay] Running JS: window.updateActuationOverlay({"capturingScreenshot":false})

2026-04-19 18:54:13.459 [error] [LS Main stderr] I0419 18:54:13.459617 390623 planner_generator.go:283] Requesting planner with 24 chat messages at model retry attempt 1 and API retry attempt 1

2026-04-19 18:54:17.760 [error] [LS Main stderr] I0419 18:54:17.760532 390623 http_helpers.go:123] URL: https://cloudcode-pa.googleapis.com/v1internal:streamGenerateContent?alt=sse Trace: 0x6fea036a99b6570e

2026-04-19 18:54:18.385 [error] [LS Main stderr] I0419 18:54:18.385311 390623 operator.go:870] Updating actuation overlay for page A1A4080D0D0EF8EB2AF67A6F595FED8D
I0419 18:54:18.385369 390623 operator.go:899] [overlay] Running JS: window.updateActuationOverlay({"cascadeId":"c9153f68-fa78-4c50-9152-f50915bb7c57","displayString":"Clicking...","passthroughEnabled":true})

2026-04-19 18:54:18.388 [error] [LS Main stderr] I0419 18:54:18.388162 390623 operator.go:870] Updating actuation overlay for page A1A4080D0D0EF8EB2AF67A6F595FED8D
I0419 18:54:18.388204 390623 operator.go:899] [overlay] Running JS: window.updateActuationOverlay({"capturingScreenshot":true})

2026-04-19 18:54:18.606 [error] [LS Main stderr] I0419 18:54:18.605962 390623 operator.go:870] Updating actuation overlay for page A1A4080D0D0EF8EB2AF67A6F595FED8D
I0419 18:54:18.606007 390623 operator.go:899] [overlay] Running JS: window.updateActuationOverlay({"capturingScreenshot":false})

2026-04-19 18:54:19.858 [error] [LS Main stderr] I0419 18:54:19.858374 390623 operator.go:870] Updating actuation overlay for page A1A4080D0D0EF8EB2AF67A6F595FED8D
I0419 18:54:19.858420 390623 operator.go:899] [overlay] Running JS: window.updateActuationOverlay({"cascadeId":"c9153f68-fa78-4c50-9152-f50915bb7c57","displayString":"Clicking...","passthroughEnabled":false})

2026-04-19 18:54:19.894 [error] [LS Main stderr] I0419 18:54:19.894681 390623 operator.go:870] Updating actuation overlay for page A1A4080D0D0EF8EB2AF67A6F595FED8D
I0419 18:54:19.894725 390623 operator.go:899] [overlay] Running JS: window.updateActuationOverlay({"cascadeId":"c9153f68-fa78-4c50-9152-f50915bb7c57","displayString":"Getting DOM...","passthroughEnabled":true})

2026-04-19 18:54:19.895 [error] [LS Main stderr] I0419 18:54:19.895127 390623 operator.go:870] Updating actuation overlay for page A1A4080D0D0EF8EB2AF67A6F595FED8D
I0419 18:54:19.895157 390623 operator.go:899] [overlay] Running JS: window.updateActuationOverlay({"capturingScreenshot":true})

2026-04-19 18:54:20.101 [error] [LS Main stderr] I0419 18:54:20.101436 390623 operator.go:870] Updating actuation overlay for page A1A4080D0D0EF8EB2AF67A6F595FED8D
I0419 18:54:20.101476 390623 operator.go:899] [overlay] Running JS: window.updateActuationOverlay({"cascadeId":"c9153f68-fa78-4c50-9152-f50915bb7c57","displayString":"Getting DOM...","passthroughEnabled":false})

2026-04-19 18:54:20.158 [error] [LS Main stderr] I0419 18:54:20.158276 390623 operator.go:870] Updating actuation overlay for page A1A4080D0D0EF8EB2AF67A6F595FED8D
I0419 18:54:20.158312 390623 operator.go:899] [overlay] Running JS: window.updateActuationOverlay({"capturingScreenshot":false})

2026-04-19 18:54:20.162 [error] [LS Main stderr] I0419 18:54:20.162185 390623 planner_generator.go:283] Requesting planner with 26 chat messages at model retry attempt 1 and API retry attempt 1

2026-04-19 18:54:25.450 [error] [LS Main stderr] I0419 18:54:25.450428 390623 http_helpers.go:123] URL: https://cloudcode-pa.googleapis.com/v1internal:streamGenerateContent?alt=sse Trace: 0xd1f60b8ba7b589e7

2026-04-19 18:54:26.476 [error] [LS Main stderr] I0419 18:54:26.476740 390623 operator.go:870] Updating actuation overlay for page A1A4080D0D0EF8EB2AF67A6F595FED8D
I0419 18:54:26.476776 390623 operator.go:899] [overlay] Running JS: window.updateActuationOverlay({"cascadeId":"c9153f68-fa78-4c50-9152-f50915bb7c57","displayString":"","passthroughEnabled":true})

2026-04-19 18:54:26.478 [error] [LS Main stderr] I0419 18:54:26.478682 390623 operator.go:870] Updating actuation overlay for page A1A4080D0D0EF8EB2AF67A6F595FED8D
I0419 18:54:26.478707 390623 operator.go:899] [overlay] Running JS: window.updateActuationOverlay({"capturingScreenshot":true})

2026-04-19 18:54:26.965 [error] [LS Main stderr] I0419 18:54:26.965535 390623 operator.go:870] Updating actuation overlay for page A1A4080D0D0EF8EB2AF67A6F595FED8D
I0419 18:54:26.965575 390623 operator.go:899] [overlay] Running JS: window.updateActuationOverlay({"capturingScreenshot":false})

2026-04-19 18:54:28.127 [error] [LS Main stderr] I0419 18:54:28.127108 390623 operator.go:870] Updating actuation overlay for page A1A4080D0D0EF8EB2AF67A6F595FED8D
I0419 18:54:28.127159 390623 operator.go:899] [overlay] Running JS: window.updateActuationOverlay({"cascadeId":"c9153f68-fa78-4c50-9152-f50915bb7c57","displayString":"","passthroughEnabled":false})

2026-04-19 18:54:28.155 [error] [LS Main stderr] I0419 18:54:28.155731 390623 operator.go:870] Updating actuation overlay for page A1A4080D0D0EF8EB2AF67A6F595FED8D
I0419 18:54:28.155776 390623 operator.go:899] [overlay] Running JS: window.updateActuationOverlay({"cascadeId":"c9153f68-fa78-4c50-9152-f50915bb7c57","displayString":"Getting DOM...","passthroughEnabled":true})

2026-04-19 18:54:28.156 [error] [LS Main stderr] I0419 18:54:28.156274 390623 operator.go:870] Updating actuation overlay for page A1A4080D0D0EF8EB2AF67A6F595FED8D
I0419 18:54:28.156300 390623 operator.go:899] [overlay] Running JS: window.updateActuationOverlay({"capturingScreenshot":true})

2026-04-19 18:54:28.346 [error] [LS Main stderr] I0419 18:54:28.346391 390623 operator.go:870] Updating actuation overlay for page A1A4080D0D0EF8EB2AF67A6F595FED8D
I0419 18:54:28.346465 390623 operator.go:899] [overlay] Running JS: window.updateActuationOverlay({"cascadeId":"c9153f68-fa78-4c50-9152-f50915bb7c57","displayString":"Getting DOM...","passthroughEnabled":false})

2026-04-19 18:54:28.668 [error] [LS Main stderr] I0419 18:54:28.668329 390623 operator.go:870] Updating actuation overlay for page A1A4080D0D0EF8EB2AF67A6F595FED8D
I0419 18:54:28.668371 390623 operator.go:899] [overlay] Running JS: window.updateActuationOverlay({"capturingScreenshot":false})

2026-04-19 18:54:28.672 [error] [LS Main stderr] I0419 18:54:28.672576 390623 planner_generator.go:283] Requesting planner with 28 chat messages at model retry attempt 1 and API retry attempt 1

2026-04-19 18:54:33.865 [error] [LS Main stderr] I0419 18:54:33.865278 390623 http_helpers.go:123] URL: https://cloudcode-pa.googleapis.com/v1internal:streamGenerateContent?alt=sse Trace: 0x344dd37301c2ebb0

2026-04-19 18:54:35.175 [error] [LS Main stderr] I0419 18:54:35.175161 390623 operator.go:870] Updating actuation overlay for page A1A4080D0D0EF8EB2AF67A6F595FED8D
I0419 18:54:35.175193 390623 operator.go:899] [overlay] Running JS: window.updateActuationOverlay({"cascadeId":"c9153f68-fa78-4c50-9152-f50915bb7c57","displayString":"Pressing key...","passthroughEnabled":true})

2026-04-19 18:54:35.194 [error] [LS Main stderr] I0419 18:54:35.194429 390623 operator.go:870] Updating actuation overlay for page A1A4080D0D0EF8EB2AF67A6F595FED8D
I0419 18:54:35.194483 390623 operator.go:899] [overlay] Running JS: window.updateActuationOverlay({"cascadeId":"c9153f68-fa78-4c50-9152-f50915bb7c57","displayString":"Pressing key...","passthroughEnabled":false})

2026-04-19 18:54:35.203 [error] [LS Main stderr] I0419 18:54:35.203343 390623 operator.go:870] Updating actuation overlay for page A1A4080D0D0EF8EB2AF67A6F595FED8D
I0419 18:54:35.203380 390623 operator.go:899] [overlay] Running JS: window.updateActuationOverlay({"cascadeId":"c9153f68-fa78-4c50-9152-f50915bb7c57","displayString":"Getting DOM...","passthroughEnabled":true})

2026-04-19 18:54:35.204 [error] [LS Main stderr] I0419 18:54:35.203905 390623 operator.go:870] Updating actuation overlay for page A1A4080D0D0EF8EB2AF67A6F595FED8D
I0419 18:54:35.203949 390623 operator.go:899] [overlay] Running JS: window.updateActuationOverlay({"capturingScreenshot":true})

2026-04-19 18:54:35.416 [error] [LS Main stderr] I0419 18:54:35.415856 390623 operator.go:870] Updating actuation overlay for page A1A4080D0D0EF8EB2AF67A6F595FED8D
I0419 18:54:35.415949 390623 operator.go:899] [overlay] Running JS: window.updateActuationOverlay({"cascadeId":"c9153f68-fa78-4c50-9152-f50915bb7c57","displayString":"Getting DOM...","passthroughEnabled":false})

2026-04-19 18:54:35.709 [error] [LS Main stderr] I0419 18:54:35.709381 390623 operator.go:870] Updating actuation overlay for page A1A4080D0D0EF8EB2AF67A6F595FED8D
I0419 18:54:35.709439 390623 operator.go:899] [overlay] Running JS: window.updateActuationOverlay({"capturingScreenshot":false})

2026-04-19 18:54:35.718 [error] [LS Main stderr] I0419 18:54:35.718676 390623 planner_generator.go:283] Requesting planner with 30 chat messages at model retry attempt 1 and API retry attempt 1

2026-04-19 18:54:36.363 [error] [LS Main stderr] I0419 18:54:36.363156 390623 http_helpers.go:123] URL: https://cloudcode-pa.googleapis.com/v1internal:fetchAvailableModels Trace: 0xf1eb5d222d36a302

2026-04-19 18:54:36.873 [error] [LS Main stderr] I0419 18:54:36.873217 390623 http_helpers.go:123] URL: https://cloudcode-pa.googleapis.com/v1internal:loadCodeAssist Trace: 0x665def687de4286b

2026-04-19 18:54:42.110 [error] [LS Main stderr] I0419 18:54:42.110218 390623 http_helpers.go:123] URL: https://cloudcode-pa.googleapis.com/v1internal:streamGenerateContent?alt=sse Trace: 0x83b3a2324e7a9a29

2026-04-19 18:54:42.897 [error] [LS Main stderr] I0419 18:54:42.896845 390623 operator.go:870] Updating actuation overlay for page A1A4080D0D0EF8EB2AF67A6F595FED8D
I0419 18:54:42.896875 390623 operator.go:899] [overlay] Running JS: window.updateActuationOverlay({"cascadeId":"c9153f68-fa78-4c50-9152-f50915bb7c57","displayString":"Listing network requests...","passthroughEnabled":true})

2026-04-19 18:54:42.924 [error] [LS Main stderr] I0419 18:54:42.924102 390623 operator.go:870] Updating actuation overlay for page A1A4080D0D0EF8EB2AF67A6F595FED8D
I0419 18:54:42.924143 390623 operator.go:899] [overlay] Running JS: window.updateActuationOverlay({"cascadeId":"c9153f68-fa78-4c50-9152-f50915bb7c57","displayString":"Listing network requests...","passthroughEnabled":false})

2026-04-19 18:54:42.932 [error] [LS Main stderr] E0419 18:54:42.931896 390623 log.go:398] error executing cascade step: CORTEX_STEP_TYPE_BROWSER_LIST_NETWORK_REQUESTS: failed to select page: failed to resolve page index: failed to list pages: failed to call chrome devtools: failed to get chrome devtools instance: server name chrome-devtools not found

2026-04-19 18:54:42.933 [error] [LS Main stderr] I0419 18:54:42.933147 390623 operator.go:870] Updating actuation overlay for page A1A4080D0D0EF8EB2AF67A6F595FED8D
I0419 18:54:42.933192 390623 operator.go:899] [overlay] Running JS: window.updateActuationOverlay({"cascadeId":"c9153f68-fa78-4c50-9152-f50915bb7c57","displayString":"Getting DOM...","passthroughEnabled":true})

2026-04-19 18:54:42.935 [error] [LS Main stderr] I0419 18:54:42.935528 390623 operator.go:870] Updating actuation overlay for page A1A4080D0D0EF8EB2AF67A6F595FED8D
I0419 18:54:42.935574 390623 operator.go:899] [overlay] Running JS: window.updateActuationOverlay({"capturingScreenshot":true})

2026-04-19 18:54:43.150 [error] [LS Main stderr] I0419 18:54:43.150665 390623 operator.go:870] Updating actuation overlay for page A1A4080D0D0EF8EB2AF67A6F595FED8D
I0419 18:54:43.150735 390623 operator.go:899] [overlay] Running JS: window.updateActuationOverlay({"cascadeId":"c9153f68-fa78-4c50-9152-f50915bb7c57","displayString":"Getting DOM...","passthroughEnabled":false})

2026-04-19 18:54:43.281 [error] [LS Main stderr] I0419 18:54:43.281654 390623 operator.go:870] Updating actuation overlay for page A1A4080D0D0EF8EB2AF67A6F595FED8D
I0419 18:54:43.281707 390623 operator.go:899] [overlay] Running JS: window.updateActuationOverlay({"capturingScreenshot":false})

2026-04-19 18:54:43.288 [error] [LS Main stderr] I0419 18:54:43.288244 390623 planner_generator.go:283] Requesting planner with 32 chat messages at model retry attempt 1 and API retry attempt 1

2026-04-19 18:54:48.101 [error] [LS Main stderr] I0419 18:54:48.101525 390623 http_helpers.go:123] URL: https://cloudcode-pa.googleapis.com/v1internal:streamGenerateContent?alt=sse Trace: 0x2404131fe04fc9ea

2026-04-19 18:54:49.405 [error] [LS Main stderr] I0419 18:54:49.404905 390623 operator.go:870] Updating actuation overlay for page A1A4080D0D0EF8EB2AF67A6F595FED8D
I0419 18:54:49.404947 390623 operator.go:899] [overlay] Running JS: window.updateActuationOverlay({"cascadeId":"c9153f68-fa78-4c50-9152-f50915bb7c57","displayString":"Pressing key...","passthroughEnabled":true})

2026-04-19 18:54:49.508 [error] [LS Main stderr] I0419 18:54:49.508662 390623 operator.go:870] Updating actuation overlay for page A1A4080D0D0EF8EB2AF67A6F595FED8D
I0419 18:54:49.508718 390623 operator.go:899] [overlay] Running JS: window.updateActuationOverlay({"cascadeId":"c9153f68-fa78-4c50-9152-f50915bb7c57","displayString":"Pressing key...","passthroughEnabled":false})

2026-04-19 18:54:49.514 [error] [LS Main stderr] I0419 18:54:49.514461 390623 operator.go:870] Updating actuation overlay for page A1A4080D0D0EF8EB2AF67A6F595FED8D
I0419 18:54:49.514494 390623 operator.go:899] [overlay] Running JS: window.updateActuationOverlay({"cascadeId":"c9153f68-fa78-4c50-9152-f50915bb7c57","displayString":"Getting DOM...","passthroughEnabled":true})

2026-04-19 18:54:49.515 [error] [LS Main stderr] I0419 18:54:49.514923 390623 operator.go:870] Updating actuation overlay for page A1A4080D0D0EF8EB2AF67A6F595FED8D
I0419 18:54:49.514947 390623 operator.go:899] [overlay] Running JS: window.updateActuationOverlay({"capturingScreenshot":true})

2026-04-19 18:54:49.681 [error] [LS Main stderr] I0419 18:54:49.681531 390623 operator.go:870] Updating actuation overlay for page A1A4080D0D0EF8EB2AF67A6F595FED8D
I0419 18:54:49.681567 390623 operator.go:899] [overlay] Running JS: window.updateActuationOverlay({"cascadeId":"c9153f68-fa78-4c50-9152-f50915bb7c57","displayString":"Getting DOM...","passthroughEnabled":false})

2026-04-19 18:54:50.033 [error] [LS Main stderr] I0419 18:54:50.033133 390623 operator.go:870] Updating actuation overlay for page A1A4080D0D0EF8EB2AF67A6F595FED8D
I0419 18:54:50.033172 390623 operator.go:899] [overlay] Running JS: window.updateActuationOverlay({"capturingScreenshot":false})

2026-04-19 18:54:50.039 [error] [LS Main stderr] I0419 18:54:50.039072 390623 planner_generator.go:283] Requesting planner with 34 chat messages at model retry attempt 1 and API retry attempt 1

2026-04-19 18:54:55.187 [error] [LS Main stderr] I0419 18:54:55.186802 390623 http_helpers.go:123] URL: https://cloudcode-pa.googleapis.com/v1internal:streamGenerateContent?alt=sse Trace: 0x6b64f46d0e4bc02

2026-04-19 18:54:56.068 [error] [LS Main stderr] I0419 18:54:56.068147 390623 operator.go:870] Updating actuation overlay for page A1A4080D0D0EF8EB2AF67A6F595FED8D
I0419 18:54:56.068184 390623 operator.go:899] [overlay] Running JS: window.updateActuationOverlay({"cascadeId":"c9153f68-fa78-4c50-9152-f50915bb7c57","displayString":"Pressing key...","passthroughEnabled":true})

2026-04-19 18:54:56.105 [error] [LS Main stderr] I0419 18:54:56.105251 390623 operator.go:870] Updating actuation overlay for page A1A4080D0D0EF8EB2AF67A6F595FED8D
I0419 18:54:56.105327 390623 operator.go:899] [overlay] Running JS: window.updateActuationOverlay({"cascadeId":"c9153f68-fa78-4c50-9152-f50915bb7c57","displayString":"Pressing key...","passthroughEnabled":false})

2026-04-19 18:54:56.116 [error] [LS Main stderr] I0419 18:54:56.116054 390623 operator.go:870] Updating actuation overlay for page A1A4080D0D0EF8EB2AF67A6F595FED8D
I0419 18:54:56.116100 390623 operator.go:899] [overlay] Running JS: window.updateActuationOverlay({"cascadeId":"c9153f68-fa78-4c50-9152-f50915bb7c57","displayString":"Getting DOM...","passthroughEnabled":true})

2026-04-19 18:54:56.116 [error] [LS Main stderr] I0419 18:54:56.116594 390623 operator.go:870] Updating actuation overlay for page A1A4080D0D0EF8EB2AF67A6F595FED8D
I0419 18:54:56.116620 390623 operator.go:899] [overlay] Running JS: window.updateActuationOverlay({"capturingScreenshot":true})

2026-04-19 18:54:56.283 [error] [LS Main stderr] I0419 18:54:56.283245 390623 operator.go:870] Updating actuation overlay for page A1A4080D0D0EF8EB2AF67A6F595FED8D
I0419 18:54:56.283289 390623 operator.go:899] [overlay] Running JS: window.updateActuationOverlay({"cascadeId":"c9153f68-fa78-4c50-9152-f50915bb7c57","displayString":"Getting DOM...","passthroughEnabled":false})

2026-04-19 18:54:56.371 [error] [LS Main stderr] I0419 18:54:56.370787 390623 operator.go:870] Updating actuation overlay for page A1A4080D0D0EF8EB2AF67A6F595FED8D
I0419 18:54:56.370839 390623 operator.go:899] [overlay] Running JS: window.updateActuationOverlay({"capturingScreenshot":false})

2026-04-19 18:54:56.376 [error] [LS Main stderr] I0419 18:54:56.376713 390623 planner_generator.go:283] Requesting planner with 36 chat messages at model retry attempt 1 and API retry attempt 1

2026-04-19 18:55:01.476 [error] [LS Main stderr] I0419 18:55:01.476449 390623 http_helpers.go:123] URL: https://cloudcode-pa.googleapis.com/v1internal:streamGenerateContent?alt=sse Trace: 0x4dd520112a9a4213

2026-04-19 18:55:02.062 [error] [LS Main stderr] I0419 18:55:02.061475 390623 operator.go:870] Updating actuation overlay for page A1A4080D0D0EF8EB2AF67A6F595FED8D
I0419 18:55:02.061511 390623 operator.go:899] [overlay] Running JS: window.updateActuationOverlay({"cascadeId":"c9153f68-fa78-4c50-9152-f50915bb7c57","displayString":"","passthroughEnabled":true})

2026-04-19 18:55:02.063 [error] [LS Main stderr] I0419 18:55:02.063636 390623 operator.go:870] Updating actuation overlay for page A1A4080D0D0EF8EB2AF67A6F595FED8D
I0419 18:55:02.063673 390623 operator.go:899] [overlay] Running JS: window.updateActuationOverlay({"capturingScreenshot":true})

2026-04-19 18:55:02.391 [error] [LS Main stderr] I0419 18:55:02.391076 390623 operator.go:870] Updating actuation overlay for page A1A4080D0D0EF8EB2AF67A6F595FED8D
I0419 18:55:02.391120 390623 operator.go:899] [overlay] Running JS: window.updateActuationOverlay({"capturingScreenshot":false})

2026-04-19 18:55:03.534 [error] [LS Main stderr] I0419 18:55:03.533832 390623 operator.go:870] Updating actuation overlay for page A1A4080D0D0EF8EB2AF67A6F595FED8D
I0419 18:55:03.533877 390623 operator.go:899] [overlay] Running JS: window.updateActuationOverlay({"cascadeId":"c9153f68-fa78-4c50-9152-f50915bb7c57","displayString":"","passthroughEnabled":false})

2026-04-19 18:55:03.541 [error] [LS Main stderr] I0419 18:55:03.541153 390623 operator.go:870] Updating actuation overlay for page A1A4080D0D0EF8EB2AF67A6F595FED8D
I0419 18:55:03.541196 390623 operator.go:899] [overlay] Running JS: window.updateActuationOverlay({"cascadeId":"c9153f68-fa78-4c50-9152-f50915bb7c57","displayString":"Getting DOM...","passthroughEnabled":true})

2026-04-19 18:55:03.541 [error] [LS Main stderr] I0419 18:55:03.541721 390623 operator.go:870] Updating actuation overlay for page A1A4080D0D0EF8EB2AF67A6F595FED8D
I0419 18:55:03.541748 390623 operator.go:899] [overlay] Running JS: window.updateActuationOverlay({"capturingScreenshot":true})

2026-04-19 18:55:03.703 [error] [LS Main stderr] I0419 18:55:03.703449 390623 operator.go:870] Updating actuation overlay for page A1A4080D0D0EF8EB2AF67A6F595FED8D
I0419 18:55:03.703489 390623 operator.go:899] [overlay] Running JS: window.updateActuationOverlay({"cascadeId":"c9153f68-fa78-4c50-9152-f50915bb7c57","displayString":"Getting DOM...","passthroughEnabled":false})

2026-04-19 18:55:03.805 [error] [LS Main stderr] I0419 18:55:03.805032 390623 operator.go:870] Updating actuation overlay for page A1A4080D0D0EF8EB2AF67A6F595FED8D
I0419 18:55:03.805087 390623 operator.go:899] [overlay] Running JS: window.updateActuationOverlay({"capturingScreenshot":false})

2026-04-19 18:55:03.811 [error] [LS Main stderr] I0419 18:55:03.811359 390623 planner_generator.go:283] Requesting planner with 38 chat messages at model retry attempt 1 and API retry attempt 1

2026-04-19 18:55:08.882 [error] [LS Main stderr] I0419 18:55:08.881847 390623 http_helpers.go:123] URL: https://cloudcode-pa.googleapis.com/v1internal:streamGenerateContent?alt=sse Trace: 0x376add016736f03e

2026-04-19 18:55:10.616 [error] [LS Main stderr] I0419 18:55:10.616546 390623 operator.go:870] Updating actuation overlay for page A1A4080D0D0EF8EB2AF67A6F595FED8D
I0419 18:55:10.616594 390623 operator.go:899] [overlay] Running JS: window.updateActuationOverlay({"cascadeId":"c9153f68-fa78-4c50-9152-f50915bb7c57","displayString":"Pressing key...","passthroughEnabled":true})

2026-04-19 18:55:10.679 [error] [LS Main stderr] I0419 18:55:10.678984 390623 operator.go:870] Updating actuation overlay for page A1A4080D0D0EF8EB2AF67A6F595FED8D
I0419 18:55:10.679034 390623 operator.go:899] [overlay] Running JS: window.updateActuationOverlay({"cascadeId":"c9153f68-fa78-4c50-9152-f50915bb7c57","displayString":"Pressing key...","passthroughEnabled":false})

2026-04-19 18:55:10.689 [error] [LS Main stderr] I0419 18:55:10.689692 390623 operator.go:870] Updating actuation overlay for page A1A4080D0D0EF8EB2AF67A6F595FED8D
I0419 18:55:10.689735 390623 operator.go:899] [overlay] Running JS: window.updateActuationOverlay({"cascadeId":"c9153f68-fa78-4c50-9152-f50915bb7c57","displayString":"Getting DOM...","passthroughEnabled":true})

2026-04-19 18:55:10.693 [error] [LS Main stderr] I0419 18:55:10.693472 390623 operator.go:870] Updating actuation overlay for page A1A4080D0D0EF8EB2AF67A6F595FED8D
I0419 18:55:10.693517 390623 operator.go:899] [overlay] Running JS: window.updateActuationOverlay({"capturingScreenshot":true})

2026-04-19 18:55:10.909 [error] [LS Main stderr] I0419 18:55:10.909383 390623 operator.go:870] Updating actuation overlay for page A1A4080D0D0EF8EB2AF67A6F595FED8D
I0419 18:55:10.909421 390623 operator.go:899] [overlay] Running JS: window.updateActuationOverlay({"cascadeId":"c9153f68-fa78-4c50-9152-f50915bb7c57","displayString":"Getting DOM...","passthroughEnabled":false})

2026-04-19 18:55:10.937 [error] [LS Main stderr] I0419 18:55:10.936980 390623 operator.go:870] Updating actuation overlay for page A1A4080D0D0EF8EB2AF67A6F595FED8D
I0419 18:55:10.937025 390623 operator.go:899] [overlay] Running JS: window.updateActuationOverlay({"capturingScreenshot":false})

2026-04-19 18:55:10.943 [error] [LS Main stderr] I0419 18:55:10.942885 390623 planner_generator.go:283] Requesting planner with 40 chat messages at model retry attempt 1 and API retry attempt 1

2026-04-19 18:55:15.476 [error] [LS Main stderr] I0419 18:55:15.476237 390623 http_helpers.go:123] URL: https://cloudcode-pa.googleapis.com/v1internal:streamGenerateContent?alt=sse Trace: 0x2b6c732957fb9895

2026-04-19 18:55:15.951 [error] [LS Main stderr] I0419 18:55:15.950771 390623 operator.go:870] Updating actuation overlay for page A1A4080D0D0EF8EB2AF67A6F595FED8D
I0419 18:55:15.950812 390623 operator.go:899] [overlay] Running JS: window.updateActuationOverlay({"cascadeId":"c9153f68-fa78-4c50-9152-f50915bb7c57","displayString":"Pressing key...","passthroughEnabled":true})

2026-04-19 18:55:15.984 [error] [LS Main stderr] I0419 18:55:15.983953 390623 operator.go:870] Updating actuation overlay for page A1A4080D0D0EF8EB2AF67A6F595FED8D
I0419 18:55:15.984010 390623 operator.go:899] [overlay] Running JS: window.updateActuationOverlay({"cascadeId":"c9153f68-fa78-4c50-9152-f50915bb7c57","displayString":"Pressing key...","passthroughEnabled":false})

2026-04-19 18:55:15.995 [error] [LS Main stderr] I0419 18:55:15.995613 390623 operator.go:870] Updating actuation overlay for page A1A4080D0D0EF8EB2AF67A6F595FED8D
I0419 18:55:15.995659 390623 operator.go:899] [overlay] Running JS: window.updateActuationOverlay({"cascadeId":"c9153f68-fa78-4c50-9152-f50915bb7c57","displayString":"Getting DOM...","passthroughEnabled":true})

2026-04-19 18:55:15.996 [error] [LS Main stderr] I0419 18:55:15.996130 390623 operator.go:870] Updating actuation overlay for page A1A4080D0D0EF8EB2AF67A6F595FED8D
I0419 18:55:15.996156 390623 operator.go:899] [overlay] Running JS: window.updateActuationOverlay({"capturingScreenshot":true})

2026-04-19 18:55:16.160 [error] [LS Main stderr] I0419 18:55:16.159949 390623 operator.go:870] Updating actuation overlay for page A1A4080D0D0EF8EB2AF67A6F595FED8D
I0419 18:55:16.159986 390623 operator.go:899] [overlay] Running JS: window.updateActuationOverlay({"cascadeId":"c9153f68-fa78-4c50-9152-f50915bb7c57","displayString":"Getting DOM...","passthroughEnabled":false})

2026-04-19 18:55:16.250 [error] [LS Main stderr] I0419 18:55:16.250255 390623 operator.go:870] Updating actuation overlay for page A1A4080D0D0EF8EB2AF67A6F595FED8D
I0419 18:55:16.250295 390623 operator.go:899] [overlay] Running JS: window.updateActuationOverlay({"capturingScreenshot":false})

2026-04-19 18:55:16.256 [error] [LS Main stderr] I0419 18:55:16.256103 390623 planner_generator.go:283] Requesting planner with 42 chat messages at model retry attempt 1 and API retry attempt 1

2026-04-19 18:55:21.479 [error] [LS Main stderr] I0419 18:55:21.478927 390623 http_helpers.go:123] URL: https://cloudcode-pa.googleapis.com/v1internal:streamGenerateContent?alt=sse Trace: 0xfb1e25f3baee2ba5

2026-04-19 18:55:21.734 [error] [LS Main stderr] I0419 18:55:21.734295 390623 operator.go:870] Updating actuation overlay for page A1A4080D0D0EF8EB2AF67A6F595FED8D
I0419 18:55:21.734329 390623 operator.go:899] [overlay] Running JS: window.updateActuationOverlay({"cascadeId":"c9153f68-fa78-4c50-9152-f50915bb7c57","displayString":"Pressing key...","passthroughEnabled":true})

2026-04-19 18:55:21.866 [error] [LS Main stderr] I0419 18:55:21.866262 390623 operator.go:870] Updating actuation overlay for page A1A4080D0D0EF8EB2AF67A6F595FED8D
I0419 18:55:21.866323 390623 operator.go:899] [overlay] Running JS: window.updateActuationOverlay({"cascadeId":"c9153f68-fa78-4c50-9152-f50915bb7c57","displayString":"Pressing key...","passthroughEnabled":false})

2026-04-19 18:55:21.874 [error] [LS Main stderr] I0419 18:55:21.874241 390623 operator.go:870] Updating actuation overlay for page A1A4080D0D0EF8EB2AF67A6F595FED8D
I0419 18:55:21.874274 390623 operator.go:899] [overlay] Running JS: window.updateActuationOverlay({"cascadeId":"c9153f68-fa78-4c50-9152-f50915bb7c57","displayString":"Getting DOM...","passthroughEnabled":true})

2026-04-19 18:55:21.874 [error] [LS Main stderr] I0419 18:55:21.874735 390623 operator.go:870] Updating actuation overlay for page A1A4080D0D0EF8EB2AF67A6F595FED8D
I0419 18:55:21.874757 390623 operator.go:899] [overlay] Running JS: window.updateActuationOverlay({"capturingScreenshot":true})

2026-04-19 18:55:22.059 [error] [LS Main stderr] I0419 18:55:22.059274 390623 operator.go:870] Updating actuation overlay for page A1A4080D0D0EF8EB2AF67A6F595FED8D
I0419 18:55:22.059312 390623 operator.go:899] [overlay] Running JS: window.updateActuationOverlay({"cascadeId":"c9153f68-fa78-4c50-9152-f50915bb7c57","displayString":"Getting DOM...","passthroughEnabled":false})

2026-04-19 18:55:22.139 [error] [LS Main stderr] I0419 18:55:22.139591 390623 operator.go:870] Updating actuation overlay for page A1A4080D0D0EF8EB2AF67A6F595FED8D
I0419 18:55:22.139628 390623 operator.go:899] [overlay] Running JS: window.updateActuationOverlay({"capturingScreenshot":false})

2026-04-19 18:55:22.151 [error] [LS Main stderr] I0419 18:55:22.150962 390623 planner_generator.go:283] Requesting planner with 44 chat messages at model retry attempt 1 and API retry attempt 1

2026-04-19 18:55:28.052 [error] [LS Main stderr] I0419 18:55:28.052469 390623 http_helpers.go:123] URL: https://cloudcode-pa.googleapis.com/v1internal:streamGenerateContent?alt=sse Trace: 0xc0e6cf03e0089e03

2026-04-19 18:55:31.014 [error] [LS Main stderr] I0419 18:55:31.014499 390623 operator.go:870] Updating actuation overlay for page A1A4080D0D0EF8EB2AF67A6F595FED8D
I0419 18:55:31.014537 390623 operator.go:899] [overlay] Running JS: window.updateActuationOverlay({"cascadeId":"c9153f68-fa78-4c50-9152-f50915bb7c57","displayString":"Pressing key...","passthroughEnabled":true})

2026-04-19 18:55:31.020 [error] [LS Main stderr] I0419 18:55:31.020168 390623 operator.go:870] Updating actuation overlay for page A1A4080D0D0EF8EB2AF67A6F595FED8D
I0419 18:55:31.020208 390623 operator.go:899] [overlay] Running JS: window.updateActuationOverlay({"cascadeId":"c9153f68-fa78-4c50-9152-f50915bb7c57","displayString":"Pressing key...","passthroughEnabled":false})

2026-04-19 18:55:31.031 [error] [LS Main stderr] I0419 18:55:31.031489 390623 operator.go:870] Updating actuation overlay for page A1A4080D0D0EF8EB2AF67A6F595FED8D
I0419 18:55:31.031522 390623 operator.go:899] [overlay] Running JS: window.updateActuationOverlay({"cascadeId":"c9153f68-fa78-4c50-9152-f50915bb7c57","displayString":"Getting DOM...","passthroughEnabled":true})

2026-04-19 18:55:31.032 [error] [LS Main stderr] I0419 18:55:31.031904 390623 operator.go:870] Updating actuation overlay for page A1A4080D0D0EF8EB2AF67A6F595FED8D
I0419 18:55:31.031939 390623 operator.go:899] [overlay] Running JS: window.updateActuationOverlay({"capturingScreenshot":true})

2026-04-19 18:55:31.217 [error] [LS Main stderr] I0419 18:55:31.217721 390623 operator.go:870] Updating actuation overlay for page A1A4080D0D0EF8EB2AF67A6F595FED8D
I0419 18:55:31.217773 390623 operator.go:899] [overlay] Running JS: window.updateActuationOverlay({"cascadeId":"c9153f68-fa78-4c50-9152-f50915bb7c57","displayString":"Getting DOM...","passthroughEnabled":false})

2026-04-19 18:55:31.400 [error] [LS Main stderr] I0419 18:55:31.399945 390623 operator.go:870] Updating actuation overlay for page A1A4080D0D0EF8EB2AF67A6F595FED8D
I0419 18:55:31.399983 390623 operator.go:899] [overlay] Running JS: window.updateActuationOverlay({"capturingScreenshot":false})

2026-04-19 18:55:31.412 [error] [LS Main stderr] I0419 18:55:31.412651 390623 planner_generator.go:283] Requesting planner with 46 chat messages at model retry attempt 1 and API retry attempt 1

2026-04-19 18:55:36.873 [error] [LS Main stderr] I0419 18:55:36.873011 390623 http_helpers.go:123] URL: https://cloudcode-pa.googleapis.com/v1internal:streamGenerateContent?alt=sse Trace: 0xda66c2beec4f1590

2026-04-19 18:55:36.887 [error] [LS Main stderr] I0419 18:55:36.887101 390623 operator.go:870] Updating actuation overlay for page A1A4080D0D0EF8EB2AF67A6F595FED8D
I0419 18:55:36.887132 390623 operator.go:899] [overlay] Running JS: window.updateActuationOverlay({"cascadeId":"c9153f68-fa78-4c50-9152-f50915bb7c57","displayString":"Getting console logs...","passthroughEnabled":true})

2026-04-19 18:55:36.900 [error] [LS Main stderr] I0419 18:55:36.900498 390623 operator.go:870] Updating actuation overlay for page A1A4080D0D0EF8EB2AF67A6F595FED8D
I0419 18:55:36.900539 390623 operator.go:899] [overlay] Running JS: window.updateActuationOverlay({"cascadeId":"c9153f68-fa78-4c50-9152-f50915bb7c57","displayString":"Getting console logs...","passthroughEnabled":false})

2026-04-19 18:55:36.912 [error] [LS Main stderr] I0419 18:55:36.911994 390623 operator.go:870] Updating actuation overlay for page A1A4080D0D0EF8EB2AF67A6F595FED8D
I0419 18:55:36.912041 390623 operator.go:899] [overlay] Running JS: window.updateActuationOverlay({"cascadeId":"c9153f68-fa78-4c50-9152-f50915bb7c57","displayString":"Getting DOM...","passthroughEnabled":true})

2026-04-19 18:55:36.912 [error] [LS Main stderr] I0419 18:55:36.912668 390623 operator.go:870] Updating actuation overlay for page A1A4080D0D0EF8EB2AF67A6F595FED8D
I0419 18:55:36.912693 390623 operator.go:899] [overlay] Running JS: window.updateActuationOverlay({"capturingScreenshot":true})

2026-04-19 18:55:37.096 [error] [LS Main stderr] I0419 18:55:37.096410 390623 operator.go:870] Updating actuation overlay for page A1A4080D0D0EF8EB2AF67A6F595FED8D
I0419 18:55:37.096456 390623 operator.go:899] [overlay] Running JS: window.updateActuationOverlay({"cascadeId":"c9153f68-fa78-4c50-9152-f50915bb7c57","displayString":"Getting DOM...","passthroughEnabled":false})

2026-04-19 18:55:37.368 [error] [LS Main stderr] I0419 18:55:37.368775 390623 operator.go:870] Updating actuation overlay for page A1A4080D0D0EF8EB2AF67A6F595FED8D
I0419 18:55:37.368813 390623 operator.go:899] [overlay] Running JS: window.updateActuationOverlay({"capturingScreenshot":false})

2026-04-19 18:55:37.381 [error] [LS Main stderr] I0419 18:55:37.380861 390623 planner_generator.go:283] Requesting planner with 48 chat messages at model retry attempt 1 and API retry attempt 1

2026-04-19 18:55:42.602 [error] [LS Main stderr] I0419 18:55:42.602278 390623 http_helpers.go:123] URL: https://cloudcode-pa.googleapis.com/v1internal:streamGenerateContent?alt=sse Trace: 0x896316d705947bde

2026-04-19 18:55:46.578 [error] [LS Main stderr] I0419 18:55:46.577892 390623 operator.go:870] Updating actuation overlay for page A1A4080D0D0EF8EB2AF67A6F595FED8D
I0419 18:55:46.577938 390623 operator.go:899] [overlay] Running JS: window.updateActuationOverlay({"cascadeId":"c9153f68-fa78-4c50-9152-f50915bb7c57","displayString":"","passthroughEnabled":true})

2026-04-19 18:55:46.579 [error] [LS Main stderr] I0419 18:55:46.579549 390623 operator.go:870] Updating actuation overlay for page A1A4080D0D0EF8EB2AF67A6F595FED8D
I0419 18:55:46.579578 390623 operator.go:899] [overlay] Running JS: window.updateActuationOverlay({"capturingScreenshot":true})

2026-04-19 18:55:46.996 [error] [LS Main stderr] I0419 18:55:46.996597 390623 operator.go:870] Updating actuation overlay for page A1A4080D0D0EF8EB2AF67A6F595FED8D
I0419 18:55:46.996641 390623 operator.go:899] [overlay] Running JS: window.updateActuationOverlay({"capturingScreenshot":false})

2026-04-19 18:55:48.230 [error] [LS Main stderr] I0419 18:55:48.229838 390623 operator.go:870] Updating actuation overlay for page A1A4080D0D0EF8EB2AF67A6F595FED8D
I0419 18:55:48.229877 390623 operator.go:899] [overlay] Running JS: window.updateActuationOverlay({"cascadeId":"c9153f68-fa78-4c50-9152-f50915bb7c57","displayString":"","passthroughEnabled":false})

2026-04-19 18:55:48.237 [error] [LS Main stderr] I0419 18:55:48.237169 390623 operator.go:870] Updating actuation overlay for page A1A4080D0D0EF8EB2AF67A6F595FED8D
I0419 18:55:48.237208 390623 operator.go:899] [overlay] Running JS: window.updateActuationOverlay({"cascadeId":"c9153f68-fa78-4c50-9152-f50915bb7c57","displayString":"Getting DOM...","passthroughEnabled":true})

2026-04-19 18:55:48.237 [error] [LS Main stderr] I0419 18:55:48.237619 390623 operator.go:870] Updating actuation overlay for page A1A4080D0D0EF8EB2AF67A6F595FED8D
I0419 18:55:48.237644 390623 operator.go:899] [overlay] Running JS: window.updateActuationOverlay({"capturingScreenshot":true})

2026-04-19 18:55:48.419 [error] [LS Main stderr] I0419 18:55:48.419068 390623 operator.go:870] Updating actuation overlay for page A1A4080D0D0EF8EB2AF67A6F595FED8D
I0419 18:55:48.419107 390623 operator.go:899] [overlay] Running JS: window.updateActuationOverlay({"cascadeId":"c9153f68-fa78-4c50-9152-f50915bb7c57","displayString":"Getting DOM...","passthroughEnabled":false})

2026-04-19 18:55:48.698 [error] [LS Main stderr] I0419 18:55:48.698066 390623 operator.go:870] Updating actuation overlay for page A1A4080D0D0EF8EB2AF67A6F595FED8D
I0419 18:55:48.698103 390623 operator.go:899] [overlay] Running JS: window.updateActuationOverlay({"capturingScreenshot":false})

2026-04-19 18:55:48.711 [error] [LS Main stderr] I0419 18:55:48.710972 390623 planner_generator.go:283] Requesting planner with 50 chat messages at model retry attempt 1 and API retry attempt 1

2026-04-19 18:55:54.366 [error] [LS Main stderr] I0419 18:55:54.366350 390623 http_helpers.go:123] URL: https://cloudcode-pa.googleapis.com/v1internal:streamGenerateContent?alt=sse Trace: 0x898b13eeaf4df0d5

2026-04-19 18:56:02.100 [error] [LS Main stderr] I0419 18:56:02.100170 390623 operator.go:870] Updating actuation overlay for page A1A4080D0D0EF8EB2AF67A6F595FED8D
I0419 18:56:02.100212 390623 operator.go:899] [overlay] Running JS: window.updateActuationOverlay({"cascadeId":"c9153f68-fa78-4c50-9152-f50915bb7c57","displayString":"Clicking...","passthroughEnabled":true})

2026-04-19 18:56:02.102 [error] [LS Main stderr] I0419 18:56:02.102027 390623 operator.go:870] Updating actuation overlay for page A1A4080D0D0EF8EB2AF67A6F595FED8D
I0419 18:56:02.102055 390623 operator.go:899] [overlay] Running JS: window.updateActuationOverlay({"capturingScreenshot":true})

2026-04-19 18:56:02.580 [error] [LS Main stderr] I0419 18:56:02.580681 390623 operator.go:870] Updating actuation overlay for page A1A4080D0D0EF8EB2AF67A6F595FED8D
I0419 18:56:02.580726 390623 operator.go:899] [overlay] Running JS: window.updateActuationOverlay({"capturingScreenshot":false})

2026-04-19 18:56:03.872 [error] [LS Main stderr] I0419 18:56:03.871893 390623 operator.go:870] Updating actuation overlay for page A1A4080D0D0EF8EB2AF67A6F595FED8D
I0419 18:56:03.871955 390623 operator.go:899] [overlay] Running JS: window.updateActuationOverlay({"cascadeId":"c9153f68-fa78-4c50-9152-f50915bb7c57","displayString":"Clicking...","passthroughEnabled":false})

2026-04-19 18:56:03.881 [error] [LS Main stderr] I0419 18:56:03.881666 390623 operator.go:870] Updating actuation overlay for page A1A4080D0D0EF8EB2AF67A6F595FED8D
I0419 18:56:03.881705 390623 operator.go:899] [overlay] Running JS: window.updateActuationOverlay({"cascadeId":"c9153f68-fa78-4c50-9152-f50915bb7c57","displayString":"Getting DOM...","passthroughEnabled":true})

2026-04-19 18:56:03.882 [error] [LS Main stderr] I0419 18:56:03.882166 390623 operator.go:870] Updating actuation overlay for page A1A4080D0D0EF8EB2AF67A6F595FED8D
I0419 18:56:03.882195 390623 operator.go:899] [overlay] Running JS: window.updateActuationOverlay({"capturingScreenshot":true})

2026-04-19 18:56:04.053 [error] [LS Main stderr] I0419 18:56:04.053106 390623 operator.go:870] Updating actuation overlay for page A1A4080D0D0EF8EB2AF67A6F595FED8D
I0419 18:56:04.053138 390623 operator.go:899] [overlay] Running JS: window.updateActuationOverlay({"cascadeId":"c9153f68-fa78-4c50-9152-f50915bb7c57","displayString":"Getting DOM...","passthroughEnabled":false})

2026-04-19 18:56:04.263 [error] [LS Main stderr] I0419 18:56:04.263492 390623 operator.go:870] Updating actuation overlay for page A1A4080D0D0EF8EB2AF67A6F595FED8D
I0419 18:56:04.263539 390623 operator.go:899] [overlay] Running JS: window.updateActuationOverlay({"capturingScreenshot":false})

2026-04-19 18:56:04.271 [error] [LS Main stderr] I0419 18:56:04.270803 390623 planner_generator.go:283] Requesting planner with 52 chat messages at model retry attempt 1 and API retry attempt 1

2026-04-19 18:56:10.566 [error] [LS Main stderr] I0419 18:56:10.566658 390623 http_helpers.go:123] URL: https://cloudcode-pa.googleapis.com/v1internal:streamGenerateContent?alt=sse Trace: 0x1e29efe6c6ac4024

2026-04-19 18:56:12.445 [error] [LS Main stderr] I0419 18:56:12.445138 390623 operator.go:870] Updating actuation overlay for page A1A4080D0D0EF8EB2AF67A6F595FED8D
I0419 18:56:12.445170 390623 operator.go:899] [overlay] Running JS: window.updateActuationOverlay({"cascadeId":"c9153f68-fa78-4c50-9152-f50915bb7c57","displayString":"Pressing key...","passthroughEnabled":true})

2026-04-19 18:56:12.451 [error] [LS Main stderr] I0419 18:56:12.451281 390623 operator.go:870] Updating actuation overlay for page A1A4080D0D0EF8EB2AF67A6F595FED8D
I0419 18:56:12.451338 390623 operator.go:899] [overlay] Running JS: window.updateActuationOverlay({"cascadeId":"c9153f68-fa78-4c50-9152-f50915bb7c57","displayString":"Pressing key...","passthroughEnabled":false})

2026-04-19 18:56:12.463 [error] [LS Main stderr] I0419 18:56:12.463282 390623 operator.go:870] Updating actuation overlay for page A1A4080D0D0EF8EB2AF67A6F595FED8D
I0419 18:56:12.463320 390623 operator.go:899] [overlay] Running JS: window.updateActuationOverlay({"cascadeId":"c9153f68-fa78-4c50-9152-f50915bb7c57","displayString":"Getting DOM...","passthroughEnabled":true})

2026-04-19 18:56:12.463 [error] [LS Main stderr] I0419 18:56:12.463742 390623 operator.go:870] Updating actuation overlay for page A1A4080D0D0EF8EB2AF67A6F595FED8D
I0419 18:56:12.463768 390623 operator.go:899] [overlay] Running JS: window.updateActuationOverlay({"capturingScreenshot":true})

2026-04-19 18:56:12.634 [error] [LS Main stderr] I0419 18:56:12.634510 390623 operator.go:870] Updating actuation overlay for page A1A4080D0D0EF8EB2AF67A6F595FED8D
I0419 18:56:12.634557 390623 operator.go:899] [overlay] Running JS: window.updateActuationOverlay({"cascadeId":"c9153f68-fa78-4c50-9152-f50915bb7c57","displayString":"Getting DOM...","passthroughEnabled":false})

2026-04-19 18:56:12.721 [error] [LS Main stderr] I0419 18:56:12.720973 390623 operator.go:870] Updating actuation overlay for page A1A4080D0D0EF8EB2AF67A6F595FED8D
I0419 18:56:12.721018 390623 operator.go:899] [overlay] Running JS: window.updateActuationOverlay({"capturingScreenshot":false})

2026-04-19 18:56:12.730 [error] [LS Main stderr] I0419 18:56:12.730387 390623 planner_generator.go:283] Requesting planner with 54 chat messages at model retry attempt 1 and API retry attempt 1

2026-04-19 18:56:18.435 [error] [LS Main stderr] I0419 18:56:18.435634 390623 http_helpers.go:123] URL: https://cloudcode-pa.googleapis.com/v1internal:streamGenerateContent?alt=sse Trace: 0xd1383981d50e461d

2026-04-19 18:56:24.361 [error] [LS Main stderr] I0419 18:56:24.360760 390623 planner_generator.go:283] Requesting planner with 101 chat messages at model retry attempt 1 and API retry attempt 1

2026-04-19 18:56:28.146 [error] [LS Main stderr] I0419 18:56:28.145779 390623 http_helpers.go:123] URL: https://cloudcode-pa.googleapis.com/v1internal:streamGenerateContent?alt=sse Trace: 0xa170d65182a4f454

