2026-04-16 23:11:50.120 [info] [main] Log level: Info
2026-04-16 23:11:50.120 [info] [main] Validating found git in: "git"
2026-04-16 23:11:50.120 [info] [main] Using git "2.53.0" from "git"
2026-04-16 23:11:50.120 [info] [Model][doInitialScan] Initial repository scan started
2026-04-16 23:11:50.120 [info] [Model][doInitialScan] Initial repository scan completed - repositories (0), closed repositories (0), parent repositories (0), unsafe repositories (0)
2026-04-16 23:13:10.427 [info] [main] Log level: Info
2026-04-16 23:13:10.428 [info] [main] Validating found git in: "git"
2026-04-16 23:13:10.428 [info] [main] Using git "2.53.0" from "git"
2026-04-16 23:13:10.428 [info] [Model][doInitialScan] Initial repository scan started
2026-04-16 23:13:10.428 [info] > git rev-parse --show-toplevel [11ms]
2026-04-16 23:13:10.468 [info] > git rev-parse --git-dir --git-common-dir --show-superproject-working-tree [34ms]
2026-04-16 23:13:10.479 [info] [Model][openRepository] Opened repository (path): /home/kausthubh/GitHub/polymarket-clone
2026-04-16 23:13:10.479 [info] [Model][openRepository] Opened repository (real path): /home/kausthubh/GitHub/polymarket-clone
2026-04-16 23:13:10.479 [info] [Model][openRepository] Opened repository (kind): repository
2026-04-16 23:13:10.500 [info] > git config --get commit.template [11ms]
2026-04-16 23:13:10.507 [info] [Git][getRemotes] No remotes found in the git config file
2026-04-16 23:13:10.516 [info] > git for-each-ref --format=%(refname)%00%(upstream:short)%00%(objectname)%00%(upstream:track)%00%(upstream:remotename)%00%(upstream:remoteref) refs/heads/main refs/remotes/main [9ms]
2026-04-16 23:13:10.532 [info] > git rev-parse --show-toplevel [18ms]
2026-04-16 23:13:10.541 [info] > git status -z -uall [18ms]
2026-04-16 23:13:10.541 [info] > git for-each-ref --sort -committerdate --format %(refname)%00%(objectname)%00%(*objectname) [11ms]
2026-04-16 23:13:10.544 [info] > git rev-parse --show-toplevel [4ms]
2026-04-16 23:13:10.571 [info] > git for-each-ref --format=%(refname)%00%(upstream:short)%00%(objectname)%00%(upstream:track)%00%(upstream:remotename)%00%(upstream:remoteref) refs/heads/main refs/remotes/main [17ms]
2026-04-16 23:13:10.606 [info] > git config --get --local branch.main.vscode-merge-base [27ms]
2026-04-16 23:13:10.606 [warning] [Git][config] git config failed: Failed to execute git
2026-04-16 23:13:10.612 [info] > git config --get commit.template [42ms]
2026-04-16 23:13:10.612 [info] > git rev-parse --show-toplevel [47ms]
2026-04-16 23:13:10.641 [info] > git reflog main --grep-reflog=branch: Created from *. [29ms]
2026-04-16 23:13:10.650 [info] [Git][getRemotes] No remotes found in the git config file
2026-04-16 23:13:10.651 [info] > git rev-parse --show-toplevel [10ms]
2026-04-16 23:13:10.658 [info] > git for-each-ref --format=%(refname)%00%(upstream:short)%00%(objectname)%00%(upstream:track)%00%(upstream:remotename)%00%(upstream:remoteref) refs/heads/main refs/remotes/main [8ms]
2026-04-16 23:13:10.671 [info] > git rev-parse --show-toplevel [13ms]
2026-04-16 23:13:10.677 [info] > git status -z -uall [14ms]
2026-04-16 23:13:10.678 [info] > git for-each-ref --sort -committerdate --format %(refname)%00%(objectname)%00%(*objectname) [8ms]
2026-04-16 23:13:10.689 [info] > git rev-parse --show-toplevel [12ms]
2026-04-16 23:13:10.692 [info] [Model][doInitialScan] Initial repository scan completed - repositories (1), closed repositories (0), parent repositories (0), unsafe repositories (0)
2026-04-16 23:13:11.111 [info] > git check-ignore -v -z --stdin [2ms]
2026-04-16 23:13:15.169 [info] [main] Log level: Info
2026-04-16 23:13:15.169 [info] [main] Validating found git in: "git"
2026-04-16 23:13:15.169 [info] [main] Using git "2.53.0" from "git"
2026-04-16 23:13:15.169 [info] [Model][doInitialScan] Initial repository scan started
2026-04-16 23:13:15.169 [info] > git rev-parse --show-toplevel [10ms]
2026-04-16 23:13:15.203 [info] > git rev-parse --git-dir --git-common-dir --show-superproject-working-tree [43ms]
2026-04-16 23:13:15.214 [info] [Model][openRepository] Opened repository (path): /home/kausthubh/GitHub/polymarket-clone
2026-04-16 23:13:15.214 [info] [Model][openRepository] Opened repository (real path): /home/kausthubh/GitHub/polymarket-clone
2026-04-16 23:13:15.214 [info] [Model][openRepository] Opened repository (kind): repository
2026-04-16 23:13:15.236 [info] > git config --get commit.template [13ms]
2026-04-16 23:13:15.245 [info] [Git][getRemotes] No remotes found in the git config file
2026-04-16 23:13:15.269 [info] > git rev-parse --show-toplevel [20ms]
2026-04-16 23:13:15.269 [info] > git for-each-ref --format=%(refname)%00%(upstream:short)%00%(objectname)%00%(upstream:track)%00%(upstream:remotename)%00%(upstream:remoteref) refs/heads/main refs/remotes/main [25ms]
2026-04-16 23:13:15.306 [info] > git status -z -uall [31ms]
2026-04-16 23:13:15.306 [info] > git for-each-ref --sort -committerdate --format %(refname)%00%(objectname)%00%(*objectname) [24ms]
2026-04-16 23:13:15.333 [info] > git for-each-ref --format=%(refname)%00%(upstream:short)%00%(objectname)%00%(upstream:track)%00%(upstream:remotename)%00%(upstream:remoteref) refs/heads/main refs/remotes/main [18ms]
2026-04-16 23:13:15.341 [info] > git rev-parse --show-toplevel [39ms]
2026-04-16 23:13:15.349 [info] > git config --get --local branch.main.vscode-merge-base [9ms]
2026-04-16 23:13:15.349 [warning] [Git][config] git config failed: Failed to execute git
2026-04-16 23:13:15.355 [info] > git config --get commit.template [23ms]
2026-04-16 23:13:15.355 [info] > git rev-parse --show-toplevel [7ms]
2026-04-16 23:13:15.360 [info] [Git][getRemotes] No remotes found in the git config file
2026-04-16 23:13:15.365 [info] > git reflog main --grep-reflog=branch: Created from *. [10ms]
2026-04-16 23:13:15.367 [info] > git rev-parse --show-toplevel [2ms]
2026-04-16 23:13:15.368 [info] > git for-each-ref --format=%(refname)%00%(upstream:short)%00%(objectname)%00%(upstream:track)%00%(upstream:remotename)%00%(upstream:remoteref) refs/heads/main refs/remotes/main [8ms]
2026-04-16 23:13:15.381 [info] > git for-each-ref --sort -committerdate --format %(refname)%00%(objectname)%00%(*objectname) [5ms]
2026-04-16 23:13:15.382 [info] > git status -z -uall [10ms]
2026-04-16 23:13:15.392 [info] > git rev-parse --show-toplevel [11ms]
2026-04-16 23:13:15.399 [info] > git rev-parse --show-toplevel [1ms]
2026-04-16 23:13:15.402 [info] [Model][doInitialScan] Initial repository scan completed - repositories (1), closed repositories (0), parent repositories (0), unsafe repositories (0)
2026-04-16 23:13:15.746 [info] > git check-ignore -v -z --stdin [2ms]
2026-04-16 23:15:16.081 [info] [Git][getRemotes] No remotes found in the git config file
2026-04-16 23:15:16.082 [info] > git config --get commit.template [6ms]
2026-04-16 23:15:16.082 [info] > git for-each-ref --format=%(refname)%00%(upstream:short)%00%(objectname)%00%(upstream:track)%00%(upstream:remotename)%00%(upstream:remoteref) refs/heads/main refs/remotes/main [1ms]
2026-04-16 23:15:16.093 [info] > git for-each-ref --sort -committerdate --format %(refname)%00%(objectname)%00%(*objectname) [1ms]
2026-04-16 23:15:16.097 [info] > git status -z -uall [10ms]
2026-04-16 23:15:25.171 [info] [Git][getRemotes] No remotes found in the git config file
2026-04-16 23:15:25.172 [info] > git config --get commit.template [7ms]
2026-04-16 23:15:25.173 [info] > git for-each-ref --format=%(refname)%00%(upstream:short)%00%(objectname)%00%(upstream:track)%00%(upstream:remotename)%00%(upstream:remoteref) refs/heads/main refs/remotes/main [1ms]
2026-04-16 23:15:25.185 [info] > git for-each-ref --sort -committerdate --format %(refname)%00%(objectname)%00%(*objectname) [1ms]
2026-04-16 23:15:25.189 [info] > git status -z -uall [11ms]
2026-04-16 23:15:30.802 [info] [Git][getRemotes] No remotes found in the git config file
2026-04-16 23:15:30.802 [info] > git config --get commit.template [6ms]
2026-04-16 23:15:30.803 [info] > git for-each-ref --format=%(refname)%00%(upstream:short)%00%(objectname)%00%(upstream:track)%00%(upstream:remotename)%00%(upstream:remoteref) refs/heads/main refs/remotes/main [1ms]
2026-04-16 23:15:30.814 [info] > git for-each-ref --sort -committerdate --format %(refname)%00%(objectname)%00%(*objectname) [1ms]
2026-04-16 23:15:30.819 [info] > git status -z -uall [11ms]
2026-04-16 23:15:35.830 [info] > git config --get commit.template [2ms]
2026-04-16 23:15:35.835 [info] [Git][getRemotes] No remotes found in the git config file
2026-04-16 23:15:35.836 [info] > git for-each-ref --format=%(refname)%00%(upstream:short)%00%(objectname)%00%(upstream:track)%00%(upstream:remotename)%00%(upstream:remoteref) refs/heads/main refs/remotes/main [1ms]
2026-04-16 23:15:35.847 [info] > git for-each-ref --sort -committerdate --format %(refname)%00%(objectname)%00%(*objectname) [1ms]
2026-04-16 23:15:35.851 [info] > git status -z -uall [10ms]
2026-04-16 23:20:07.224 [info] > git check-ignore -v -z --stdin [3ms]
2026-04-16 23:20:07.838 [info] > git check-ignore -v -z --stdin [5ms]
2026-04-16 23:20:07.954 [info] [Git][getRemotes] No remotes found in the git config file
2026-04-16 23:20:07.955 [info] > git config --get commit.template [8ms]
2026-04-16 23:20:07.956 [info] > git for-each-ref --format=%(refname)%00%(upstream:short)%00%(objectname)%00%(upstream:track)%00%(upstream:remotename)%00%(upstream:remoteref) refs/heads/main refs/remotes/main [2ms]
2026-04-16 23:20:07.970 [info] > git for-each-ref --sort -committerdate --format %(refname)%00%(objectname)%00%(*objectname) [1ms]
2026-04-16 23:20:07.974 [info] > git status -z -uall [12ms]
2026-04-16 23:20:08.315 [info] > git show --textconv :app/components/SeriesDetailPage.tsx [8ms]
2026-04-16 23:20:08.316 [info] > git ls-files --stage -- app/components/SeriesDetailPage.tsx [2ms]
2026-04-16 23:20:08.325 [info] > git cat-file -s 010a724e60c1982c35eb17c176e4852fda57ad10 [2ms]
2026-04-16 23:20:12.897 [info] > git check-ignore -v -z --stdin [1ms]
2026-04-16 23:20:12.992 [info] [Git][getRemotes] No remotes found in the git config file
2026-04-16 23:20:12.993 [info] > git config --get commit.template [8ms]
2026-04-16 23:20:12.994 [info] > git for-each-ref --format=%(refname)%00%(upstream:short)%00%(objectname)%00%(upstream:track)%00%(upstream:remotename)%00%(upstream:remoteref) refs/heads/main refs/remotes/main [2ms]
2026-04-16 23:20:13.006 [info] > git for-each-ref --sort -committerdate --format %(refname)%00%(objectname)%00%(*objectname) [1ms]
2026-04-16 23:20:13.010 [info] > git status -z -uall [11ms]
2026-04-16 23:20:18.770 [info] [Git][getRemotes] No remotes found in the git config file
2026-04-16 23:20:18.771 [info] > git config --get commit.template [8ms]
2026-04-16 23:20:18.772 [info] > git for-each-ref --format=%(refname)%00%(upstream:short)%00%(objectname)%00%(upstream:track)%00%(upstream:remotename)%00%(upstream:remoteref) refs/heads/main refs/remotes/main [2ms]
2026-04-16 23:20:18.785 [info] > git for-each-ref --sort -committerdate --format %(refname)%00%(objectname)%00%(*objectname) [2ms]
2026-04-16 23:20:18.788 [info] > git status -z -uall [11ms]
2026-04-16 23:20:23.804 [info] [Git][getRemotes] No remotes found in the git config file
2026-04-16 23:20:23.805 [info] > git config --get commit.template [6ms]
2026-04-16 23:20:23.805 [info] > git for-each-ref --format=%(refname)%00%(upstream:short)%00%(objectname)%00%(upstream:track)%00%(upstream:remotename)%00%(upstream:remoteref) refs/heads/main refs/remotes/main [1ms]
2026-04-16 23:20:23.816 [info] > git for-each-ref --sort -committerdate --format %(refname)%00%(objectname)%00%(*objectname) [1ms]
2026-04-16 23:20:23.821 [info] > git status -z -uall [11ms]
2026-04-16 23:21:45.996 [info] [Git][getRemotes] No remotes found in the git config file
2026-04-16 23:21:45.996 [info] > git config --get commit.template [7ms]
2026-04-16 23:21:45.997 [info] > git for-each-ref --format=%(refname)%00%(upstream:short)%00%(objectname)%00%(upstream:track)%00%(upstream:remotename)%00%(upstream:remoteref) refs/heads/main refs/remotes/main [2ms]
2026-04-16 23:21:46.009 [info] > git for-each-ref --sort -committerdate --format %(refname)%00%(objectname)%00%(*objectname) [1ms]
2026-04-16 23:21:46.013 [info] > git status -z -uall [11ms]
2026-04-16 23:21:51.029 [info] [Git][getRemotes] No remotes found in the git config file
2026-04-16 23:21:51.029 [info] > git config --get commit.template [6ms]
2026-04-16 23:21:51.030 [info] > git for-each-ref --format=%(refname)%00%(upstream:short)%00%(objectname)%00%(upstream:track)%00%(upstream:remotename)%00%(upstream:remoteref) refs/heads/main refs/remotes/main [2ms]
2026-04-16 23:21:51.042 [info] > git for-each-ref --sort -committerdate --format %(refname)%00%(objectname)%00%(*objectname) [1ms]
2026-04-16 23:21:51.046 [info] > git status -z -uall [10ms]
2026-04-16 23:21:56.063 [info] [Git][getRemotes] No remotes found in the git config file
2026-04-16 23:21:56.064 [info] > git config --get commit.template [8ms]
2026-04-16 23:21:56.065 [info] > git for-each-ref --format=%(refname)%00%(upstream:short)%00%(objectname)%00%(upstream:track)%00%(upstream:remotename)%00%(upstream:remoteref) refs/heads/main refs/remotes/main [2ms]
2026-04-16 23:21:56.078 [info] > git for-each-ref --sort -committerdate --format %(refname)%00%(objectname)%00%(*objectname) [2ms]
2026-04-16 23:21:56.081 [info] > git status -z -uall [11ms]
2026-04-16 23:22:04.827 [info] [Git][getRemotes] No remotes found in the git config file
2026-04-16 23:22:04.827 [info] > git config --get commit.template [6ms]
2026-04-16 23:22:04.828 [info] > git for-each-ref --format=%(refname)%00%(upstream:short)%00%(objectname)%00%(upstream:track)%00%(upstream:remotename)%00%(upstream:remoteref) refs/heads/main refs/remotes/main [1ms]
2026-04-16 23:22:04.839 [info] > git for-each-ref --sort -committerdate --format %(refname)%00%(objectname)%00%(*objectname) [2ms]
2026-04-16 23:22:04.843 [info] > git status -z -uall [10ms]
2026-04-16 23:24:00.448 [info] [Git][getRemotes] No remotes found in the git config file
2026-04-16 23:24:00.449 [info] > git config --get commit.template [5ms]
2026-04-16 23:24:00.449 [info] > git for-each-ref --format=%(refname)%00%(upstream:short)%00%(objectname)%00%(upstream:track)%00%(upstream:remotename)%00%(upstream:remoteref) refs/heads/main refs/remotes/main [1ms]
2026-04-16 23:24:00.460 [info] > git for-each-ref --sort -committerdate --format %(refname)%00%(objectname)%00%(*objectname) [1ms]
2026-04-16 23:24:00.465 [info] > git status -z -uall [11ms]
2026-04-16 23:24:05.480 [info] [Git][getRemotes] No remotes found in the git config file
2026-04-16 23:24:05.480 [info] > git config --get commit.template [6ms]
2026-04-16 23:24:05.481 [info] > git for-each-ref --format=%(refname)%00%(upstream:short)%00%(objectname)%00%(upstream:track)%00%(upstream:remotename)%00%(upstream:remoteref) refs/heads/main refs/remotes/main [1ms]
2026-04-16 23:24:05.492 [info] > git for-each-ref --sort -committerdate --format %(refname)%00%(objectname)%00%(*objectname) [1ms]
2026-04-16 23:24:05.496 [info] > git status -z -uall [10ms]
2026-04-16 23:24:10.512 [info] [Git][getRemotes] No remotes found in the git config file
2026-04-16 23:24:10.513 [info] > git config --get commit.template [6ms]
2026-04-16 23:24:10.514 [info] > git for-each-ref --format=%(refname)%00%(upstream:short)%00%(objectname)%00%(upstream:track)%00%(upstream:remotename)%00%(upstream:remoteref) refs/heads/main refs/remotes/main [2ms]
2026-04-16 23:24:10.525 [info] > git for-each-ref --sort -committerdate --format %(refname)%00%(objectname)%00%(*objectname) [2ms]
2026-04-16 23:24:10.529 [info] > git status -z -uall [11ms]
2026-04-16 23:24:50.443 [info] [Git][getRemotes] No remotes found in the git config file
2026-04-16 23:24:50.443 [info] > git config --get commit.template [5ms]
2026-04-16 23:24:50.444 [info] > git for-each-ref --format=%(refname)%00%(upstream:short)%00%(objectname)%00%(upstream:track)%00%(upstream:remotename)%00%(upstream:remoteref) refs/heads/main refs/remotes/main [1ms]
2026-04-16 23:24:50.456 [info] > git for-each-ref --sort -committerdate --format %(refname)%00%(objectname)%00%(*objectname) [1ms]
2026-04-16 23:24:50.459 [info] > git status -z -uall [10ms]
2026-04-16 23:27:04.123 [info] [Git][getRemotes] No remotes found in the git config file
2026-04-16 23:27:04.124 [info] > git config --get commit.template [6ms]
2026-04-16 23:27:04.125 [info] > git for-each-ref --format=%(refname)%00%(upstream:short)%00%(objectname)%00%(upstream:track)%00%(upstream:remotename)%00%(upstream:remoteref) refs/heads/main refs/remotes/main [2ms]
2026-04-16 23:27:04.136 [info] > git for-each-ref --sort -committerdate --format %(refname)%00%(objectname)%00%(*objectname) [2ms]
2026-04-16 23:27:04.141 [info] > git status -z -uall [11ms]
2026-04-16 23:27:09.156 [info] [Git][getRemotes] No remotes found in the git config file
2026-04-16 23:27:09.157 [info] > git config --get commit.template [6ms]
2026-04-16 23:27:09.157 [info] > git for-each-ref --format=%(refname)%00%(upstream:short)%00%(objectname)%00%(upstream:track)%00%(upstream:remotename)%00%(upstream:remoteref) refs/heads/main refs/remotes/main [1ms]
2026-04-16 23:27:09.168 [info] > git for-each-ref --sort -committerdate --format %(refname)%00%(objectname)%00%(*objectname) [1ms]
2026-04-16 23:27:09.173 [info] > git status -z -uall [11ms]
2026-04-16 23:27:17.001 [info] > git config --get commit.template [1ms]
2026-04-16 23:27:17.006 [info] [Git][getRemotes] No remotes found in the git config file
2026-04-16 23:27:17.008 [info] > git for-each-ref --format=%(refname)%00%(upstream:short)%00%(objectname)%00%(upstream:track)%00%(upstream:remotename)%00%(upstream:remoteref) refs/heads/main refs/remotes/main [2ms]
2026-04-16 23:27:17.018 [info] > git for-each-ref --sort -committerdate --format %(refname)%00%(objectname)%00%(*objectname) [1ms]
2026-04-16 23:27:17.023 [info] > git status -z -uall [11ms]
2026-04-16 23:28:13.601 [info] > git check-ignore -v -z --stdin [2ms]
2026-04-16 23:28:14.399 [info] [Git][getRemotes] No remotes found in the git config file
2026-04-16 23:28:14.400 [info] > git config --get commit.template [6ms]
2026-04-16 23:28:14.401 [info] > git for-each-ref --format=%(refname)%00%(upstream:short)%00%(objectname)%00%(upstream:track)%00%(upstream:remotename)%00%(upstream:remoteref) refs/heads/main refs/remotes/main [2ms]
2026-04-16 23:28:14.412 [info] > git for-each-ref --sort -committerdate --format %(refname)%00%(objectname)%00%(*objectname) [2ms]
2026-04-16 23:28:14.416 [info] > git status -z -uall [11ms]
2026-04-16 23:28:19.432 [info] [Git][getRemotes] No remotes found in the git config file
2026-04-16 23:28:19.432 [info] > git config --get commit.template [6ms]
2026-04-16 23:28:19.434 [info] > git for-each-ref --format=%(refname)%00%(upstream:short)%00%(objectname)%00%(upstream:track)%00%(upstream:remotename)%00%(upstream:remoteref) refs/heads/main refs/remotes/main [2ms]
2026-04-16 23:28:19.446 [info] > git for-each-ref --sort -committerdate --format %(refname)%00%(objectname)%00%(*objectname) [2ms]
2026-04-16 23:28:19.450 [info] > git status -z -uall [11ms]
2026-04-16 23:28:25.869 [info] > git check-ignore -v -z --stdin [1ms]
2026-04-16 23:28:26.714 [info] [Git][getRemotes] No remotes found in the git config file
2026-04-16 23:28:26.714 [info] > git config --get commit.template [6ms]
2026-04-16 23:28:26.715 [info] > git for-each-ref --format=%(refname)%00%(upstream:short)%00%(objectname)%00%(upstream:track)%00%(upstream:remotename)%00%(upstream:remoteref) refs/heads/main refs/remotes/main [1ms]
2026-04-16 23:28:26.726 [info] > git for-each-ref --sort -committerdate --format %(refname)%00%(objectname)%00%(*objectname) [2ms]
2026-04-16 23:28:26.730 [info] > git status -z -uall [11ms]
2026-04-16 23:28:31.746 [info] [Git][getRemotes] No remotes found in the git config file
2026-04-16 23:28:31.746 [info] > git config --get commit.template [6ms]
2026-04-16 23:28:31.747 [info] > git for-each-ref --format=%(refname)%00%(upstream:short)%00%(objectname)%00%(upstream:track)%00%(upstream:remotename)%00%(upstream:remoteref) refs/heads/main refs/remotes/main [1ms]
2026-04-16 23:28:31.758 [info] > git for-each-ref --sort -committerdate --format %(refname)%00%(objectname)%00%(*objectname) [2ms]
2026-04-16 23:28:31.762 [info] > git status -z -uall [11ms]
2026-04-16 23:29:20.761 [info] [Git][getRemotes] No remotes found in the git config file
2026-04-16 23:29:20.761 [info] > git config --get commit.template [5ms]
2026-04-16 23:29:20.762 [info] > git for-each-ref --format=%(refname)%00%(upstream:short)%00%(objectname)%00%(upstream:track)%00%(upstream:remotename)%00%(upstream:remoteref) refs/heads/main refs/remotes/main [1ms]
2026-04-16 23:29:20.774 [info] > git for-each-ref --sort -committerdate --format %(refname)%00%(objectname)%00%(*objectname) [2ms]
2026-04-16 23:29:20.777 [info] > git status -z -uall [10ms]
2026-04-16 23:29:29.550 [info] [Git][getRemotes] No remotes found in the git config file
2026-04-16 23:29:29.555 [info] > git config --get commit.template [6ms]
2026-04-16 23:29:29.556 [info] > git for-each-ref --format=%(refname)%00%(upstream:short)%00%(objectname)%00%(upstream:track)%00%(upstream:remotename)%00%(upstream:remoteref) refs/heads/main refs/remotes/main [2ms]
2026-04-16 23:29:29.569 [info] > git for-each-ref --sort -committerdate --format %(refname)%00%(objectname)%00%(*objectname) [2ms]
2026-04-16 23:29:29.573 [info] > git status -z -uall [11ms]
2026-04-16 23:31:42.067 [info] > git config --get commit.template [1ms]
2026-04-16 23:31:42.072 [info] [Git][getRemotes] No remotes found in the git config file
2026-04-16 23:31:42.074 [info] > git for-each-ref --format=%(refname)%00%(upstream:short)%00%(objectname)%00%(upstream:track)%00%(upstream:remotename)%00%(upstream:remoteref) refs/heads/main refs/remotes/main [2ms]
2026-04-16 23:31:42.085 [info] > git for-each-ref --sort -committerdate --format %(refname)%00%(objectname)%00%(*objectname) [1ms]
2026-04-16 23:31:42.089 [info] > git status -z -uall [11ms]
2026-04-16 23:31:59.548 [info] [Git][getRemotes] No remotes found in the git config file
2026-04-16 23:31:59.553 [info] > git config --get commit.template [5ms]
2026-04-16 23:31:59.555 [info] > git for-each-ref --format=%(refname)%00%(upstream:short)%00%(objectname)%00%(upstream:track)%00%(upstream:remotename)%00%(upstream:remoteref) refs/heads/main refs/remotes/main [2ms]
2026-04-16 23:31:59.566 [info] > git for-each-ref --sort -committerdate --format %(refname)%00%(objectname)%00%(*objectname) [1ms]
2026-04-16 23:31:59.571 [info] > git status -z -uall [11ms]
2026-04-16 23:32:10.556 [info] [Git][getRemotes] No remotes found in the git config file
2026-04-16 23:32:10.556 [info] > git config --get commit.template [6ms]
2026-04-16 23:32:10.557 [info] > git for-each-ref --format=%(refname)%00%(upstream:short)%00%(objectname)%00%(upstream:track)%00%(upstream:remotename)%00%(upstream:remoteref) refs/heads/main refs/remotes/main [2ms]
2026-04-16 23:32:10.568 [info] > git for-each-ref --sort -committerdate --format %(refname)%00%(objectname)%00%(*objectname) [1ms]
2026-04-16 23:32:10.572 [info] > git status -z -uall [10ms]
2026-04-16 23:32:15.596 [info] [Git][getRemotes] No remotes found in the git config file
2026-04-16 23:32:15.597 [info] > git config --get commit.template [5ms]
2026-04-16 23:32:15.597 [info] > git for-each-ref --format=%(refname)%00%(upstream:short)%00%(objectname)%00%(upstream:track)%00%(upstream:remotename)%00%(upstream:remoteref) refs/heads/main refs/remotes/main [1ms]
2026-04-16 23:32:15.608 [info] > git for-each-ref --sort -committerdate --format %(refname)%00%(objectname)%00%(*objectname) [1ms]
2026-04-16 23:32:15.613 [info] > git status -z -uall [11ms]
2026-04-16 23:32:31.263 [info] > git check-ignore -v -z --stdin [2ms]
2026-04-16 23:32:32.291 [info] [Git][getRemotes] No remotes found in the git config file
2026-04-16 23:32:32.292 [info] > git config --get commit.template [6ms]
2026-04-16 23:32:32.293 [info] > git for-each-ref --format=%(refname)%00%(upstream:short)%00%(objectname)%00%(upstream:track)%00%(upstream:remotename)%00%(upstream:remoteref) refs/heads/main refs/remotes/main [2ms]
2026-04-16 23:32:32.303 [info] > git for-each-ref --sort -committerdate --format %(refname)%00%(objectname)%00%(*objectname) [1ms]
2026-04-16 23:32:32.308 [info] > git status -z -uall [11ms]
2026-04-16 23:32:37.324 [info] [Git][getRemotes] No remotes found in the git config file
2026-04-16 23:32:37.325 [info] > git for-each-ref --format=%(refname)%00%(upstream:short)%00%(objectname)%00%(upstream:track)%00%(upstream:remotename)%00%(upstream:remoteref) refs/heads/main refs/remotes/main [2ms]
2026-04-16 23:32:37.325 [info] > git config --get commit.template [7ms]
2026-04-16 23:32:37.337 [info] > git for-each-ref --sort -committerdate --format %(refname)%00%(objectname)%00%(*objectname) [1ms]
2026-04-16 23:32:37.341 [info] > git status -z -uall [11ms]
2026-04-16 23:32:42.352 [info] [Git][getRemotes] No remotes found in the git config file
2026-04-16 23:32:42.357 [info] > git config --get commit.template [6ms]
2026-04-16 23:32:42.358 [info] > git for-each-ref --format=%(refname)%00%(upstream:short)%00%(objectname)%00%(upstream:track)%00%(upstream:remotename)%00%(upstream:remoteref) refs/heads/main refs/remotes/main [2ms]
2026-04-16 23:32:42.369 [info] > git for-each-ref --sort -committerdate --format %(refname)%00%(objectname)%00%(*objectname) [1ms]
2026-04-16 23:32:42.374 [info] > git status -z -uall [12ms]
2026-04-16 23:32:47.386 [info] [Git][getRemotes] No remotes found in the git config file
2026-04-16 23:32:47.391 [info] > git config --get commit.template [6ms]
2026-04-16 23:32:47.392 [info] > git for-each-ref --format=%(refname)%00%(upstream:short)%00%(objectname)%00%(upstream:track)%00%(upstream:remotename)%00%(upstream:remoteref) refs/heads/main refs/remotes/main [2ms]
2026-04-16 23:32:47.403 [info] > git for-each-ref --sort -committerdate --format %(refname)%00%(objectname)%00%(*objectname) [2ms]
2026-04-16 23:32:47.407 [info] > git status -z -uall [11ms]
2026-04-16 23:34:57.926 [info] [Git][getRemotes] No remotes found in the git config file
2026-04-16 23:34:57.927 [info] > git config --get commit.template [7ms]
2026-04-16 23:34:57.927 [info] > git for-each-ref --format=%(refname)%00%(upstream:short)%00%(objectname)%00%(upstream:track)%00%(upstream:remotename)%00%(upstream:remoteref) refs/heads/main refs/remotes/main [1ms]
2026-04-16 23:34:57.938 [info] > git for-each-ref --sort -committerdate --format %(refname)%00%(objectname)%00%(*objectname) [1ms]
2026-04-16 23:34:57.943 [info] > git status -z -uall [11ms]
2026-04-16 23:35:02.957 [info] [Git][getRemotes] No remotes found in the git config file
2026-04-16 23:35:02.957 [info] > git config --get commit.template [5ms]
2026-04-16 23:35:02.958 [info] > git for-each-ref --format=%(refname)%00%(upstream:short)%00%(objectname)%00%(upstream:track)%00%(upstream:remotename)%00%(upstream:remoteref) refs/heads/main refs/remotes/main [1ms]
2026-04-16 23:35:02.970 [info] > git for-each-ref --sort -committerdate --format %(refname)%00%(objectname)%00%(*objectname) [1ms]
2026-04-16 23:35:02.975 [info] > git status -z -uall [11ms]
2026-04-16 23:35:32.960 [info] [Git][getRemotes] No remotes found in the git config file
2026-04-16 23:35:32.961 [info] > git config --get commit.template [6ms]
2026-04-16 23:35:32.962 [info] > git for-each-ref --format=%(refname)%00%(upstream:short)%00%(objectname)%00%(upstream:track)%00%(upstream:remotename)%00%(upstream:remoteref) refs/heads/main refs/remotes/main [2ms]
2026-04-16 23:35:32.973 [info] > git for-each-ref --sort -committerdate --format %(refname)%00%(objectname)%00%(*objectname) [2ms]
2026-04-16 23:35:32.977 [info] > git status -z -uall [11ms]
2026-04-16 23:35:37.991 [info] [Git][getRemotes] No remotes found in the git config file
2026-04-16 23:35:37.992 [info] > git config --get commit.template [6ms]
2026-04-16 23:35:37.993 [info] > git for-each-ref --format=%(refname)%00%(upstream:short)%00%(objectname)%00%(upstream:track)%00%(upstream:remotename)%00%(upstream:remoteref) refs/heads/main refs/remotes/main [2ms]
2026-04-16 23:35:38.005 [info] > git for-each-ref --sort -committerdate --format %(refname)%00%(objectname)%00%(*objectname) [2ms]
2026-04-16 23:35:38.009 [info] > git status -z -uall [11ms]
2026-04-16 23:35:43.913 [info] [Git][getRemotes] No remotes found in the git config file
2026-04-16 23:35:43.913 [info] > git config --get commit.template [6ms]
2026-04-16 23:35:43.914 [info] > git for-each-ref --format=%(refname)%00%(upstream:short)%00%(objectname)%00%(upstream:track)%00%(upstream:remotename)%00%(upstream:remoteref) refs/heads/main refs/remotes/main [1ms]
2026-04-16 23:35:43.926 [info] > git for-each-ref --sort -committerdate --format %(refname)%00%(objectname)%00%(*objectname) [2ms]
2026-04-16 23:35:43.930 [info] > git status -z -uall [11ms]
2026-04-16 23:35:56.405 [info] [Git][getRemotes] No remotes found in the git config file
2026-04-16 23:35:56.405 [info] > git config --get commit.template [5ms]
2026-04-16 23:35:56.406 [info] > git for-each-ref --format=%(refname)%00%(upstream:short)%00%(objectname)%00%(upstream:track)%00%(upstream:remotename)%00%(upstream:remoteref) refs/heads/main refs/remotes/main [1ms]
2026-04-16 23:35:56.418 [info] > git for-each-ref --sort -committerdate --format %(refname)%00%(objectname)%00%(*objectname) [1ms]
2026-04-16 23:35:56.423 [info] > git status -z -uall [11ms]
2026-04-16 23:36:01.437 [info] [Git][getRemotes] No remotes found in the git config file
2026-04-16 23:36:01.438 [info] > git config --get commit.template [6ms]
2026-04-16 23:36:01.438 [info] > git for-each-ref --format=%(refname)%00%(upstream:short)%00%(objectname)%00%(upstream:track)%00%(upstream:remotename)%00%(upstream:remoteref) refs/heads/main refs/remotes/main [1ms]
2026-04-16 23:36:01.449 [info] > git for-each-ref --sort -committerdate --format %(refname)%00%(objectname)%00%(*objectname) [1ms]
2026-04-16 23:36:01.453 [info] > git status -z -uall [10ms]
2026-04-16 23:36:25.137 [info] [Git][getRemotes] No remotes found in the git config file
2026-04-16 23:36:25.138 [info] > git config --get commit.template [6ms]
2026-04-16 23:36:25.139 [info] > git for-each-ref --format=%(refname)%00%(upstream:short)%00%(objectname)%00%(upstream:track)%00%(upstream:remotename)%00%(upstream:remoteref) refs/heads/main refs/remotes/main [2ms]
2026-04-16 23:36:25.150 [info] > git for-each-ref --sort -committerdate --format %(refname)%00%(objectname)%00%(*objectname) [1ms]
2026-04-16 23:36:25.154 [info] > git status -z -uall [11ms]
2026-04-16 23:36:46.277 [info] [Git][getRemotes] No remotes found in the git config file
2026-04-16 23:36:46.278 [info] > git config --get commit.template [6ms]
2026-04-16 23:36:46.279 [info] > git for-each-ref --format=%(refname)%00%(upstream:short)%00%(objectname)%00%(upstream:track)%00%(upstream:remotename)%00%(upstream:remoteref) refs/heads/main refs/remotes/main [2ms]
2026-04-16 23:36:46.290 [info] > git for-each-ref --sort -committerdate --format %(refname)%00%(objectname)%00%(*objectname) [1ms]
2026-04-16 23:36:46.295 [info] > git status -z -uall [10ms]
2026-04-16 23:39:26.025 [info] > git config --get commit.template [1ms]
2026-04-16 23:39:26.032 [info] [Git][getRemotes] No remotes found in the git config file
2026-04-16 23:39:26.033 [info] > git for-each-ref --format=%(refname)%00%(upstream:short)%00%(objectname)%00%(upstream:track)%00%(upstream:remotename)%00%(upstream:remoteref) refs/heads/main refs/remotes/main [2ms]
2026-04-16 23:39:26.046 [info] > git for-each-ref --sort -committerdate --format %(refname)%00%(objectname)%00%(*objectname) [2ms]
2026-04-16 23:39:26.050 [info] > git status -z -uall [11ms]
2026-04-16 23:39:26.370 [info] > git show --textconv HEAD:app/components/SeriesDetailPage.tsx [7ms]
2026-04-16 23:39:26.371 [info] > git ls-tree -l HEAD -- app/components/SeriesDetailPage.tsx [1ms]
2026-04-16 23:39:27.069 [info] [Git][getRemotes] No remotes found in the git config file
2026-04-16 23:39:27.070 [info] > git config --get commit.template [5ms]
2026-04-16 23:39:27.071 [info] > git for-each-ref --format=%(refname)%00%(upstream:short)%00%(objectname)%00%(upstream:track)%00%(upstream:remotename)%00%(upstream:remoteref) refs/heads/main refs/remotes/main [2ms]
2026-04-16 23:39:27.082 [info] > git for-each-ref --sort -committerdate --format %(refname)%00%(objectname)%00%(*objectname) [2ms]
2026-04-16 23:39:27.086 [info] > git status -z -uall [11ms]
2026-04-16 23:39:27.171 [info] > git ls-files --stage -- app/components/SeriesDetailPage.tsx [6ms]
2026-04-16 23:39:27.176 [info] > git ls-tree -l HEAD -- app/components/SeriesDetailPage.tsx [6ms]
2026-04-16 23:39:27.177 [info] > git cat-file -s d9ed74110679eb456af0341c8a4347366664e52a [1ms]
2026-04-16 23:39:27.187 [info] > git show --textconv HEAD:app/components/SeriesDetailPage.tsx [5ms]
2026-04-16 23:39:27.189 [info] > git show --textconv :app/components/SeriesDetailPage.tsx [2ms]
2026-04-16 23:39:37.707 [info] [Git][getRemotes] No remotes found in the git config file
2026-04-16 23:39:37.708 [info] > git config --get commit.template [7ms]
2026-04-16 23:39:37.710 [info] > git for-each-ref --format=%(refname)%00%(upstream:short)%00%(objectname)%00%(upstream:track)%00%(upstream:remotename)%00%(upstream:remoteref) refs/heads/main refs/remotes/main [3ms]
2026-04-16 23:39:37.722 [info] > git for-each-ref --sort -committerdate --format %(refname)%00%(objectname)%00%(*objectname) [1ms]
2026-04-16 23:39:37.726 [info] > git status -z -uall [11ms]
2026-04-16 23:39:38.756 [info] [Git][getRemotes] No remotes found in the git config file
2026-04-16 23:39:38.757 [info] > git config --get commit.template [7ms]
2026-04-16 23:39:38.757 [info] > git for-each-ref --format=%(refname)%00%(upstream:short)%00%(objectname)%00%(upstream:track)%00%(upstream:remotename)%00%(upstream:remoteref) refs/heads/main refs/remotes/main [1ms]
2026-04-16 23:39:38.769 [info] > git for-each-ref --sort -committerdate --format %(refname)%00%(objectname)%00%(*objectname) [2ms]
2026-04-16 23:39:38.772 [info] > git status -z -uall [11ms]
2026-04-16 23:39:38.852 [info] > git ls-files --stage -- app/components/SeriesDetailPage.tsx [1ms]
2026-04-16 23:39:38.859 [info] > git cat-file -s d9ed74110679eb456af0341c8a4347366664e52a [2ms]
2026-04-16 23:39:38.867 [info] > git show --textconv :app/components/SeriesDetailPage.tsx [1ms]
2026-04-16 23:41:39.054 [info] [Git][getRemotes] No remotes found in the git config file
2026-04-16 23:41:39.059 [info] > git config --get commit.template [6ms]
2026-04-16 23:41:39.060 [info] > git for-each-ref --format=%(refname)%00%(upstream:short)%00%(objectname)%00%(upstream:track)%00%(upstream:remotename)%00%(upstream:remoteref) refs/heads/main refs/remotes/main [1ms]
2026-04-16 23:41:39.075 [info] > git for-each-ref --sort -committerdate --format %(refname)%00%(objectname)%00%(*objectname) [5ms]
2026-04-16 23:41:39.076 [info] > git status -z -uall [11ms]
2026-04-16 23:41:39.076 [info] > git check-ignore -v -z --stdin [1ms]
2026-04-16 23:41:44.091 [info] [Git][getRemotes] No remotes found in the git config file
2026-04-16 23:41:44.092 [info] > git config --get commit.template [6ms]
2026-04-16 23:41:44.092 [info] > git for-each-ref --format=%(refname)%00%(upstream:short)%00%(objectname)%00%(upstream:track)%00%(upstream:remotename)%00%(upstream:remoteref) refs/heads/main refs/remotes/main [1ms]
2026-04-16 23:41:44.104 [info] > git for-each-ref --sort -committerdate --format %(refname)%00%(objectname)%00%(*objectname) [2ms]
2026-04-16 23:41:44.107 [info] > git status -z -uall [10ms]
2026-04-16 23:41:56.237 [info] > git check-ignore -v -z --stdin [2ms]
2026-04-16 23:41:56.784 [info] > git config --get commit.template [2ms]
2026-04-16 23:41:56.784 [info] [Git][getRemotes] No remotes found in the git config file
2026-04-16 23:41:56.790 [info] > git for-each-ref --format=%(refname)%00%(upstream:short)%00%(objectname)%00%(upstream:track)%00%(upstream:remotename)%00%(upstream:remoteref) refs/heads/main refs/remotes/main [1ms]
2026-04-16 23:41:56.802 [info] > git for-each-ref --sort -committerdate --format %(refname)%00%(objectname)%00%(*objectname) [1ms]
2026-04-16 23:41:56.806 [info] > git status -z -uall [11ms]
2026-04-16 23:42:01.823 [info] [Git][getRemotes] No remotes found in the git config file
2026-04-16 23:42:01.823 [info] > git config --get commit.template [6ms]
2026-04-16 23:42:01.824 [info] > git for-each-ref --format=%(refname)%00%(upstream:short)%00%(objectname)%00%(upstream:track)%00%(upstream:remotename)%00%(upstream:remoteref) refs/heads/main refs/remotes/main [1ms]
2026-04-16 23:42:01.836 [info] > git for-each-ref --sort -committerdate --format %(refname)%00%(objectname)%00%(*objectname) [2ms]
2026-04-16 23:42:01.840 [info] > git status -z -uall [10ms]
2026-04-16 23:42:16.356 [info] > git config --get commit.template [2ms]
2026-04-16 23:42:16.361 [info] [Git][getRemotes] No remotes found in the git config file
2026-04-16 23:42:16.362 [info] > git for-each-ref --format=%(refname)%00%(upstream:short)%00%(objectname)%00%(upstream:track)%00%(upstream:remotename)%00%(upstream:remoteref) refs/heads/main refs/remotes/main [1ms]
2026-04-16 23:42:16.374 [info] > git for-each-ref --sort -committerdate --format %(refname)%00%(objectname)%00%(*objectname) [1ms]
2026-04-16 23:42:16.378 [info] > git status -z -uall [11ms]
2026-04-16 23:42:21.390 [info] > git config --get commit.template [2ms]
2026-04-16 23:42:21.390 [info] [Git][getRemotes] No remotes found in the git config file
2026-04-16 23:42:21.396 [info] > git for-each-ref --format=%(refname)%00%(upstream:short)%00%(objectname)%00%(upstream:track)%00%(upstream:remotename)%00%(upstream:remoteref) refs/heads/main refs/remotes/main [1ms]
2026-04-16 23:42:21.408 [info] > git for-each-ref --sort -committerdate --format %(refname)%00%(objectname)%00%(*objectname) [2ms]
2026-04-16 23:42:21.412 [info] > git status -z -uall [11ms]
2026-04-16 23:42:26.427 [info] [Git][getRemotes] No remotes found in the git config file
2026-04-16 23:42:26.428 [info] > git config --get commit.template [6ms]
2026-04-16 23:42:26.429 [info] > git for-each-ref --format=%(refname)%00%(upstream:short)%00%(objectname)%00%(upstream:track)%00%(upstream:remotename)%00%(upstream:remoteref) refs/heads/main refs/remotes/main [2ms]
2026-04-16 23:42:26.440 [info] > git for-each-ref --sort -committerdate --format %(refname)%00%(objectname)%00%(*objectname) [2ms]
2026-04-16 23:42:26.445 [info] > git status -z -uall [12ms]
2026-04-16 23:42:31.460 [info] [Git][getRemotes] No remotes found in the git config file
2026-04-16 23:42:31.461 [info] > git config --get commit.template [6ms]
2026-04-16 23:42:31.462 [info] > git for-each-ref --format=%(refname)%00%(upstream:short)%00%(objectname)%00%(upstream:track)%00%(upstream:remotename)%00%(upstream:remoteref) refs/heads/main refs/remotes/main [2ms]
2026-04-16 23:42:31.472 [info] > git for-each-ref --sort -committerdate --format %(refname)%00%(objectname)%00%(*objectname) [1ms]
2026-04-16 23:42:31.477 [info] > git status -z -uall [11ms]
2026-04-16 23:42:36.712 [info] > git check-ignore -v -z --stdin [2ms]
2026-04-16 23:42:37.473 [info] [Git][getRemotes] No remotes found in the git config file
2026-04-16 23:42:37.479 [info] > git config --get commit.template [6ms]
2026-04-16 23:42:37.480 [info] > git for-each-ref --format=%(refname)%00%(upstream:short)%00%(objectname)%00%(upstream:track)%00%(upstream:remotename)%00%(upstream:remoteref) refs/heads/main refs/remotes/main [2ms]
2026-04-16 23:42:37.492 [info] > git for-each-ref --sort -committerdate --format %(refname)%00%(objectname)%00%(*objectname) [2ms]
2026-04-16 23:42:37.496 [info] > git status -z -uall [11ms]
2026-04-16 23:42:38.717 [info] > git check-ignore -v -z --stdin [2ms]
2026-04-16 23:42:42.508 [info] > git config --get commit.template [2ms]
2026-04-16 23:42:42.513 [info] [Git][getRemotes] No remotes found in the git config file
2026-04-16 23:42:42.514 [info] > git for-each-ref --format=%(refname)%00%(upstream:short)%00%(objectname)%00%(upstream:track)%00%(upstream:remotename)%00%(upstream:remoteref) refs/heads/main refs/remotes/main [1ms]
2026-04-16 23:42:42.526 [info] > git for-each-ref --sort -committerdate --format %(refname)%00%(objectname)%00%(*objectname) [2ms]
2026-04-16 23:42:42.530 [info] > git status -z -uall [11ms]
2026-04-16 23:42:48.744 [info] [Git][getRemotes] No remotes found in the git config file
2026-04-16 23:42:48.750 [info] > git config --get commit.template [6ms]
2026-04-16 23:42:48.751 [info] > git for-each-ref --format=%(refname)%00%(upstream:short)%00%(objectname)%00%(upstream:track)%00%(upstream:remotename)%00%(upstream:remoteref) refs/heads/main refs/remotes/main [2ms]
2026-04-16 23:42:48.765 [info] > git for-each-ref --sort -committerdate --format %(refname)%00%(objectname)%00%(*objectname) [1ms]
2026-04-16 23:42:48.768 [info] > git status -z -uall [11ms]
2026-04-16 23:42:53.785 [info] [Git][getRemotes] No remotes found in the git config file
2026-04-16 23:42:53.785 [info] > git config --get commit.template [6ms]
2026-04-16 23:42:53.786 [info] > git for-each-ref --format=%(refname)%00%(upstream:short)%00%(objectname)%00%(upstream:track)%00%(upstream:remotename)%00%(upstream:remoteref) refs/heads/main refs/remotes/main [2ms]
2026-04-16 23:42:53.797 [info] > git for-each-ref --sort -committerdate --format %(refname)%00%(objectname)%00%(*objectname) [2ms]
2026-04-16 23:42:53.801 [info] > git status -z -uall [11ms]
2026-04-16 23:43:15.747 [info] > git check-ignore -v -z --stdin [1ms]
2026-04-16 23:43:16.566 [info] [Git][getRemotes] No remotes found in the git config file
2026-04-16 23:43:16.567 [info] > git config --get commit.template [8ms]
2026-04-16 23:43:16.568 [info] > git for-each-ref --format=%(refname)%00%(upstream:short)%00%(objectname)%00%(upstream:track)%00%(upstream:remotename)%00%(upstream:remoteref) refs/heads/main refs/remotes/main [2ms]
2026-04-16 23:43:16.581 [info] > git for-each-ref --sort -committerdate --format %(refname)%00%(objectname)%00%(*objectname) [1ms]
2026-04-16 23:43:16.585 [info] > git status -z -uall [10ms]
2026-04-16 23:43:21.600 [info] [Git][getRemotes] No remotes found in the git config file
2026-04-16 23:43:21.601 [info] > git config --get commit.template [6ms]
2026-04-16 23:43:21.601 [info] > git for-each-ref --format=%(refname)%00%(upstream:short)%00%(objectname)%00%(upstream:track)%00%(upstream:remotename)%00%(upstream:remoteref) refs/heads/main refs/remotes/main [1ms]
2026-04-16 23:43:21.613 [info] > git for-each-ref --sort -committerdate --format %(refname)%00%(objectname)%00%(*objectname) [2ms]
2026-04-16 23:43:21.617 [info] > git status -z -uall [11ms]
2026-04-16 23:43:27.745 [info] [Git][getRemotes] No remotes found in the git config file
2026-04-16 23:43:27.751 [info] > git config --get commit.template [6ms]
2026-04-16 23:43:27.752 [info] > git for-each-ref --format=%(refname)%00%(upstream:short)%00%(objectname)%00%(upstream:track)%00%(upstream:remotename)%00%(upstream:remoteref) refs/heads/main refs/remotes/main [2ms]
2026-04-16 23:43:27.763 [info] > git for-each-ref --sort -committerdate --format %(refname)%00%(objectname)%00%(*objectname) [2ms]
2026-04-16 23:43:27.767 [info] > git status -z -uall [11ms]
2026-04-16 23:43:36.190 [info] [Git][getRemotes] No remotes found in the git config file
2026-04-16 23:43:36.195 [info] > git config --get commit.template [6ms]
2026-04-16 23:43:36.196 [info] > git for-each-ref --format=%(refname)%00%(upstream:short)%00%(objectname)%00%(upstream:track)%00%(upstream:remotename)%00%(upstream:remoteref) refs/heads/main refs/remotes/main [1ms]
2026-04-16 23:43:36.208 [info] > git for-each-ref --sort -committerdate --format %(refname)%00%(objectname)%00%(*objectname) [2ms]
2026-04-16 23:43:36.212 [info] > git status -z -uall [10ms]
2026-04-16 23:43:41.228 [info] [Git][getRemotes] No remotes found in the git config file
2026-04-16 23:43:41.228 [info] > git config --get commit.template [6ms]
2026-04-16 23:43:41.229 [info] > git for-each-ref --format=%(refname)%00%(upstream:short)%00%(objectname)%00%(upstream:track)%00%(upstream:remotename)%00%(upstream:remoteref) refs/heads/main refs/remotes/main [2ms]
2026-04-16 23:43:41.240 [info] > git for-each-ref --sort -committerdate --format %(refname)%00%(objectname)%00%(*objectname) [2ms]
2026-04-16 23:43:41.244 [info] > git status -z -uall [11ms]
2026-04-16 23:43:55.379 [info] [Git][getRemotes] No remotes found in the git config file
2026-04-16 23:43:55.380 [info] > git config --get commit.template [6ms]
2026-04-16 23:43:55.381 [info] > git for-each-ref --format=%(refname)%00%(upstream:short)%00%(objectname)%00%(upstream:track)%00%(upstream:remotename)%00%(upstream:remoteref) refs/heads/main refs/remotes/main [2ms]
2026-04-16 23:43:55.392 [info] > git for-each-ref --sort -committerdate --format %(refname)%00%(objectname)%00%(*objectname) [1ms]
2026-04-16 23:43:55.396 [info] > git status -z -uall [11ms]
2026-04-16 23:44:00.407 [info] > git config --get commit.template [1ms]
2026-04-16 23:44:00.407 [info] [Git][getRemotes] No remotes found in the git config file
2026-04-16 23:44:00.414 [info] > git for-each-ref --format=%(refname)%00%(upstream:short)%00%(objectname)%00%(upstream:track)%00%(upstream:remotename)%00%(upstream:remoteref) refs/heads/main refs/remotes/main [2ms]
2026-04-16 23:44:00.425 [info] > git for-each-ref --sort -committerdate --format %(refname)%00%(objectname)%00%(*objectname) [1ms]
2026-04-16 23:44:00.429 [info] > git status -z -uall [11ms]
2026-04-17 00:01:26.713 [info] [Git][getRemotes] No remotes found in the git config file
2026-04-17 00:01:26.713 [info] > git config --get commit.template [6ms]
2026-04-17 00:01:26.714 [info] > git for-each-ref --format=%(refname)%00%(upstream:short)%00%(objectname)%00%(upstream:track)%00%(upstream:remotename)%00%(upstream:remoteref) refs/heads/main refs/remotes/main [2ms]
2026-04-17 00:01:26.726 [info] > git for-each-ref --sort -committerdate --format %(refname)%00%(objectname)%00%(*objectname) [1ms]
2026-04-17 00:01:26.730 [info] > git status -z -uall [11ms]
2026-04-17 00:01:32.508 [info] [Git][getRemotes] No remotes found in the git config file
2026-04-17 00:01:32.509 [info] > git config --get commit.template [7ms]
2026-04-17 00:01:32.509 [info] > git for-each-ref --format=%(refname)%00%(upstream:short)%00%(objectname)%00%(upstream:track)%00%(upstream:remotename)%00%(upstream:remoteref) refs/heads/main refs/remotes/main [1ms]
2026-04-17 00:01:32.521 [info] > git for-each-ref --sort -committerdate --format %(refname)%00%(objectname)%00%(*objectname) [2ms]
2026-04-17 00:01:32.524 [info] > git status -z -uall [10ms]
2026-04-17 00:02:34.914 [info] [Git][getRemotes] No remotes found in the git config file
2026-04-17 00:02:34.914 [info] > git config --get commit.template [5ms]
2026-04-17 00:02:34.915 [info] > git for-each-ref --format=%(refname)%00%(upstream:short)%00%(objectname)%00%(upstream:track)%00%(upstream:remotename)%00%(upstream:remoteref) refs/heads/main refs/remotes/main [1ms]
2026-04-17 00:02:34.927 [info] > git for-each-ref --sort -committerdate --format %(refname)%00%(objectname)%00%(*objectname) [1ms]
2026-04-17 00:02:34.932 [info] > git status -z -uall [11ms]
2026-04-17 00:03:35.792 [info] [Git][getRemotes] No remotes found in the git config file
2026-04-17 00:03:35.792 [info] > git config --get commit.template [7ms]
2026-04-17 00:03:35.793 [info] > git for-each-ref --format=%(refname)%00%(upstream:short)%00%(objectname)%00%(upstream:track)%00%(upstream:remotename)%00%(upstream:remoteref) refs/heads/main refs/remotes/main [2ms]
2026-04-17 00:03:35.807 [info] > git for-each-ref --sort -committerdate --format %(refname)%00%(objectname)%00%(*objectname) [2ms]
2026-04-17 00:03:35.810 [info] > git status -z -uall [11ms]
2026-04-17 00:03:45.456 [info] [Git][getRemotes] No remotes found in the git config file
2026-04-17 00:03:45.456 [info] > git config --get commit.template [6ms]
2026-04-17 00:03:45.457 [info] > git for-each-ref --format=%(refname)%00%(upstream:short)%00%(objectname)%00%(upstream:track)%00%(upstream:remotename)%00%(upstream:remoteref) refs/heads/main refs/remotes/main [1ms]
2026-04-17 00:03:45.469 [info] > git for-each-ref --sort -committerdate --format %(refname)%00%(objectname)%00%(*objectname) [2ms]
2026-04-17 00:03:45.473 [info] > git status -z -uall [11ms]
2026-04-17 00:03:50.489 [info] [Git][getRemotes] No remotes found in the git config file
2026-04-17 00:03:50.489 [info] > git config --get commit.template [5ms]
2026-04-17 00:03:50.490 [info] > git for-each-ref --format=%(refname)%00%(upstream:short)%00%(objectname)%00%(upstream:track)%00%(upstream:remotename)%00%(upstream:remoteref) refs/heads/main refs/remotes/main [1ms]
2026-04-17 00:03:50.501 [info] > git for-each-ref --sort -committerdate --format %(refname)%00%(objectname)%00%(*objectname) [2ms]
2026-04-17 00:03:50.505 [info] > git status -z -uall [10ms]
2026-04-17 00:04:03.994 [info] [Git][getRemotes] No remotes found in the git config file
2026-04-17 00:04:03.995 [info] > git config --get commit.template [6ms]
2026-04-17 00:04:03.996 [info] > git for-each-ref --format=%(refname)%00%(upstream:short)%00%(objectname)%00%(upstream:track)%00%(upstream:remotename)%00%(upstream:remoteref) refs/heads/main refs/remotes/main [2ms]
2026-04-17 00:04:04.008 [info] > git for-each-ref --sort -committerdate --format %(refname)%00%(objectname)%00%(*objectname) [2ms]
2026-04-17 00:04:04.012 [info] > git status -z -uall [12ms]
2026-04-17 00:04:10.244 [info] [Git][getRemotes] No remotes found in the git config file
2026-04-17 00:04:10.245 [info] > git config --get commit.template [7ms]
2026-04-17 00:04:10.246 [info] > git for-each-ref --format=%(refname)%00%(upstream:short)%00%(objectname)%00%(upstream:track)%00%(upstream:remotename)%00%(upstream:remoteref) refs/heads/main refs/remotes/main [2ms]
2026-04-17 00:04:10.258 [info] > git for-each-ref --sort -committerdate --format %(refname)%00%(objectname)%00%(*objectname) [2ms]
2026-04-17 00:04:10.262 [info] > git status -z -uall [11ms]
2026-04-17 00:06:57.046 [info] > git check-ignore -v -z --stdin [1ms]
2026-04-17 00:06:57.590 [info] > git config --get commit.template [1ms]
2026-04-17 00:06:57.595 [info] [Git][getRemotes] No remotes found in the git config file
2026-04-17 00:06:57.597 [info] > git for-each-ref --format=%(refname)%00%(upstream:short)%00%(objectname)%00%(upstream:track)%00%(upstream:remotename)%00%(upstream:remoteref) refs/heads/main refs/remotes/main [2ms]
2026-04-17 00:06:57.609 [info] > git for-each-ref --sort -committerdate --format %(refname)%00%(objectname)%00%(*objectname) [2ms]
2026-04-17 00:06:57.613 [info] > git status -z -uall [11ms]
2026-04-17 00:07:02.623 [info] [Git][getRemotes] No remotes found in the git config file
2026-04-17 00:07:02.629 [info] > git config --get commit.template [7ms]
2026-04-17 00:07:02.629 [info] > git for-each-ref --format=%(refname)%00%(upstream:short)%00%(objectname)%00%(upstream:track)%00%(upstream:remotename)%00%(upstream:remoteref) refs/heads/main refs/remotes/main [2ms]
2026-04-17 00:07:02.641 [info] > git for-each-ref --sort -committerdate --format %(refname)%00%(objectname)%00%(*objectname) [1ms]
2026-04-17 00:07:02.644 [info] > git status -z -uall [11ms]
2026-04-17 00:07:08.499 [info] > git check-ignore -v -z --stdin [2ms]
2026-04-17 00:07:09.189 [info] [Git][getRemotes] No remotes found in the git config file
2026-04-17 00:07:09.195 [info] > git config --get commit.template [7ms]
2026-04-17 00:07:09.196 [info] > git for-each-ref --format=%(refname)%00%(upstream:short)%00%(objectname)%00%(upstream:track)%00%(upstream:remotename)%00%(upstream:remoteref) refs/heads/main refs/remotes/main [1ms]
2026-04-17 00:07:09.208 [info] > git for-each-ref --sort -committerdate --format %(refname)%00%(objectname)%00%(*objectname) [2ms]
2026-04-17 00:07:09.211 [info] > git status -z -uall [11ms]
2026-04-17 00:07:14.227 [info] [Git][getRemotes] No remotes found in the git config file
2026-04-17 00:07:14.227 [info] > git config --get commit.template [6ms]
2026-04-17 00:07:14.228 [info] > git for-each-ref --format=%(refname)%00%(upstream:short)%00%(objectname)%00%(upstream:track)%00%(upstream:remotename)%00%(upstream:remoteref) refs/heads/main refs/remotes/main [1ms]
2026-04-17 00:07:14.239 [info] > git for-each-ref --sort -committerdate --format %(refname)%00%(objectname)%00%(*objectname) [1ms]
2026-04-17 00:07:14.243 [info] > git status -z -uall [10ms]
2026-04-17 00:07:19.963 [info] > git check-ignore -v -z --stdin [1ms]
2026-04-17 00:07:20.592 [info] > git config --get commit.template [2ms]
2026-04-17 00:07:20.598 [info] [Git][getRemotes] No remotes found in the git config file
2026-04-17 00:07:20.599 [info] > git for-each-ref --format=%(refname)%00%(upstream:short)%00%(objectname)%00%(upstream:track)%00%(upstream:remotename)%00%(upstream:remoteref) refs/heads/main refs/remotes/main [1ms]
2026-04-17 00:07:20.611 [info] > git for-each-ref --sort -committerdate --format %(refname)%00%(objectname)%00%(*objectname) [2ms]
2026-04-17 00:07:20.615 [info] > git status -z -uall [11ms]
2026-04-17 00:07:25.630 [info] [Git][getRemotes] No remotes found in the git config file
2026-04-17 00:07:25.631 [info] > git config --get commit.template [6ms]
2026-04-17 00:07:25.631 [info] > git for-each-ref --format=%(refname)%00%(upstream:short)%00%(objectname)%00%(upstream:track)%00%(upstream:remotename)%00%(upstream:remoteref) refs/heads/main refs/remotes/main [1ms]
2026-04-17 00:07:25.643 [info] > git for-each-ref --sort -committerdate --format %(refname)%00%(objectname)%00%(*objectname) [1ms]
2026-04-17 00:07:25.647 [info] > git status -z -uall [11ms]
2026-04-17 00:07:40.237 [info] > git config --get commit.template [1ms]
2026-04-17 00:07:40.243 [info] [Git][getRemotes] No remotes found in the git config file
2026-04-17 00:07:40.244 [info] > git for-each-ref --format=%(refname)%00%(upstream:short)%00%(objectname)%00%(upstream:track)%00%(upstream:remotename)%00%(upstream:remoteref) refs/heads/main refs/remotes/main [2ms]
2026-04-17 00:07:40.256 [info] > git for-each-ref --sort -committerdate --format %(refname)%00%(objectname)%00%(*objectname) [1ms]
2026-04-17 00:07:40.261 [info] > git status -z -uall [12ms]
2026-04-17 00:07:45.278 [info] [Git][getRemotes] No remotes found in the git config file
2026-04-17 00:07:45.279 [info] > git config --get commit.template [7ms]
2026-04-17 00:07:45.280 [info] > git for-each-ref --format=%(refname)%00%(upstream:short)%00%(objectname)%00%(upstream:track)%00%(upstream:remotename)%00%(upstream:remoteref) refs/heads/main refs/remotes/main [2ms]
2026-04-17 00:07:45.292 [info] > git for-each-ref --sort -committerdate --format %(refname)%00%(objectname)%00%(*objectname) [2ms]
2026-04-17 00:07:45.295 [info] > git status -z -uall [11ms]
2026-04-17 00:07:50.464 [info] [Git][getRemotes] No remotes found in the git config file
2026-04-17 00:07:50.465 [info] > git config --get commit.template [7ms]
2026-04-17 00:07:50.465 [info] > git for-each-ref --format=%(refname)%00%(upstream:short)%00%(objectname)%00%(upstream:track)%00%(upstream:remotename)%00%(upstream:remoteref) refs/heads/main refs/remotes/main [1ms]
2026-04-17 00:07:50.477 [info] > git for-each-ref --sort -committerdate --format %(refname)%00%(objectname)%00%(*objectname) [2ms]
2026-04-17 00:07:50.481 [info] > git status -z -uall [11ms]
2026-04-17 00:07:55.497 [info] [Git][getRemotes] No remotes found in the git config file
2026-04-17 00:07:55.498 [info] > git config --get commit.template [6ms]
2026-04-17 00:07:55.499 [info] > git for-each-ref --format=%(refname)%00%(upstream:short)%00%(objectname)%00%(upstream:track)%00%(upstream:remotename)%00%(upstream:remoteref) refs/heads/main refs/remotes/main [2ms]
2026-04-17 00:07:55.510 [info] > git for-each-ref --sort -committerdate --format %(refname)%00%(objectname)%00%(*objectname) [1ms]
2026-04-17 00:07:55.514 [info] > git status -z -uall [11ms]
2026-04-17 00:39:53.171 [info] [Git][getRemotes] No remotes found in the git config file
2026-04-17 00:39:53.173 [info] > git for-each-ref --format=%(refname)%00%(upstream:short)%00%(objectname)%00%(upstream:track)%00%(upstream:remotename)%00%(upstream:remoteref) refs/heads/main refs/remotes/main [2ms]
2026-04-17 00:39:53.173 [info] > git config --get commit.template [8ms]
2026-04-17 00:39:53.185 [info] > git for-each-ref --sort -committerdate --format %(refname)%00%(objectname)%00%(*objectname) [2ms]
2026-04-17 00:39:53.189 [info] > git status -z -uall [11ms]
2026-04-17 00:40:18.913 [info] [Git][getRemotes] No remotes found in the git config file
2026-04-17 00:40:18.919 [info] > git config --get commit.template [6ms]
2026-04-17 00:40:18.920 [info] > git for-each-ref --format=%(refname)%00%(upstream:short)%00%(objectname)%00%(upstream:track)%00%(upstream:remotename)%00%(upstream:remoteref) refs/heads/main refs/remotes/main [2ms]
2026-04-17 00:40:18.931 [info] > git for-each-ref --sort -committerdate --format %(refname)%00%(objectname)%00%(*objectname) [1ms]
2026-04-17 00:40:18.936 [info] > git status -z -uall [11ms]
2026-04-17 00:56:40.701 [info] > git config --get commit.template [1ms]
2026-04-17 00:56:40.707 [info] [Git][getRemotes] No remotes found in the git config file
2026-04-17 00:56:40.708 [info] > git for-each-ref --format=%(refname)%00%(upstream:short)%00%(objectname)%00%(upstream:track)%00%(upstream:remotename)%00%(upstream:remoteref) refs/heads/main refs/remotes/main [1ms]
2026-04-17 00:56:40.721 [info] > git for-each-ref --sort -committerdate --format %(refname)%00%(objectname)%00%(*objectname) [2ms]
2026-04-17 00:56:40.750 [info] > git status -z -uall [37ms]
2026-04-17 00:59:51.839 [info] [Git][getRemotes] No remotes found in the git config file
2026-04-17 00:59:51.841 [info] > git for-each-ref --format=%(refname)%00%(upstream:short)%00%(objectname)%00%(upstream:track)%00%(upstream:remotename)%00%(upstream:remoteref) refs/heads/main refs/remotes/main [2ms]
2026-04-17 00:59:51.841 [info] > git config --get commit.template [7ms]
2026-04-17 00:59:51.853 [info] > git for-each-ref --sort -committerdate --format %(refname)%00%(objectname)%00%(*objectname) [2ms]
2026-04-17 00:59:51.858 [info] > git status -z -uall [12ms]
2026-04-17 01:53:13.848 [info] [Git][getRemotes] No remotes found in the git config file
2026-04-17 01:53:13.849 [info] > git config --get commit.template [16ms]
2026-04-17 01:53:13.850 [info] > git for-each-ref --format=%(refname)%00%(upstream:short)%00%(objectname)%00%(upstream:track)%00%(upstream:remotename)%00%(upstream:remoteref) refs/heads/main refs/remotes/main [3ms]
2026-04-17 01:53:13.878 [info] > git for-each-ref --sort -committerdate --format %(refname)%00%(objectname)%00%(*objectname) [3ms]
2026-04-17 01:53:13.881 [info] > git status -z -uall [19ms]
2026-04-18 23:43:54.551 [info] [Git][getRemotes] No remotes found in the git config file
2026-04-18 23:43:54.563 [info] > git config --get commit.template [13ms]
2026-04-18 23:43:54.566 [info] > git for-each-ref --format=%(refname)%00%(upstream:short)%00%(objectname)%00%(upstream:track)%00%(upstream:remotename)%00%(upstream:remoteref) refs/heads/main refs/remotes/main [4ms]
2026-04-18 23:43:54.591 [info] > git for-each-ref --sort -committerdate --format %(refname)%00%(objectname)%00%(*objectname) [3ms]
2026-04-18 23:43:54.618 [info] > git status -z -uall [41ms]
2026-04-18 23:43:59.652 [info] [Git][getRemotes] No remotes found in the git config file
2026-04-18 23:43:59.653 [info] > git config --get commit.template [17ms]
2026-04-18 23:43:59.655 [info] > git for-each-ref --format=%(refname)%00%(upstream:short)%00%(objectname)%00%(upstream:track)%00%(upstream:remotename)%00%(upstream:remoteref) refs/heads/main refs/remotes/main [3ms]
2026-04-18 23:43:59.676 [info] > git for-each-ref --sort -committerdate --format %(refname)%00%(objectname)%00%(*objectname) [2ms]
2026-04-18 23:43:59.679 [info] > git status -z -uall [14ms]
2026-04-18 23:47:55.334 [info] [Git][getRemotes] No remotes found in the git config file
2026-04-18 23:47:55.343 [info] > git config --get commit.template [10ms]
2026-04-18 23:47:55.345 [info] > git for-each-ref --format=%(refname)%00%(upstream:short)%00%(objectname)%00%(upstream:track)%00%(upstream:remotename)%00%(upstream:remoteref) refs/heads/main refs/remotes/main [2ms]
2026-04-18 23:47:55.367 [info] > git for-each-ref --sort -committerdate --format %(refname)%00%(objectname)%00%(*objectname) [2ms]
2026-04-18 23:47:55.371 [info] > git status -z -uall [16ms]
2026-04-18 23:48:00.395 [info] [Git][getRemotes] No remotes found in the git config file
2026-04-18 23:48:00.396 [info] > git config --get commit.template [11ms]
2026-04-18 23:48:00.398 [info] > git for-each-ref --format=%(refname)%00%(upstream:short)%00%(objectname)%00%(upstream:track)%00%(upstream:remotename)%00%(upstream:remoteref) refs/heads/main refs/remotes/main [3ms]
2026-04-18 23:48:00.422 [info] > git for-each-ref --sort -committerdate --format %(refname)%00%(objectname)%00%(*objectname) [3ms]
2026-04-18 23:48:00.427 [info] > git status -z -uall [19ms]
2026-04-18 23:48:05.449 [info] [Git][getRemotes] No remotes found in the git config file
2026-04-18 23:48:05.450 [info] > git config --get commit.template [10ms]
2026-04-18 23:48:05.451 [info] > git for-each-ref --format=%(refname)%00%(upstream:short)%00%(objectname)%00%(upstream:track)%00%(upstream:remotename)%00%(upstream:remoteref) refs/heads/main refs/remotes/main [2ms]
2026-04-18 23:48:05.470 [info] > git for-each-ref --sort -committerdate --format %(refname)%00%(objectname)%00%(*objectname) [2ms]
2026-04-18 23:48:05.475 [info] > git status -z -uall [16ms]
2026-04-18 23:48:10.505 [info] [Git][getRemotes] No remotes found in the git config file
2026-04-18 23:48:10.506 [info] > git config --get commit.template [12ms]
2026-04-18 23:48:10.508 [info] > git for-each-ref --format=%(refname)%00%(upstream:short)%00%(objectname)%00%(upstream:track)%00%(upstream:remotename)%00%(upstream:remoteref) refs/heads/main refs/remotes/main [4ms]
2026-04-18 23:48:10.530 [info] > git for-each-ref --sort -committerdate --format %(refname)%00%(objectname)%00%(*objectname) [2ms]
2026-04-18 23:48:10.535 [info] > git status -z -uall [17ms]
2026-04-18 23:48:29.642 [info] [Git][getRemotes] No remotes found in the git config file
2026-04-18 23:48:29.643 [info] > git config --get commit.template [10ms]
2026-04-18 23:48:29.644 [info] > git for-each-ref --format=%(refname)%00%(upstream:short)%00%(objectname)%00%(upstream:track)%00%(upstream:remotename)%00%(upstream:remoteref) refs/heads/main refs/remotes/main [2ms]
2026-04-18 23:48:29.664 [info] > git for-each-ref --sort -committerdate --format %(refname)%00%(objectname)%00%(*objectname) [2ms]
2026-04-18 23:48:29.669 [info] > git status -z -uall [16ms]
2026-04-18 23:48:59.858 [info] > git check-ignore -v -z --stdin [2ms]
2026-04-18 23:49:00.465 [info] [Git][getRemotes] No remotes found in the git config file
2026-04-18 23:49:00.466 [info] > git config --get commit.template [10ms]
2026-04-18 23:49:00.467 [info] > git for-each-ref --format=%(refname)%00%(upstream:short)%00%(objectname)%00%(upstream:track)%00%(upstream:remotename)%00%(upstream:remoteref) refs/heads/main refs/remotes/main [2ms]
2026-04-18 23:49:00.488 [info] > git for-each-ref --sort -committerdate --format %(refname)%00%(objectname)%00%(*objectname) [4ms]
2026-04-18 23:49:00.492 [info] > git status -z -uall [16ms]
2026-04-18 23:49:04.259 [info] > git check-ignore -v -z --stdin [3ms]
2026-04-18 23:49:05.509 [info] > git config --get commit.template [2ms]
2026-04-18 23:49:05.518 [info] [Git][getRemotes] No remotes found in the git config file
2026-04-18 23:49:05.521 [info] > git for-each-ref --format=%(refname)%00%(upstream:short)%00%(objectname)%00%(upstream:track)%00%(upstream:remotename)%00%(upstream:remoteref) refs/heads/main refs/remotes/main [2ms]
2026-04-18 23:49:05.541 [info] > git for-each-ref --sort -committerdate --format %(refname)%00%(objectname)%00%(*objectname) [2ms]
2026-04-18 23:49:05.545 [info] > git status -z -uall [16ms]
2026-04-18 23:49:06.258 [info] > git check-ignore -v -z --stdin [2ms]
2026-04-18 23:49:10.569 [info] [Git][getRemotes] No remotes found in the git config file
2026-04-18 23:49:10.569 [info] > git config --get commit.template [9ms]
2026-04-18 23:49:10.571 [info] > git for-each-ref --format=%(refname)%00%(upstream:short)%00%(objectname)%00%(upstream:track)%00%(upstream:remotename)%00%(upstream:remoteref) refs/heads/main refs/remotes/main [3ms]
2026-04-18 23:49:10.590 [info] > git for-each-ref --sort -committerdate --format %(refname)%00%(objectname)%00%(*objectname) [2ms]
2026-04-18 23:49:10.595 [info] > git status -z -uall [16ms]
2026-04-18 23:49:22.381 [info] [Git][getRemotes] No remotes found in the git config file
2026-04-18 23:49:22.385 [info] > git config --get commit.template [19ms]
2026-04-18 23:49:22.387 [info] > git for-each-ref --format=%(refname)%00%(upstream:short)%00%(objectname)%00%(upstream:track)%00%(upstream:remotename)%00%(upstream:remoteref) refs/heads/main refs/remotes/main [6ms]
2026-04-18 23:49:22.421 [info] > git for-each-ref --sort -committerdate --format %(refname)%00%(objectname)%00%(*objectname) [7ms]
2026-04-18 23:49:22.422 [info] > git status -z -uall [24ms]
2026-04-18 23:49:27.452 [info] [Git][getRemotes] No remotes found in the git config file
2026-04-18 23:49:27.452 [info] > git config --get commit.template [9ms]
2026-04-18 23:49:27.453 [info] > git for-each-ref --format=%(refname)%00%(upstream:short)%00%(objectname)%00%(upstream:track)%00%(upstream:remotename)%00%(upstream:remoteref) refs/heads/main refs/remotes/main [2ms]
2026-04-18 23:49:27.472 [info] > git for-each-ref --sort -committerdate --format %(refname)%00%(objectname)%00%(*objectname) [2ms]
2026-04-18 23:49:27.473 [info] > git status -z -uall [12ms]
2026-04-18 23:49:32.491 [info] [Git][getRemotes] No remotes found in the git config file
2026-04-18 23:49:32.492 [info] > git config --get commit.template [8ms]
2026-04-18 23:49:32.493 [info] > git for-each-ref --format=%(refname)%00%(upstream:short)%00%(objectname)%00%(upstream:track)%00%(upstream:remotename)%00%(upstream:remoteref) refs/heads/main refs/remotes/main [2ms]
2026-04-18 23:49:32.507 [info] > git for-each-ref --sort -committerdate --format %(refname)%00%(objectname)%00%(*objectname) [2ms]
2026-04-18 23:49:32.510 [info] > git status -z -uall [11ms]
2026-04-18 23:49:37.526 [info] > git config --get commit.template [2ms]
2026-04-18 23:49:37.535 [info] [Git][getRemotes] No remotes found in the git config file
2026-04-18 23:49:37.537 [info] > git for-each-ref --format=%(refname)%00%(upstream:short)%00%(objectname)%00%(upstream:track)%00%(upstream:remotename)%00%(upstream:remoteref) refs/heads/main refs/remotes/main [3ms]
2026-04-18 23:49:37.558 [info] > git for-each-ref --sort -committerdate --format %(refname)%00%(objectname)%00%(*objectname) [3ms]
2026-04-18 23:49:37.563 [info] > git status -z -uall [17ms]
2026-04-18 23:49:56.039 [info] [Git][getRemotes] No remotes found in the git config file
2026-04-18 23:49:56.039 [info] > git config --get commit.template [9ms]
2026-04-18 23:49:56.042 [info] > git for-each-ref --format=%(refname)%00%(upstream:short)%00%(objectname)%00%(upstream:track)%00%(upstream:remotename)%00%(upstream:remoteref) refs/heads/main refs/remotes/main [3ms]
2026-04-18 23:49:56.063 [info] > git for-each-ref --sort -committerdate --format %(refname)%00%(objectname)%00%(*objectname) [3ms]
2026-04-18 23:49:56.067 [info] > git status -z -uall [16ms]
2026-04-18 23:50:01.083 [info] [Git][getRemotes] No remotes found in the git config file
2026-04-18 23:50:01.092 [info] > git config --get commit.template [10ms]
2026-04-18 23:50:01.094 [info] > git for-each-ref --format=%(refname)%00%(upstream:short)%00%(objectname)%00%(upstream:track)%00%(upstream:remotename)%00%(upstream:remoteref) refs/heads/main refs/remotes/main [3ms]
2026-04-18 23:50:01.113 [info] > git for-each-ref --sort -committerdate --format %(refname)%00%(objectname)%00%(*objectname) [2ms]
2026-04-18 23:50:01.118 [info] > git status -z -uall [16ms]
2026-04-18 23:50:11.190 [info] [Git][getRemotes] No remotes found in the git config file
2026-04-18 23:50:11.191 [info] > git config --get commit.template [11ms]
2026-04-18 23:50:11.192 [info] > git for-each-ref --format=%(refname)%00%(upstream:short)%00%(objectname)%00%(upstream:track)%00%(upstream:remotename)%00%(upstream:remoteref) refs/heads/main refs/remotes/main [2ms]
2026-04-18 23:50:11.212 [info] > git for-each-ref --sort -committerdate --format %(refname)%00%(objectname)%00%(*objectname) [3ms]
2026-04-18 23:50:11.216 [info] > git status -z -uall [16ms]
2026-04-18 23:50:16.229 [info] [Git][getRemotes] No remotes found in the git config file
2026-04-18 23:50:16.235 [info] > git config --get commit.template [7ms]
2026-04-18 23:50:16.237 [info] > git for-each-ref --format=%(refname)%00%(upstream:short)%00%(objectname)%00%(upstream:track)%00%(upstream:remotename)%00%(upstream:remoteref) refs/heads/main refs/remotes/main [2ms]
2026-04-18 23:50:16.250 [info] > git for-each-ref --sort -committerdate --format %(refname)%00%(objectname)%00%(*objectname) [1ms]
2026-04-18 23:50:16.254 [info] > git status -z -uall [11ms]
2026-04-18 23:50:21.271 [info] [Git][getRemotes] No remotes found in the git config file
2026-04-18 23:50:21.280 [info] > git config --get commit.template [11ms]
2026-04-18 23:50:21.282 [info] > git for-each-ref --format=%(refname)%00%(upstream:short)%00%(objectname)%00%(upstream:track)%00%(upstream:remotename)%00%(upstream:remoteref) refs/heads/main refs/remotes/main [3ms]
2026-04-18 23:50:21.303 [info] > git for-each-ref --sort -committerdate --format %(refname)%00%(objectname)%00%(*objectname) [2ms]
2026-04-18 23:50:21.307 [info] > git status -z -uall [17ms]
2026-04-18 23:50:35.824 [info] [Git][getRemotes] No remotes found in the git config file
2026-04-18 23:50:35.825 [info] > git config --get commit.template [11ms]
2026-04-18 23:50:35.826 [info] > git for-each-ref --format=%(refname)%00%(upstream:short)%00%(objectname)%00%(upstream:track)%00%(upstream:remotename)%00%(upstream:remoteref) refs/heads/main refs/remotes/main [2ms]
2026-04-18 23:50:35.846 [info] > git for-each-ref --sort -committerdate --format %(refname)%00%(objectname)%00%(*objectname) [2ms]
2026-04-18 23:50:35.852 [info] > git status -z -uall [17ms]
2026-04-18 23:50:40.868 [info] [Git][getRemotes] No remotes found in the git config file
2026-04-18 23:50:40.878 [info] > git config --get commit.template [11ms]
2026-04-18 23:50:40.880 [info] > git for-each-ref --format=%(refname)%00%(upstream:short)%00%(objectname)%00%(upstream:track)%00%(upstream:remotename)%00%(upstream:remoteref) refs/heads/main refs/remotes/main [3ms]
2026-04-18 23:50:40.900 [info] > git for-each-ref --sort -committerdate --format %(refname)%00%(objectname)%00%(*objectname) [2ms]
2026-04-18 23:50:40.906 [info] > git status -z -uall [18ms]
2026-04-18 23:50:55.304 [info] [Git][getRemotes] No remotes found in the git config file
2026-04-18 23:50:55.315 [info] > git config --get commit.template [12ms]
2026-04-18 23:50:55.316 [info] > git for-each-ref --format=%(refname)%00%(upstream:short)%00%(objectname)%00%(upstream:track)%00%(upstream:remotename)%00%(upstream:remoteref) refs/heads/main refs/remotes/main [3ms]
2026-04-18 23:50:55.337 [info] > git for-each-ref --sort -committerdate --format %(refname)%00%(objectname)%00%(*objectname) [2ms]
2026-04-18 23:50:55.340 [info] > git status -z -uall [16ms]
2026-04-18 23:51:00.359 [info] [Git][getRemotes] No remotes found in the git config file
2026-04-18 23:51:00.359 [info] > git config --get commit.template [8ms]
2026-04-18 23:51:00.360 [info] > git for-each-ref --format=%(refname)%00%(upstream:short)%00%(objectname)%00%(upstream:track)%00%(upstream:remotename)%00%(upstream:remoteref) refs/heads/main refs/remotes/main [1ms]
2026-04-18 23:51:00.376 [info] > git for-each-ref --sort -committerdate --format %(refname)%00%(objectname)%00%(*objectname) [2ms]
2026-04-18 23:51:00.380 [info] > git status -z -uall [12ms]
2026-04-18 23:51:05.401 [info] [Git][getRemotes] No remotes found in the git config file
2026-04-18 23:51:05.402 [info] > git config --get commit.template [9ms]
2026-04-18 23:51:05.404 [info] > git for-each-ref --format=%(refname)%00%(upstream:short)%00%(objectname)%00%(upstream:track)%00%(upstream:remotename)%00%(upstream:remoteref) refs/heads/main refs/remotes/main [3ms]
2026-04-18 23:51:05.423 [info] > git for-each-ref --sort -committerdate --format %(refname)%00%(objectname)%00%(*objectname) [2ms]
2026-04-18 23:51:05.426 [info] > git status -z -uall [13ms]
2026-04-18 23:51:10.450 [info] [Git][getRemotes] No remotes found in the git config file
2026-04-18 23:51:10.450 [info] > git config --get commit.template [9ms]
2026-04-18 23:51:10.452 [info] > git for-each-ref --format=%(refname)%00%(upstream:short)%00%(objectname)%00%(upstream:track)%00%(upstream:remotename)%00%(upstream:remoteref) refs/heads/main refs/remotes/main [3ms]
2026-04-18 23:51:10.472 [info] > git for-each-ref --sort -committerdate --format %(refname)%00%(objectname)%00%(*objectname) [2ms]
2026-04-18 23:51:10.478 [info] > git status -z -uall [17ms]
2026-04-18 23:51:31.708 [info] [Git][getRemotes] No remotes found in the git config file
2026-04-18 23:51:31.709 [info] > git config --get commit.template [10ms]
2026-04-18 23:51:31.710 [info] > git for-each-ref --format=%(refname)%00%(upstream:short)%00%(objectname)%00%(upstream:track)%00%(upstream:remotename)%00%(upstream:remoteref) refs/heads/main refs/remotes/main [2ms]
2026-04-18 23:51:31.731 [info] > git for-each-ref --sort -committerdate --format %(refname)%00%(objectname)%00%(*objectname) [2ms]
2026-04-18 23:51:31.735 [info] > git status -z -uall [16ms]
2026-04-18 23:51:36.752 [info] [Git][getRemotes] No remotes found in the git config file
2026-04-18 23:51:36.761 [info] > git config --get commit.template [10ms]
2026-04-18 23:51:36.763 [info] > git for-each-ref --format=%(refname)%00%(upstream:short)%00%(objectname)%00%(upstream:track)%00%(upstream:remotename)%00%(upstream:remoteref) refs/heads/main refs/remotes/main [3ms]
2026-04-18 23:51:36.784 [info] > git for-each-ref --sort -committerdate --format %(refname)%00%(objectname)%00%(*objectname) [3ms]
2026-04-18 23:51:36.788 [info] > git status -z -uall [16ms]
2026-04-18 23:51:41.814 [info] [Git][getRemotes] No remotes found in the git config file
2026-04-18 23:51:41.815 [info] > git config --get commit.template [10ms]
2026-04-18 23:51:41.816 [info] > git for-each-ref --format=%(refname)%00%(upstream:short)%00%(objectname)%00%(upstream:track)%00%(upstream:remotename)%00%(upstream:remoteref) refs/heads/main refs/remotes/main [3ms]
2026-04-18 23:51:41.838 [info] > git for-each-ref --sort -committerdate --format %(refname)%00%(objectname)%00%(*objectname) [3ms]
2026-04-18 23:51:41.842 [info] > git status -z -uall [17ms]
2026-04-18 23:51:46.860 [info] > git config --get commit.template [2ms]
2026-04-18 23:51:46.870 [info] [Git][getRemotes] No remotes found in the git config file
2026-04-18 23:51:46.872 [info] > git for-each-ref --format=%(refname)%00%(upstream:short)%00%(objectname)%00%(upstream:track)%00%(upstream:remotename)%00%(upstream:remoteref) refs/heads/main refs/remotes/main [2ms]
2026-04-18 23:51:46.894 [info] > git for-each-ref --sort -committerdate --format %(refname)%00%(objectname)%00%(*objectname) [2ms]
2026-04-18 23:51:46.903 [info] > git status -z -uall [22ms]
2026-04-18 23:51:51.932 [info] [Git][getRemotes] No remotes found in the git config file
2026-04-18 23:51:51.934 [info] > git config --get commit.template [13ms]
2026-04-18 23:51:51.935 [info] > git for-each-ref --format=%(refname)%00%(upstream:short)%00%(objectname)%00%(upstream:track)%00%(upstream:remotename)%00%(upstream:remoteref) refs/heads/main refs/remotes/main [3ms]
2026-04-18 23:51:51.958 [info] > git for-each-ref --sort -committerdate --format %(refname)%00%(objectname)%00%(*objectname) [3ms]
2026-04-18 23:51:51.962 [info] > git status -z -uall [18ms]
2026-04-18 23:51:59.547 [info] [Git][getRemotes] No remotes found in the git config file
2026-04-18 23:51:59.548 [info] > git config --get commit.template [10ms]
2026-04-18 23:51:59.549 [info] > git for-each-ref --format=%(refname)%00%(upstream:short)%00%(objectname)%00%(upstream:track)%00%(upstream:remotename)%00%(upstream:remoteref) refs/heads/main refs/remotes/main [2ms]
2026-04-18 23:51:59.567 [info] > git for-each-ref --sort -committerdate --format %(refname)%00%(objectname)%00%(*objectname) [2ms]
2026-04-18 23:51:59.572 [info] > git status -z -uall [16ms]
2026-04-18 23:52:04.599 [info] [Git][getRemotes] No remotes found in the git config file
2026-04-18 23:52:04.599 [info] > git config --get commit.template [10ms]
2026-04-18 23:52:04.601 [info] > git for-each-ref --format=%(refname)%00%(upstream:short)%00%(objectname)%00%(upstream:track)%00%(upstream:remotename)%00%(upstream:remoteref) refs/heads/main refs/remotes/main [3ms]
2026-04-18 23:52:04.620 [info] > git for-each-ref --sort -committerdate --format %(refname)%00%(objectname)%00%(*objectname) [2ms]
2026-04-18 23:52:04.626 [info] > git status -z -uall [17ms]
2026-04-18 23:54:32.447 [info] [Git][getRemotes] No remotes found in the git config file
2026-04-18 23:54:32.459 [info] > git config --get commit.template [12ms]
2026-04-18 23:54:32.459 [info] > git for-each-ref --format=%(refname)%00%(upstream:short)%00%(objectname)%00%(upstream:track)%00%(upstream:remotename)%00%(upstream:remoteref) refs/heads/main refs/remotes/main [3ms]
2026-04-18 23:54:32.480 [info] > git for-each-ref --sort -committerdate --format %(refname)%00%(objectname)%00%(*objectname) [3ms]
2026-04-18 23:54:32.486 [info] > git status -z -uall [17ms]
2026-04-18 23:54:42.873 [info] [Git][getRemotes] No remotes found in the git config file
2026-04-18 23:54:42.873 [info] > git config --get commit.template [10ms]
2026-04-18 23:54:42.875 [info] > git for-each-ref --format=%(refname)%00%(upstream:short)%00%(objectname)%00%(upstream:track)%00%(upstream:remotename)%00%(upstream:remoteref) refs/heads/main refs/remotes/main [3ms]
2026-04-18 23:54:42.894 [info] > git for-each-ref --sort -committerdate --format %(refname)%00%(objectname)%00%(*objectname) [3ms]
2026-04-18 23:54:42.898 [info] > git status -z -uall [15ms]
2026-04-18 23:56:06.672 [info] [Git][getRemotes] No remotes found in the git config file
2026-04-18 23:56:06.674 [info] > git config --get commit.template [12ms]
2026-04-18 23:56:06.675 [info] > git for-each-ref --format=%(refname)%00%(upstream:short)%00%(objectname)%00%(upstream:track)%00%(upstream:remotename)%00%(upstream:remoteref) refs/heads/main refs/remotes/main [3ms]
2026-04-18 23:56:06.695 [info] > git for-each-ref --sort -committerdate --format %(refname)%00%(objectname)%00%(*objectname) [2ms]
2026-04-18 23:56:06.707 [info] > git status -z -uall [23ms]
2026-04-18 23:56:07.037 [info] > git show --textconv HEAD:app/components/SeriesDetailPage.tsx [10ms]
2026-04-18 23:56:07.039 [info] > git ls-tree -l HEAD -- app/components/SeriesDetailPage.tsx [3ms]
2026-04-18 23:56:07.757 [info] [Git][getRemotes] No remotes found in the git config file
2026-04-18 23:56:07.768 [info] > git config --get commit.template [12ms]
2026-04-18 23:56:07.770 [info] > git for-each-ref --format=%(refname)%00%(upstream:short)%00%(objectname)%00%(upstream:track)%00%(upstream:remotename)%00%(upstream:remoteref) refs/heads/main refs/remotes/main [3ms]
2026-04-18 23:56:07.789 [info] > git for-each-ref --sort -committerdate --format %(refname)%00%(objectname)%00%(*objectname) [3ms]
2026-04-18 23:56:07.795 [info] > git status -z -uall [17ms]
2026-04-18 23:56:07.868 [info] > git ls-files --stage -- app/components/SeriesDetailPage.tsx [9ms]
2026-04-18 23:56:07.878 [info] > git ls-tree -l HEAD -- app/components/SeriesDetailPage.tsx [10ms]
2026-04-18 23:56:07.889 [info] > git cat-file -s da6e5d5576a3c75cf390a9e01e001ca821026a59 [12ms]
2026-04-18 23:56:07.901 [info] > git show --textconv HEAD:app/components/SeriesDetailPage.tsx [12ms]
2026-04-18 23:56:07.906 [info] > git show --textconv :app/components/SeriesDetailPage.tsx [5ms]
2026-04-18 23:56:16.991 [info] [Git][getRemotes] No remotes found in the git config file
2026-04-18 23:56:16.992 [info] > git config --get commit.template [14ms]
2026-04-18 23:56:16.994 [info] > git for-each-ref --format=%(refname)%00%(upstream:short)%00%(objectname)%00%(upstream:track)%00%(upstream:remotename)%00%(upstream:remoteref) refs/heads/main refs/remotes/main [4ms]
2026-04-18 23:56:17.020 [info] > git for-each-ref --sort -committerdate --format %(refname)%00%(objectname)%00%(*objectname) [5ms]
2026-04-18 23:56:17.022 [info] > git status -z -uall [17ms]
2026-04-18 23:56:18.133 [info] > git ls-files --stage -- app/components/SeriesDetailPage.tsx [2ms]
2026-04-18 23:56:18.143 [info] > git cat-file -s da6e5d5576a3c75cf390a9e01e001ca821026a59 [3ms]
2026-04-18 23:56:18.155 [info] > git show --textconv :app/components/SeriesDetailPage.tsx [2ms]
2026-04-18 23:59:02.991 [info] > git check-ignore -v -z --stdin [2ms]
2026-04-18 23:59:03.566 [info] [Git][getRemotes] No remotes found in the git config file
2026-04-18 23:59:03.567 [info] > git config --get commit.template [10ms]
2026-04-18 23:59:03.569 [info] > git for-each-ref --format=%(refname)%00%(upstream:short)%00%(objectname)%00%(upstream:track)%00%(upstream:remotename)%00%(upstream:remoteref) refs/heads/main refs/remotes/main [3ms]
2026-04-18 23:59:03.589 [info] > git for-each-ref --sort -committerdate --format %(refname)%00%(objectname)%00%(*objectname) [2ms]
2026-04-18 23:59:03.594 [info] > git status -z -uall [16ms]
2026-04-18 23:59:08.611 [info] > git config --get commit.template [3ms]
2026-04-18 23:59:08.611 [info] [Git][getRemotes] No remotes found in the git config file
2026-04-18 23:59:08.621 [info] > git for-each-ref --format=%(refname)%00%(upstream:short)%00%(objectname)%00%(upstream:track)%00%(upstream:remotename)%00%(upstream:remoteref) refs/heads/main refs/remotes/main [2ms]
2026-04-18 23:59:08.641 [info] > git for-each-ref --sort -committerdate --format %(refname)%00%(objectname)%00%(*objectname) [3ms]
2026-04-18 23:59:08.646 [info] > git status -z -uall [17ms]
2026-04-18 23:59:51.861 [info] > git config --get commit.template [2ms]
2026-04-18 23:59:51.870 [info] [Git][getRemotes] No remotes found in the git config file
2026-04-18 23:59:51.872 [info] > git for-each-ref --format=%(refname)%00%(upstream:short)%00%(objectname)%00%(upstream:track)%00%(upstream:remotename)%00%(upstream:remoteref) refs/heads/main refs/remotes/main [3ms]
2026-04-18 23:59:51.891 [info] > git for-each-ref --sort -committerdate --format %(refname)%00%(objectname)%00%(*objectname) [3ms]
2026-04-18 23:59:51.896 [info] > git status -z -uall [16ms]
2026-04-18 23:59:56.918 [info] [Git][getRemotes] No remotes found in the git config file
2026-04-18 23:59:56.919 [info] > git config --get commit.template [10ms]
2026-04-18 23:59:56.920 [info] > git for-each-ref --format=%(refname)%00%(upstream:short)%00%(objectname)%00%(upstream:track)%00%(upstream:remotename)%00%(upstream:remoteref) refs/heads/main refs/remotes/main [2ms]
2026-04-18 23:59:56.939 [info] > git for-each-ref --sort -committerdate --format %(refname)%00%(objectname)%00%(*objectname) [2ms]
2026-04-18 23:59:56.944 [info] > git status -z -uall [16ms]
2026-04-19 00:00:02.723 [info] > git check-ignore -v -z --stdin [4ms]
2026-04-19 00:00:03.461 [info] [Git][getRemotes] No remotes found in the git config file
2026-04-19 00:00:03.462 [info] > git config --get commit.template [11ms]
2026-04-19 00:00:03.464 [info] > git for-each-ref --format=%(refname)%00%(upstream:short)%00%(objectname)%00%(upstream:track)%00%(upstream:remotename)%00%(upstream:remoteref) refs/heads/main refs/remotes/main [3ms]
2026-04-19 00:00:03.489 [info] > git for-each-ref --sort -committerdate --format %(refname)%00%(objectname)%00%(*objectname) [4ms]
2026-04-19 00:00:03.491 [info] > git status -z -uall [17ms]
2026-04-19 00:00:08.512 [info] [Git][getRemotes] No remotes found in the git config file
2026-04-19 00:00:08.513 [info] > git config --get commit.template [10ms]
2026-04-19 00:00:08.514 [info] > git for-each-ref --format=%(refname)%00%(upstream:short)%00%(objectname)%00%(upstream:track)%00%(upstream:remotename)%00%(upstream:remoteref) refs/heads/main refs/remotes/main [2ms]
2026-04-19 00:00:08.537 [info] > git for-each-ref --sort -committerdate --format %(refname)%00%(objectname)%00%(*objectname) [4ms]
2026-04-19 00:00:08.539 [info] > git status -z -uall [16ms]
2026-04-19 00:00:15.364 [info] [Git][getRemotes] No remotes found in the git config file
2026-04-19 00:00:15.373 [info] > git config --get commit.template [10ms]
2026-04-19 00:00:15.375 [info] > git for-each-ref --format=%(refname)%00%(upstream:short)%00%(objectname)%00%(upstream:track)%00%(upstream:remotename)%00%(upstream:remoteref) refs/heads/main refs/remotes/main [2ms]
2026-04-19 00:00:15.395 [info] > git for-each-ref --sort -committerdate --format %(refname)%00%(objectname)%00%(*objectname) [3ms]
2026-04-19 00:00:15.399 [info] > git status -z -uall [16ms]
2026-04-19 00:00:22.029 [info] [Git][getRemotes] No remotes found in the git config file
2026-04-19 00:00:22.040 [info] > git config --get commit.template [13ms]
2026-04-19 00:00:22.040 [info] > git for-each-ref --format=%(refname)%00%(upstream:short)%00%(objectname)%00%(upstream:track)%00%(upstream:remotename)%00%(upstream:remoteref) refs/heads/main refs/remotes/main [2ms]
2026-04-19 00:00:22.062 [info] > git for-each-ref --sort -committerdate --format %(refname)%00%(objectname)%00%(*objectname) [3ms]
2026-04-19 00:00:22.068 [info] > git status -z -uall [18ms]
2026-04-19 00:00:27.083 [info] [Git][getRemotes] No remotes found in the git config file
2026-04-19 00:00:27.092 [info] > git config --get commit.template [11ms]
2026-04-19 00:00:27.093 [info] > git for-each-ref --format=%(refname)%00%(upstream:short)%00%(objectname)%00%(upstream:track)%00%(upstream:remotename)%00%(upstream:remoteref) refs/heads/main refs/remotes/main [2ms]
2026-04-19 00:00:27.116 [info] > git for-each-ref --sort -committerdate --format %(refname)%00%(objectname)%00%(*objectname) [4ms]
2026-04-19 00:00:27.119 [info] > git status -z -uall [17ms]
2026-04-19 00:00:32.142 [info] [Git][getRemotes] No remotes found in the git config file
2026-04-19 00:00:32.143 [info] > git config --get commit.template [10ms]
2026-04-19 00:00:32.144 [info] > git for-each-ref --format=%(refname)%00%(upstream:short)%00%(objectname)%00%(upstream:track)%00%(upstream:remotename)%00%(upstream:remoteref) refs/heads/main refs/remotes/main [2ms]
2026-04-19 00:00:32.165 [info] > git for-each-ref --sort -committerdate --format %(refname)%00%(objectname)%00%(*objectname) [3ms]
2026-04-19 00:00:32.170 [info] > git status -z -uall [17ms]
2026-04-19 00:00:53.400 [info] [Git][getRemotes] No remotes found in the git config file
2026-04-19 00:00:53.401 [info] > git config --get commit.template [12ms]
2026-04-19 00:00:53.402 [info] > git for-each-ref --format=%(refname)%00%(upstream:short)%00%(objectname)%00%(upstream:track)%00%(upstream:remotename)%00%(upstream:remoteref) refs/heads/main refs/remotes/main [2ms]
2026-04-19 00:00:53.423 [info] > git for-each-ref --sort -committerdate --format %(refname)%00%(objectname)%00%(*objectname) [2ms]
2026-04-19 00:00:53.427 [info] > git status -z -uall [16ms]
2026-04-19 00:00:58.452 [info] [Git][getRemotes] No remotes found in the git config file
2026-04-19 00:00:58.453 [info] > git config --get commit.template [13ms]
2026-04-19 00:00:58.454 [info] > git for-each-ref --format=%(refname)%00%(upstream:short)%00%(objectname)%00%(upstream:track)%00%(upstream:remotename)%00%(upstream:remoteref) refs/heads/main refs/remotes/main [3ms]
2026-04-19 00:00:58.474 [info] > git for-each-ref --sort -committerdate --format %(refname)%00%(objectname)%00%(*objectname) [3ms]
2026-04-19 00:00:58.479 [info] > git status -z -uall [17ms]
2026-04-19 00:01:03.503 [info] [Git][getRemotes] No remotes found in the git config file
2026-04-19 00:01:03.504 [info] > git config --get commit.template [11ms]
2026-04-19 00:01:03.505 [info] > git for-each-ref --format=%(refname)%00%(upstream:short)%00%(objectname)%00%(upstream:track)%00%(upstream:remotename)%00%(upstream:remoteref) refs/heads/main refs/remotes/main [2ms]
2026-04-19 00:01:03.526 [info] > git for-each-ref --sort -committerdate --format %(refname)%00%(objectname)%00%(*objectname) [2ms]
2026-04-19 00:01:03.530 [info] > git status -z -uall [17ms]
2026-04-19 00:01:08.547 [info] > git config --get commit.template [2ms]
2026-04-19 00:01:08.558 [info] [Git][getRemotes] No remotes found in the git config file
2026-04-19 00:01:08.560 [info] > git for-each-ref --format=%(refname)%00%(upstream:short)%00%(objectname)%00%(upstream:track)%00%(upstream:remotename)%00%(upstream:remoteref) refs/heads/main refs/remotes/main [3ms]
2026-04-19 00:01:08.580 [info] > git for-each-ref --sort -committerdate --format %(refname)%00%(objectname)%00%(*objectname) [3ms]
2026-04-19 00:01:08.585 [info] > git status -z -uall [16ms]
2026-04-19 00:01:14.782 [info] [Git][getRemotes] No remotes found in the git config file
2026-04-19 00:01:14.783 [info] > git config --get commit.template [11ms]
2026-04-19 00:01:14.784 [info] > git for-each-ref --format=%(refname)%00%(upstream:short)%00%(objectname)%00%(upstream:track)%00%(upstream:remotename)%00%(upstream:remoteref) refs/heads/main refs/remotes/main [2ms]
2026-04-19 00:01:14.803 [info] > git for-each-ref --sort -committerdate --format %(refname)%00%(objectname)%00%(*objectname) [2ms]
2026-04-19 00:01:14.808 [info] > git status -z -uall [15ms]
2026-04-19 00:01:19.832 [info] [Git][getRemotes] No remotes found in the git config file
2026-04-19 00:01:19.833 [info] > git config --get commit.template [10ms]
2026-04-19 00:01:19.834 [info] > git for-each-ref --format=%(refname)%00%(upstream:short)%00%(objectname)%00%(upstream:track)%00%(upstream:remotename)%00%(upstream:remoteref) refs/heads/main refs/remotes/main [2ms]
2026-04-19 00:01:19.853 [info] > git for-each-ref --sort -committerdate --format %(refname)%00%(objectname)%00%(*objectname) [2ms]
2026-04-19 00:01:19.858 [info] > git status -z -uall [16ms]
2026-04-19 00:01:47.970 [info] > git config --get commit.template [2ms]
2026-04-19 00:01:47.978 [info] [Git][getRemotes] No remotes found in the git config file
2026-04-19 00:01:47.980 [info] > git for-each-ref --format=%(refname)%00%(upstream:short)%00%(objectname)%00%(upstream:track)%00%(upstream:remotename)%00%(upstream:remoteref) refs/heads/main refs/remotes/main [2ms]
2026-04-19 00:01:47.999 [info] > git for-each-ref --sort -committerdate --format %(refname)%00%(objectname)%00%(*objectname) [3ms]
2026-04-19 00:01:48.004 [info] > git status -z -uall [16ms]
2026-04-19 00:01:55.665 [info] [Git][getRemotes] No remotes found in the git config file
2026-04-19 00:01:55.674 [info] > git config --get commit.template [10ms]
2026-04-19 00:01:55.676 [info] > git for-each-ref --format=%(refname)%00%(upstream:short)%00%(objectname)%00%(upstream:track)%00%(upstream:remotename)%00%(upstream:remoteref) refs/heads/main refs/remotes/main [3ms]
2026-04-19 00:01:55.697 [info] > git for-each-ref --sort -committerdate --format %(refname)%00%(objectname)%00%(*objectname) [3ms]
2026-04-19 00:01:55.701 [info] > git status -z -uall [16ms]
2026-04-19 00:02:00.727 [info] [Git][getRemotes] No remotes found in the git config file
2026-04-19 00:02:00.728 [info] > git config --get commit.template [11ms]
2026-04-19 00:02:00.730 [info] > git for-each-ref --format=%(refname)%00%(upstream:short)%00%(objectname)%00%(upstream:track)%00%(upstream:remotename)%00%(upstream:remoteref) refs/heads/main refs/remotes/main [3ms]
2026-04-19 00:02:00.751 [info] > git for-each-ref --sort -committerdate --format %(refname)%00%(objectname)%00%(*objectname) [3ms]
2026-04-19 00:02:00.755 [info] > git status -z -uall [16ms]
2026-04-19 00:02:34.988 [info] [Git][getRemotes] No remotes found in the git config file
2026-04-19 00:02:34.997 [info] > git config --get commit.template [11ms]
2026-04-19 00:02:35.000 [info] > git for-each-ref --format=%(refname)%00%(upstream:short)%00%(objectname)%00%(upstream:track)%00%(upstream:remotename)%00%(upstream:remoteref) refs/heads/main refs/remotes/main [3ms]
2026-04-19 00:02:35.020 [info] > git for-each-ref --sort -committerdate --format %(refname)%00%(objectname)%00%(*objectname) [2ms]
2026-04-19 00:02:35.026 [info] > git status -z -uall [17ms]
2026-04-19 00:02:40.048 [info] [Git][getRemotes] No remotes found in the git config file
2026-04-19 00:02:40.049 [info] > git config --get commit.template [10ms]
2026-04-19 00:02:40.051 [info] > git for-each-ref --format=%(refname)%00%(upstream:short)%00%(objectname)%00%(upstream:track)%00%(upstream:remotename)%00%(upstream:remoteref) refs/heads/main refs/remotes/main [3ms]
2026-04-19 00:02:40.069 [info] > git for-each-ref --sort -committerdate --format %(refname)%00%(objectname)%00%(*objectname) [2ms]
2026-04-19 00:02:40.075 [info] > git status -z -uall [16ms]
2026-04-19 00:02:45.099 [info] [Git][getRemotes] No remotes found in the git config file
2026-04-19 00:02:45.099 [info] > git config --get commit.template [11ms]
2026-04-19 00:02:45.101 [info] > git for-each-ref --format=%(refname)%00%(upstream:short)%00%(objectname)%00%(upstream:track)%00%(upstream:remotename)%00%(upstream:remoteref) refs/heads/main refs/remotes/main [2ms]
2026-04-19 00:02:45.125 [info] > git for-each-ref --sort -committerdate --format %(refname)%00%(objectname)%00%(*objectname) [3ms]
2026-04-19 00:02:45.129 [info] > git status -z -uall [17ms]
2026-04-19 00:02:45.266 [info] > git check-ignore -v -z --stdin [3ms]
2026-04-19 00:02:50.150 [info] [Git][getRemotes] No remotes found in the git config file
2026-04-19 00:02:50.151 [info] > git config --get commit.template [10ms]
2026-04-19 00:02:50.153 [info] > git for-each-ref --format=%(refname)%00%(upstream:short)%00%(objectname)%00%(upstream:track)%00%(upstream:remotename)%00%(upstream:remoteref) refs/heads/main refs/remotes/main [3ms]
2026-04-19 00:02:50.174 [info] > git for-each-ref --sort -committerdate --format %(refname)%00%(objectname)%00%(*objectname) [2ms]
2026-04-19 00:02:50.180 [info] > git status -z -uall [19ms]
2026-04-19 00:02:55.204 [info] [Git][getRemotes] No remotes found in the git config file
2026-04-19 00:02:55.205 [info] > git config --get commit.template [11ms]
2026-04-19 00:02:55.207 [info] > git for-each-ref --format=%(refname)%00%(upstream:short)%00%(objectname)%00%(upstream:track)%00%(upstream:remotename)%00%(upstream:remoteref) refs/heads/main refs/remotes/main [3ms]
2026-04-19 00:02:55.227 [info] > git for-each-ref --sort -committerdate --format %(refname)%00%(objectname)%00%(*objectname) [2ms]
2026-04-19 00:02:55.232 [info] > git status -z -uall [17ms]
2026-04-19 00:03:00.260 [info] [Git][getRemotes] No remotes found in the git config file
2026-04-19 00:03:00.261 [info] > git config --get commit.template [12ms]
2026-04-19 00:03:00.262 [info] > git for-each-ref --format=%(refname)%00%(upstream:short)%00%(objectname)%00%(upstream:track)%00%(upstream:remotename)%00%(upstream:remoteref) refs/heads/main refs/remotes/main [2ms]
2026-04-19 00:03:00.287 [info] > git for-each-ref --sort -committerdate --format %(refname)%00%(objectname)%00%(*objectname) [2ms]
2026-04-19 00:03:00.291 [info] > git status -z -uall [17ms]
2026-04-19 00:03:53.291 [info] [Git][getRemotes] No remotes found in the git config file
2026-04-19 00:03:53.292 [info] > git config --get commit.template [9ms]
2026-04-19 00:03:53.293 [info] > git for-each-ref --format=%(refname)%00%(upstream:short)%00%(objectname)%00%(upstream:track)%00%(upstream:remotename)%00%(upstream:remoteref) refs/heads/main refs/remotes/main [2ms]
2026-04-19 00:03:53.317 [info] > git for-each-ref --sort -committerdate --format %(refname)%00%(objectname)%00%(*objectname) [3ms]
2026-04-19 00:03:53.319 [info] > git status -z -uall [16ms]
2026-04-19 00:03:58.349 [info] [Git][getRemotes] No remotes found in the git config file
2026-04-19 00:03:58.350 [info] > git config --get commit.template [13ms]
2026-04-19 00:03:58.352 [info] > git for-each-ref --format=%(refname)%00%(upstream:short)%00%(objectname)%00%(upstream:track)%00%(upstream:remotename)%00%(upstream:remoteref) refs/heads/main refs/remotes/main [3ms]
2026-04-19 00:03:58.377 [info] > git for-each-ref --sort -committerdate --format %(refname)%00%(objectname)%00%(*objectname) [3ms]
2026-04-19 00:03:58.380 [info] > git status -z -uall [17ms]
2026-04-19 00:04:03.406 [info] [Git][getRemotes] No remotes found in the git config file
2026-04-19 00:04:03.407 [info] > git config --get commit.template [12ms]
2026-04-19 00:04:03.409 [info] > git for-each-ref --format=%(refname)%00%(upstream:short)%00%(objectname)%00%(upstream:track)%00%(upstream:remotename)%00%(upstream:remoteref) refs/heads/main refs/remotes/main [2ms]
2026-04-19 00:04:03.430 [info] > git for-each-ref --sort -committerdate --format %(refname)%00%(objectname)%00%(*objectname) [3ms]
2026-04-19 00:04:03.435 [info] > git status -z -uall [17ms]
2026-04-19 00:04:35.135 [info] [Git][getRemotes] No remotes found in the git config file
2026-04-19 00:04:35.135 [info] > git config --get commit.template [11ms]
2026-04-19 00:04:35.137 [info] > git for-each-ref --format=%(refname)%00%(upstream:short)%00%(objectname)%00%(upstream:track)%00%(upstream:remotename)%00%(upstream:remoteref) refs/heads/main refs/remotes/main [3ms]
2026-04-19 00:04:35.159 [info] > git for-each-ref --sort -committerdate --format %(refname)%00%(objectname)%00%(*objectname) [3ms]
2026-04-19 00:04:35.164 [info] > git status -z -uall [17ms]
2026-04-19 00:04:45.745 [info] [Git][getRemotes] No remotes found in the git config file
2026-04-19 00:04:45.746 [info] > git config --get commit.template [9ms]
2026-04-19 00:04:45.747 [info] > git for-each-ref --format=%(refname)%00%(upstream:short)%00%(objectname)%00%(upstream:track)%00%(upstream:remotename)%00%(upstream:remoteref) refs/heads/main refs/remotes/main [2ms]
2026-04-19 00:04:45.767 [info] > git for-each-ref --sort -committerdate --format %(refname)%00%(objectname)%00%(*objectname) [3ms]
2026-04-19 00:04:45.772 [info] > git status -z -uall [16ms]
2026-04-19 00:15:53.680 [info] > git check-ignore -v -z --stdin [3ms]
2026-04-19 00:15:54.199 [info] [Git][getRemotes] No remotes found in the git config file
2026-04-19 00:15:54.199 [info] > git config --get commit.template [10ms]
2026-04-19 00:15:54.201 [info] > git for-each-ref --format=%(refname)%00%(upstream:short)%00%(objectname)%00%(upstream:track)%00%(upstream:remotename)%00%(upstream:remoteref) refs/heads/main refs/remotes/main [3ms]
2026-04-19 00:15:54.222 [info] > git for-each-ref --sort -committerdate --format %(refname)%00%(objectname)%00%(*objectname) [3ms]
2026-04-19 00:15:54.226 [info] > git status -z -uall [16ms]
2026-04-19 00:15:59.253 [info] [Git][getRemotes] No remotes found in the git config file
2026-04-19 00:15:59.254 [info] > git config --get commit.template [12ms]
2026-04-19 00:15:59.255 [info] > git for-each-ref --format=%(refname)%00%(upstream:short)%00%(objectname)%00%(upstream:track)%00%(upstream:remotename)%00%(upstream:remoteref) refs/heads/main refs/remotes/main [2ms]
2026-04-19 00:15:59.279 [info] > git for-each-ref --sort -committerdate --format %(refname)%00%(objectname)%00%(*objectname) [2ms]
2026-04-19 00:15:59.282 [info] > git status -z -uall [17ms]
2026-04-19 00:16:13.249 [info] [Git][getRemotes] No remotes found in the git config file
2026-04-19 00:16:13.250 [info] > git config --get commit.template [10ms]
2026-04-19 00:16:13.251 [info] > git for-each-ref --format=%(refname)%00%(upstream:short)%00%(objectname)%00%(upstream:track)%00%(upstream:remotename)%00%(upstream:remoteref) refs/heads/main refs/remotes/main [2ms]
2026-04-19 00:16:13.272 [info] > git for-each-ref --sort -committerdate --format %(refname)%00%(objectname)%00%(*objectname) [3ms]
2026-04-19 00:16:13.277 [info] > git status -z -uall [17ms]
2026-04-19 00:16:18.302 [info] [Git][getRemotes] No remotes found in the git config file
2026-04-19 00:16:18.303 [info] > git config --get commit.template [11ms]
2026-04-19 00:16:18.305 [info] > git for-each-ref --format=%(refname)%00%(upstream:short)%00%(objectname)%00%(upstream:track)%00%(upstream:remotename)%00%(upstream:remoteref) refs/heads/main refs/remotes/main [2ms]
2026-04-19 00:16:18.324 [info] > git for-each-ref --sort -committerdate --format %(refname)%00%(objectname)%00%(*objectname) [2ms]
2026-04-19 00:16:18.329 [info] > git status -z -uall [16ms]
2026-04-19 00:17:06.957 [info] > git check-ignore -v -z --stdin [3ms]
2026-04-19 00:17:07.452 [info] [Git][getRemotes] No remotes found in the git config file
2026-04-19 00:17:07.463 [info] > git config --get commit.template [12ms]
2026-04-19 00:17:07.465 [info] > git for-each-ref --format=%(refname)%00%(upstream:short)%00%(objectname)%00%(upstream:track)%00%(upstream:remotename)%00%(upstream:remoteref) refs/heads/main refs/remotes/main [3ms]
2026-04-19 00:17:07.488 [info] > git for-each-ref --sort -committerdate --format %(refname)%00%(objectname)%00%(*objectname) [5ms]
2026-04-19 00:17:07.491 [info] > git status -z -uall [17ms]
2026-04-19 00:17:12.517 [info] [Git][getRemotes] No remotes found in the git config file
2026-04-19 00:17:12.517 [info] > git config --get commit.template [11ms]
2026-04-19 00:17:12.519 [info] > git for-each-ref --format=%(refname)%00%(upstream:short)%00%(objectname)%00%(upstream:track)%00%(upstream:remotename)%00%(upstream:remoteref) refs/heads/main refs/remotes/main [3ms]
2026-04-19 00:17:12.541 [info] > git for-each-ref --sort -committerdate --format %(refname)%00%(objectname)%00%(*objectname) [3ms]
2026-04-19 00:17:12.546 [info] > git status -z -uall [17ms]
2026-04-19 00:17:24.630 [info] [Git][getRemotes] No remotes found in the git config file
2026-04-19 00:17:24.640 [info] > git config --get commit.template [11ms]
2026-04-19 00:17:24.642 [info] > git for-each-ref --format=%(refname)%00%(upstream:short)%00%(objectname)%00%(upstream:track)%00%(upstream:remotename)%00%(upstream:remoteref) refs/heads/main refs/remotes/main [3ms]
2026-04-19 00:17:24.662 [info] > git for-each-ref --sort -committerdate --format %(refname)%00%(objectname)%00%(*objectname) [3ms]
2026-04-19 00:17:24.666 [info] > git status -z -uall [16ms]
2026-04-19 00:20:49.875 [info] [Git][getRemotes] No remotes found in the git config file
2026-04-19 00:20:49.876 [info] > git config --get commit.template [10ms]
2026-04-19 00:20:49.877 [info] > git for-each-ref --format=%(refname)%00%(upstream:short)%00%(objectname)%00%(upstream:track)%00%(upstream:remotename)%00%(upstream:remoteref) refs/heads/main refs/remotes/main [2ms]
2026-04-19 00:20:49.896 [info] > git for-each-ref --sort -committerdate --format %(refname)%00%(objectname)%00%(*objectname) [2ms]
2026-04-19 00:20:49.901 [info] > git status -z -uall [16ms]
2026-04-19 00:20:54.926 [info] [Git][getRemotes] No remotes found in the git config file
2026-04-19 00:20:54.927 [info] > git config --get commit.template [10ms]
2026-04-19 00:20:54.928 [info] > git for-each-ref --format=%(refname)%00%(upstream:short)%00%(objectname)%00%(upstream:track)%00%(upstream:remotename)%00%(upstream:remoteref) refs/heads/main refs/remotes/main [2ms]
2026-04-19 00:20:54.949 [info] > git for-each-ref --sort -committerdate --format %(refname)%00%(objectname)%00%(*objectname) [3ms]
2026-04-19 00:20:54.954 [info] > git status -z -uall [17ms]
2026-04-19 00:21:03.775 [info] [Git][getRemotes] No remotes found in the git config file
2026-04-19 00:21:03.776 [info] > git config --get commit.template [11ms]
2026-04-19 00:21:03.778 [info] > git for-each-ref --format=%(refname)%00%(upstream:short)%00%(objectname)%00%(upstream:track)%00%(upstream:remotename)%00%(upstream:remoteref) refs/heads/main refs/remotes/main [3ms]
2026-04-19 00:21:03.799 [info] > git for-each-ref --sort -committerdate --format %(refname)%00%(objectname)%00%(*objectname) [3ms]
2026-04-19 00:21:03.803 [info] > git status -z -uall [17ms]
2026-04-19 00:21:08.827 [info] [Git][getRemotes] No remotes found in the git config file
2026-04-19 00:21:08.828 [info] > git config --get commit.template [10ms]
2026-04-19 00:21:08.829 [info] > git for-each-ref --format=%(refname)%00%(upstream:short)%00%(objectname)%00%(upstream:track)%00%(upstream:remotename)%00%(upstream:remoteref) refs/heads/main refs/remotes/main [2ms]
2026-04-19 00:21:08.850 [info] > git for-each-ref --sort -committerdate --format %(refname)%00%(objectname)%00%(*objectname) [2ms]
2026-04-19 00:21:08.854 [info] > git status -z -uall [16ms]
2026-04-19 00:21:16.465 [info] > git check-ignore -v -z --stdin [2ms]
2026-04-19 00:22:55.151 [info] [Git][getRemotes] No remotes found in the git config file
2026-04-19 00:22:55.152 [info] > git config --get commit.template [12ms]
2026-04-19 00:22:55.153 [info] > git for-each-ref --format=%(refname)%00%(upstream:short)%00%(objectname)%00%(upstream:track)%00%(upstream:remotename)%00%(upstream:remoteref) refs/heads/main refs/remotes/main [3ms]
2026-04-19 00:22:55.173 [info] > git for-each-ref --sort -committerdate --format %(refname)%00%(objectname)%00%(*objectname) [2ms]
2026-04-19 00:22:55.179 [info] > git status -z -uall [17ms]
2026-04-19 00:24:39.305 [info] > git check-ignore -v -z --stdin [3ms]
2026-04-19 00:24:39.523 [info] > git check-ignore -v -z --stdin [2ms]
2026-04-19 00:24:50.460 [info] > git check-ignore -v -z --stdin [3ms]
2026-04-19 00:24:50.509 [info] > git check-ignore -v -z --stdin [2ms]
2026-04-19 00:24:50.665 [info] > git show --textconv :.env [12ms]
2026-04-19 00:24:50.674 [info] > git ls-files --stage -- .env [11ms]
2026-04-19 00:24:50.684 [info] > git hash-object -t tree /dev/null [11ms]
2026-04-19 00:24:50.684 [warning] [GitFileSystemProvider][readFile] File not found - git:/home/kausthubh/GitHub/polymarket-clone/.env.git?%7B%22path%22%3A%22%2Fhome%2Fkausthubh%2FGitHub%2Fpolymarket-clone%2F.env%22%2C%22ref%22%3A%22%22%7D
2026-04-19 00:24:50.685 [info] > git hash-object -t tree /dev/null [2ms]
2026-04-19 00:24:50.686 [warning] [GitFileSystemProvider][stat] File not found - git:/home/kausthubh/GitHub/polymarket-clone/.env.git?%7B%22path%22%3A%22%2Fhome%2Fkausthubh%2FGitHub%2Fpolymarket-clone%2F.env%22%2C%22ref%22%3A%22%22%7D
2026-04-19 00:24:55.304 [info] > git check-ignore -v -z --stdin [3ms]
2026-04-19 00:24:55.389 [info] > git check-ignore -v -z --stdin [3ms]
2026-04-19 00:25:11.361 [info] [Git][getRemotes] No remotes found in the git config file
2026-04-19 00:25:11.362 [info] > git config --get commit.template [11ms]
2026-04-19 00:25:11.364 [info] > git for-each-ref --format=%(refname)%00%(upstream:short)%00%(objectname)%00%(upstream:track)%00%(upstream:remotename)%00%(upstream:remoteref) refs/heads/main refs/remotes/main [3ms]
2026-04-19 00:25:11.386 [info] > git for-each-ref --sort -committerdate --format %(refname)%00%(objectname)%00%(*objectname) [2ms]
2026-04-19 00:25:11.389 [info] > git status -z -uall [16ms]
2026-04-19 00:26:50.962 [info] [Git][getRemotes] No remotes found in the git config file
2026-04-19 00:26:50.963 [info] > git config --get commit.template [10ms]
2026-04-19 00:26:50.965 [info] > git for-each-ref --format=%(refname)%00%(upstream:short)%00%(objectname)%00%(upstream:track)%00%(upstream:remotename)%00%(upstream:remoteref) refs/heads/main refs/remotes/main [2ms]
2026-04-19 00:26:50.984 [info] > git for-each-ref --sort -committerdate --format %(refname)%00%(objectname)%00%(*objectname) [2ms]
2026-04-19 00:26:50.989 [info] > git status -z -uall [16ms]
2026-04-19 00:27:20.964 [info] [Git][getRemotes] No remotes found in the git config file
2026-04-19 00:27:20.972 [info] > git config --get commit.template [10ms]
2026-04-19 00:27:20.974 [info] > git for-each-ref --format=%(refname)%00%(upstream:short)%00%(objectname)%00%(upstream:track)%00%(upstream:remotename)%00%(upstream:remoteref) refs/heads/main refs/remotes/main [2ms]
2026-04-19 00:27:20.993 [info] > git for-each-ref --sort -committerdate --format %(refname)%00%(objectname)%00%(*objectname) [2ms]
2026-04-19 00:27:20.998 [info] > git status -z -uall [15ms]
2026-04-19 00:27:30.745 [info] > git check-ignore -v -z --stdin [4ms]
2026-04-19 00:27:31.361 [info] [Git][getRemotes] No remotes found in the git config file
2026-04-19 00:27:31.370 [info] > git config --get commit.template [10ms]
2026-04-19 00:27:31.372 [info] > git for-each-ref --format=%(refname)%00%(upstream:short)%00%(objectname)%00%(upstream:track)%00%(upstream:remotename)%00%(upstream:remoteref) refs/heads/main refs/remotes/main [2ms]
2026-04-19 00:27:31.395 [info] > git for-each-ref --sort -committerdate --format %(refname)%00%(objectname)%00%(*objectname) [4ms]
2026-04-19 00:27:31.401 [info] > git status -z -uall [19ms]
2026-04-19 00:27:36.415 [info] [Git][getRemotes] No remotes found in the git config file
2026-04-19 00:27:36.426 [info] > git config --get commit.template [11ms]
2026-04-19 00:27:36.427 [info] > git for-each-ref --format=%(refname)%00%(upstream:short)%00%(objectname)%00%(upstream:track)%00%(upstream:remotename)%00%(upstream:remoteref) refs/heads/main refs/remotes/main [2ms]
2026-04-19 00:27:36.450 [info] > git for-each-ref --sort -committerdate --format %(refname)%00%(objectname)%00%(*objectname) [3ms]
2026-04-19 00:27:36.456 [info] > git status -z -uall [19ms]
2026-04-19 00:27:41.470 [info] [Git][getRemotes] No remotes found in the git config file
2026-04-19 00:27:41.480 [info] > git config --get commit.template [11ms]
2026-04-19 00:27:41.482 [info] > git for-each-ref --format=%(refname)%00%(upstream:short)%00%(objectname)%00%(upstream:track)%00%(upstream:remotename)%00%(upstream:remoteref) refs/heads/main refs/remotes/main [3ms]
2026-04-19 00:27:41.504 [info] > git for-each-ref --sort -committerdate --format %(refname)%00%(objectname)%00%(*objectname) [3ms]
2026-04-19 00:27:41.509 [info] > git status -z -uall [18ms]
2026-04-19 00:27:46.533 [info] [Git][getRemotes] No remotes found in the git config file
2026-04-19 00:27:46.534 [info] > git config --get commit.template [11ms]
2026-04-19 00:27:46.535 [info] > git for-each-ref --format=%(refname)%00%(upstream:short)%00%(objectname)%00%(upstream:track)%00%(upstream:remotename)%00%(upstream:remoteref) refs/heads/main refs/remotes/main [2ms]
2026-04-19 00:27:46.560 [info] > git for-each-ref --sort -committerdate --format %(refname)%00%(objectname)%00%(*objectname) [3ms]
2026-04-19 00:27:46.566 [info] > git status -z -uall [18ms]
2026-04-19 00:28:09.811 [info] > git check-ignore -v -z --stdin [3ms]
2026-04-19 00:28:10.138 [info] > git check-ignore -v -z --stdin [2ms]
2026-04-19 00:28:10.806 [info] > git check-ignore -v -z --stdin [2ms]
2026-04-19 00:28:21.095 [info] [Git][getRemotes] No remotes found in the git config file
2026-04-19 00:28:21.106 [info] > git config --get commit.template [12ms]
2026-04-19 00:28:21.107 [info] > git for-each-ref --format=%(refname)%00%(upstream:short)%00%(objectname)%00%(upstream:track)%00%(upstream:remotename)%00%(upstream:remoteref) refs/heads/main refs/remotes/main [2ms]
2026-04-19 00:28:21.127 [info] > git for-each-ref --sort -committerdate --format %(refname)%00%(objectname)%00%(*objectname) [2ms]
2026-04-19 00:28:21.132 [info] > git status -z -uall [15ms]
2026-04-19 00:28:26.150 [info] > git config --get commit.template [2ms]
2026-04-19 00:28:26.150 [info] [Git][getRemotes] No remotes found in the git config file
2026-04-19 00:28:26.161 [info] > git for-each-ref --format=%(refname)%00%(upstream:short)%00%(objectname)%00%(upstream:track)%00%(upstream:remotename)%00%(upstream:remoteref) refs/heads/main refs/remotes/main [2ms]
2026-04-19 00:28:26.182 [info] > git for-each-ref --sort -committerdate --format %(refname)%00%(objectname)%00%(*objectname) [3ms]
2026-04-19 00:28:26.187 [info] > git status -z -uall [17ms]
2026-04-19 00:28:31.214 [info] [Git][getRemotes] No remotes found in the git config file
2026-04-19 00:28:31.216 [info] > git config --get commit.template [14ms]
2026-04-19 00:28:31.217 [info] > git for-each-ref --format=%(refname)%00%(upstream:short)%00%(objectname)%00%(upstream:track)%00%(upstream:remotename)%00%(upstream:remoteref) refs/heads/main refs/remotes/main [3ms]
2026-04-19 00:28:31.243 [info] > git for-each-ref --sort -committerdate --format %(refname)%00%(objectname)%00%(*objectname) [3ms]
2026-04-19 00:28:31.245 [info] > git status -z -uall [17ms]
2026-04-19 00:34:41.881 [info] > git check-ignore -v -z --stdin [2ms]
2026-04-19 00:34:42.019 [info] > git check-ignore -v -z --stdin [4ms]
2026-04-19 00:34:42.089 [info] > git show --textconv :.env [11ms]
2026-04-19 00:34:42.090 [warning] [GitFileSystemProvider][readFile] File not found - git:/home/kausthubh/GitHub/polymarket-clone/.env.git?%7B%22path%22%3A%22%2Fhome%2Fkausthubh%2FGitHub%2Fpolymarket-clone%2F.env%22%2C%22ref%22%3A%22%22%7D
2026-04-19 00:34:42.091 [info] > git ls-files --stage -- .env [3ms]
2026-04-19 00:34:42.091 [warning] [GitFileSystemProvider][stat] File not found - git:/home/kausthubh/GitHub/polymarket-clone/.env.git?%7B%22path%22%3A%22%2Fhome%2Fkausthubh%2FGitHub%2Fpolymarket-clone%2F.env%22%2C%22ref%22%3A%22%22%7D
2026-04-19 00:34:42.936 [info] > git blame --root --incremental 5589457f19b0b1b49f8eeac55da78e424d35d0d4 -- .env [5ms]
2026-04-19 00:34:42.936 [info] fatal: no such path .env in 5589457f19b0b1b49f8eeac55da78e424d35d0d4
2026-04-19 00:34:51.040 [info] [Git][getRemotes] No remotes found in the git config file
2026-04-19 00:34:51.041 [info] > git config --get commit.template [11ms]
2026-04-19 00:34:51.042 [info] > git for-each-ref --format=%(refname)%00%(upstream:short)%00%(objectname)%00%(upstream:track)%00%(upstream:remotename)%00%(upstream:remoteref) refs/heads/main refs/remotes/main [2ms]
2026-04-19 00:34:51.065 [info] > git for-each-ref --sort -committerdate --format %(refname)%00%(objectname)%00%(*objectname) [3ms]
2026-04-19 00:34:51.068 [info] > git status -z -uall [16ms]
2026-04-19 00:35:33.606 [info] [Git][getRemotes] No remotes found in the git config file
2026-04-19 00:35:33.606 [info] > git config --get commit.template [10ms]
2026-04-19 00:35:33.608 [info] > git for-each-ref --format=%(refname)%00%(upstream:short)%00%(objectname)%00%(upstream:track)%00%(upstream:remotename)%00%(upstream:remoteref) refs/heads/main refs/remotes/main [3ms]
2026-04-19 00:35:33.628 [info] > git for-each-ref --sort -committerdate --format %(refname)%00%(objectname)%00%(*objectname) [3ms]
2026-04-19 00:35:33.632 [info] > git status -z -uall [16ms]
2026-04-19 00:35:38.655 [info] [Git][getRemotes] No remotes found in the git config file
2026-04-19 00:35:38.655 [info] > git config --get commit.template [10ms]
2026-04-19 00:35:38.657 [info] > git for-each-ref --format=%(refname)%00%(upstream:short)%00%(objectname)%00%(upstream:track)%00%(upstream:remotename)%00%(upstream:remoteref) refs/heads/main refs/remotes/main [3ms]
2026-04-19 00:35:38.676 [info] > git for-each-ref --sort -committerdate --format %(refname)%00%(objectname)%00%(*objectname) [2ms]
2026-04-19 00:35:38.681 [info] > git status -z -uall [16ms]
2026-04-19 00:37:07.905 [info] [Git][getRemotes] No remotes found in the git config file
2026-04-19 00:37:07.907 [info] > git config --get commit.template [16ms]
2026-04-19 00:37:07.908 [info] > git for-each-ref --format=%(refname)%00%(upstream:short)%00%(objectname)%00%(upstream:track)%00%(upstream:remotename)%00%(upstream:remoteref) refs/heads/main refs/remotes/main [4ms]
2026-04-19 00:37:07.938 [info] > git for-each-ref --sort -committerdate --format %(refname)%00%(objectname)%00%(*objectname) [3ms]
2026-04-19 00:37:07.939 [info] > git status -z -uall [18ms]
2026-04-19 00:37:19.894 [info] [Git][getRemotes] No remotes found in the git config file
2026-04-19 00:37:19.895 [info] > git config --get commit.template [11ms]
2026-04-19 00:37:19.896 [info] > git for-each-ref --format=%(refname)%00%(upstream:short)%00%(objectname)%00%(upstream:track)%00%(upstream:remotename)%00%(upstream:remoteref) refs/heads/main refs/remotes/main [3ms]
2026-04-19 00:37:19.916 [info] > git for-each-ref --sort -committerdate --format %(refname)%00%(objectname)%00%(*objectname) [3ms]
2026-04-19 00:37:19.921 [info] > git status -z -uall [17ms]
2026-04-19 00:37:26.542 [info] [Git][getRemotes] No remotes found in the git config file
2026-04-19 00:37:26.542 [info] > git config --get commit.template [9ms]
2026-04-19 00:37:26.544 [info] > git for-each-ref --format=%(refname)%00%(upstream:short)%00%(objectname)%00%(upstream:track)%00%(upstream:remotename)%00%(upstream:remoteref) refs/heads/main refs/remotes/main [3ms]
2026-04-19 00:37:26.562 [info] > git for-each-ref --sort -committerdate --format %(refname)%00%(objectname)%00%(*objectname) [2ms]
2026-04-19 00:37:26.567 [info] > git status -z -uall [15ms]
2026-04-19 00:37:34.189 [info] > git config --get commit.template [2ms]
2026-04-19 00:37:34.198 [info] [Git][getRemotes] No remotes found in the git config file
2026-04-19 00:37:34.200 [info] > git for-each-ref --format=%(refname)%00%(upstream:short)%00%(objectname)%00%(upstream:track)%00%(upstream:remotename)%00%(upstream:remoteref) refs/heads/main refs/remotes/main [2ms]
2026-04-19 00:37:34.219 [info] > git for-each-ref --sort -committerdate --format %(refname)%00%(objectname)%00%(*objectname) [2ms]
2026-04-19 00:37:34.225 [info] > git status -z -uall [17ms]
2026-04-19 00:38:34.218 [info] [Git][getRemotes] No remotes found in the git config file
2026-04-19 00:38:34.219 [info] > git config --get commit.template [10ms]
2026-04-19 00:38:34.220 [info] > git for-each-ref --format=%(refname)%00%(upstream:short)%00%(objectname)%00%(upstream:track)%00%(upstream:remotename)%00%(upstream:remoteref) refs/heads/main refs/remotes/main [2ms]
2026-04-19 00:38:34.240 [info] > git for-each-ref --sort -committerdate --format %(refname)%00%(objectname)%00%(*objectname) [2ms]
2026-04-19 00:38:34.246 [info] > git status -z -uall [17ms]
2026-04-19 00:38:39.269 [info] [Git][getRemotes] No remotes found in the git config file
2026-04-19 00:38:39.270 [info] > git config --get commit.template [10ms]
2026-04-19 00:38:39.272 [info] > git for-each-ref --format=%(refname)%00%(upstream:short)%00%(objectname)%00%(upstream:track)%00%(upstream:remotename)%00%(upstream:remoteref) refs/heads/main refs/remotes/main [3ms]
2026-04-19 00:38:39.291 [info] > git for-each-ref --sort -committerdate --format %(refname)%00%(objectname)%00%(*objectname) [3ms]
2026-04-19 00:38:39.296 [info] > git status -z -uall [16ms]
2026-04-19 00:38:44.314 [info] [Git][getRemotes] No remotes found in the git config file
2026-04-19 00:38:44.324 [info] > git config --get commit.template [11ms]
2026-04-19 00:38:44.326 [info] > git for-each-ref --format=%(refname)%00%(upstream:short)%00%(objectname)%00%(upstream:track)%00%(upstream:remotename)%00%(upstream:remoteref) refs/heads/main refs/remotes/main [3ms]
2026-04-19 00:38:44.355 [info] > git for-each-ref --sort -committerdate --format %(refname)%00%(objectname)%00%(*objectname) [4ms]
2026-04-19 00:38:44.356 [info] > git status -z -uall [17ms]
2026-04-19 00:43:57.621 [info] [Git][getRemotes] No remotes found in the git config file
2026-04-19 00:43:57.622 [info] > git config --get commit.template [10ms]
2026-04-19 00:43:57.623 [info] > git for-each-ref --format=%(refname)%00%(upstream:short)%00%(objectname)%00%(upstream:track)%00%(upstream:remotename)%00%(upstream:remoteref) refs/heads/main refs/remotes/main [2ms]
2026-04-19 00:43:57.642 [info] > git for-each-ref --sort -committerdate --format %(refname)%00%(objectname)%00%(*objectname) [2ms]
2026-04-19 00:43:57.647 [info] > git status -z -uall [16ms]
2026-04-19 00:44:09.671 [info] [Git][getRemotes] No remotes found in the git config file
2026-04-19 00:44:09.673 [info] > git config --get commit.template [15ms]
2026-04-19 00:44:09.674 [info] > git for-each-ref --format=%(refname)%00%(upstream:short)%00%(objectname)%00%(upstream:track)%00%(upstream:remotename)%00%(upstream:remoteref) refs/heads/main refs/remotes/main [3ms]
2026-04-19 00:44:09.699 [info] > git status -z -uall [14ms]
2026-04-19 00:44:09.701 [info] > git for-each-ref --sort -committerdate --format %(refname)%00%(objectname)%00%(*objectname) [3ms]
2026-04-19 00:44:14.953 [info] [Git][getRemotes] No remotes found in the git config file
2026-04-19 00:44:14.962 [info] > git config --get commit.template [10ms]
2026-04-19 00:44:14.963 [info] > git for-each-ref --format=%(refname)%00%(upstream:short)%00%(objectname)%00%(upstream:track)%00%(upstream:remotename)%00%(upstream:remoteref) refs/heads/main refs/remotes/main [2ms]
2026-04-19 00:44:14.981 [info] > git status -z -uall [9ms]
2026-04-19 00:44:14.983 [info] > git for-each-ref --sort -committerdate --format %(refname)%00%(objectname)%00%(*objectname) [3ms]
2026-04-19 00:46:23.401 [info] [Git][getRemotes] No remotes found in the git config file
2026-04-19 00:46:23.401 [info] > git config --get commit.template [6ms]
2026-04-19 00:46:23.402 [info] > git for-each-ref --format=%(refname)%00%(upstream:short)%00%(objectname)%00%(upstream:track)%00%(upstream:remotename)%00%(upstream:remoteref) refs/heads/main refs/remotes/main [1ms]
2026-04-19 00:46:23.414 [info] > git status -z -uall [6ms]
2026-04-19 00:46:23.415 [info] > git for-each-ref --sort -committerdate --format %(refname)%00%(objectname)%00%(*objectname) [1ms]
2026-04-19 00:46:28.427 [info] [Git][getRemotes] No remotes found in the git config file
2026-04-19 00:46:28.433 [info] > git config --get commit.template [7ms]
2026-04-19 00:46:28.434 [info] > git for-each-ref --format=%(refname)%00%(upstream:short)%00%(objectname)%00%(upstream:track)%00%(upstream:remotename)%00%(upstream:remoteref) refs/heads/main refs/remotes/main [2ms]
2026-04-19 00:46:28.446 [info] > git status -z -uall [6ms]
2026-04-19 00:46:28.447 [info] > git for-each-ref --sort -committerdate --format %(refname)%00%(objectname)%00%(*objectname) [1ms]
2026-04-19 00:55:04.011 [info] [Git][getRemotes] No remotes found in the git config file
2026-04-19 00:55:04.013 [info] > git for-each-ref --format=%(refname)%00%(upstream:short)%00%(objectname)%00%(upstream:track)%00%(upstream:remotename)%00%(upstream:remoteref) refs/heads/main refs/remotes/main [2ms]
2026-04-19 00:55:04.013 [info] > git config --get commit.template [8ms]
2026-04-19 00:55:04.025 [info] > git status -z -uall [6ms]
2026-04-19 00:55:04.027 [info] > git for-each-ref --sort -committerdate --format %(refname)%00%(objectname)%00%(*objectname) [2ms]
2026-04-19 00:55:09.041 [info] [Git][getRemotes] No remotes found in the git config file
2026-04-19 00:55:09.042 [info] > git config --get commit.template [7ms]
2026-04-19 00:55:09.043 [info] > git for-each-ref --format=%(refname)%00%(upstream:short)%00%(objectname)%00%(upstream:track)%00%(upstream:remotename)%00%(upstream:remoteref) refs/heads/main refs/remotes/main [2ms]
2026-04-19 00:55:09.057 [info] > git status -z -uall [7ms]
2026-04-19 00:55:09.058 [info] > git for-each-ref --sort -committerdate --format %(refname)%00%(objectname)%00%(*objectname) [2ms]
2026-04-19 00:55:34.089 [info] [Git][getRemotes] No remotes found in the git config file
2026-04-19 00:55:34.090 [info] > git config --get commit.template [6ms]
2026-04-19 00:55:34.090 [info] > git for-each-ref --format=%(refname)%00%(upstream:short)%00%(objectname)%00%(upstream:track)%00%(upstream:remotename)%00%(upstream:remoteref) refs/heads/main refs/remotes/main [1ms]
2026-04-19 00:55:34.108 [info] > git status -z -uall [12ms]
2026-04-19 00:55:34.108 [info] > git for-each-ref --sort -committerdate --format %(refname)%00%(objectname)%00%(*objectname) [6ms]
2026-04-19 00:55:34.110 [info] > git check-ignore -v -z --stdin [2ms]
2026-04-19 00:55:39.118 [info] [Git][getRemotes] No remotes found in the git config file
2026-04-19 00:55:39.124 [info] > git config --get commit.template [6ms]
2026-04-19 00:55:39.125 [info] > git for-each-ref --format=%(refname)%00%(upstream:short)%00%(objectname)%00%(upstream:track)%00%(upstream:remotename)%00%(upstream:remoteref) refs/heads/main refs/remotes/main [1ms]
2026-04-19 00:55:39.137 [info] > git status -z -uall [6ms]
2026-04-19 00:55:39.138 [info] > git for-each-ref --sort -committerdate --format %(refname)%00%(objectname)%00%(*objectname) [2ms]
2026-04-19 00:55:44.272 [info] > git check-ignore -v -z --stdin [2ms]
2026-04-19 00:55:44.816 [info] [Git][getRemotes] No remotes found in the git config file
2026-04-19 00:55:44.817 [info] > git config --get commit.template [6ms]
2026-04-19 00:55:44.817 [info] > git for-each-ref --format=%(refname)%00%(upstream:short)%00%(objectname)%00%(upstream:track)%00%(upstream:remotename)%00%(upstream:remoteref) refs/heads/main refs/remotes/main [1ms]
2026-04-19 00:55:44.829 [info] > git status -z -uall [6ms]
2026-04-19 00:55:44.830 [info] > git for-each-ref --sort -committerdate --format %(refname)%00%(objectname)%00%(*objectname) [1ms]
2026-04-19 00:55:49.841 [info] [Git][getRemotes] No remotes found in the git config file
2026-04-19 00:55:49.847 [info] > git config --get commit.template [7ms]
2026-04-19 00:55:49.848 [info] > git for-each-ref --format=%(refname)%00%(upstream:short)%00%(objectname)%00%(upstream:track)%00%(upstream:remotename)%00%(upstream:remoteref) refs/heads/main refs/remotes/main [2ms]
2026-04-19 00:55:49.860 [info] > git status -z -uall [7ms]
2026-04-19 00:55:49.860 [info] > git for-each-ref --sort -committerdate --format %(refname)%00%(objectname)%00%(*objectname) [1ms]
2026-04-19 00:55:54.269 [info] > git check-ignore -v -z --stdin [2ms]
2026-04-19 00:55:54.875 [info] [Git][getRemotes] No remotes found in the git config file
2026-04-19 00:55:54.876 [info] > git config --get commit.template [7ms]
2026-04-19 00:55:54.877 [info] > git for-each-ref --format=%(refname)%00%(upstream:short)%00%(objectname)%00%(upstream:track)%00%(upstream:remotename)%00%(upstream:remoteref) refs/heads/main refs/remotes/main [2ms]
2026-04-19 00:55:54.888 [info] > git status -z -uall [6ms]
2026-04-19 00:55:54.889 [info] > git for-each-ref --sort -committerdate --format %(refname)%00%(objectname)%00%(*objectname) [1ms]
2026-04-19 00:55:59.900 [info] [Git][getRemotes] No remotes found in the git config file
2026-04-19 00:55:59.905 [info] > git config --get commit.template [6ms]
2026-04-19 00:55:59.906 [info] > git for-each-ref --format=%(refname)%00%(upstream:short)%00%(objectname)%00%(upstream:track)%00%(upstream:remotename)%00%(upstream:remoteref) refs/heads/main refs/remotes/main [1ms]
2026-04-19 00:55:59.918 [info] > git status -z -uall [6ms]
2026-04-19 00:55:59.919 [info] > git for-each-ref --sort -committerdate --format %(refname)%00%(objectname)%00%(*objectname) [1ms]
2026-04-19 00:56:09.725 [info] > git check-ignore -v -z --stdin [2ms]
2026-04-19 00:56:10.568 [info] [Git][getRemotes] No remotes found in the git config file
2026-04-19 00:56:10.574 [info] > git config --get commit.template [6ms]
2026-04-19 00:56:10.575 [info] > git for-each-ref --format=%(refname)%00%(upstream:short)%00%(objectname)%00%(upstream:track)%00%(upstream:remotename)%00%(upstream:remoteref) refs/heads/main refs/remotes/main [2ms]
2026-04-19 00:56:10.587 [info] > git status -z -uall [7ms]
2026-04-19 00:56:10.588 [info] > git for-each-ref --sort -committerdate --format %(refname)%00%(objectname)%00%(*objectname) [2ms]
2026-04-19 00:56:15.604 [info] [Git][getRemotes] No remotes found in the git config file
2026-04-19 00:56:15.604 [info] > git config --get commit.template [6ms]
2026-04-19 00:56:15.605 [info] > git for-each-ref --format=%(refname)%00%(upstream:short)%00%(objectname)%00%(upstream:track)%00%(upstream:remotename)%00%(upstream:remoteref) refs/heads/main refs/remotes/main [1ms]
2026-04-19 00:56:15.617 [info] > git status -z -uall [6ms]
2026-04-19 00:56:15.618 [info] > git for-each-ref --sort -committerdate --format %(refname)%00%(objectname)%00%(*objectname) [2ms]
2026-04-19 00:56:27.050 [info] > git check-ignore -v -z --stdin [1ms]
2026-04-19 00:56:27.868 [info] [Git][getRemotes] No remotes found in the git config file
2026-04-19 00:56:27.869 [info] > git config --get commit.template [8ms]
2026-04-19 00:56:27.870 [info] > git for-each-ref --format=%(refname)%00%(upstream:short)%00%(objectname)%00%(upstream:track)%00%(upstream:remotename)%00%(upstream:remoteref) refs/heads/main refs/remotes/main [2ms]
2026-04-19 00:56:27.884 [info] > git status -z -uall [7ms]
2026-04-19 00:56:27.885 [info] > git for-each-ref --sort -committerdate --format %(refname)%00%(objectname)%00%(*objectname) [1ms]
2026-04-19 00:56:32.897 [info] > git config --get commit.template [2ms]
2026-04-19 00:56:32.906 [info] [Git][getRemotes] No remotes found in the git config file
2026-04-19 00:56:32.907 [info] > git for-each-ref --format=%(refname)%00%(upstream:short)%00%(objectname)%00%(upstream:track)%00%(upstream:remotename)%00%(upstream:remoteref) refs/heads/main refs/remotes/main [2ms]
2026-04-19 00:56:32.926 [info] > git status -z -uall [10ms]
2026-04-19 00:56:32.927 [info] > git for-each-ref --sort -committerdate --format %(refname)%00%(objectname)%00%(*objectname) [2ms]
2026-04-19 00:56:37.944 [info] [Git][getRemotes] No remotes found in the git config file
2026-04-19 00:56:37.944 [info] > git config --get commit.template [6ms]
2026-04-19 00:56:37.945 [info] > git for-each-ref --format=%(refname)%00%(upstream:short)%00%(objectname)%00%(upstream:track)%00%(upstream:remotename)%00%(upstream:remoteref) refs/heads/main refs/remotes/main [1ms]
2026-04-19 00:56:37.957 [info] > git status -z -uall [7ms]
2026-04-19 00:56:37.958 [info] > git for-each-ref --sort -committerdate --format %(refname)%00%(objectname)%00%(*objectname) [2ms]
2026-04-19 00:56:55.758 [info] > git check-ignore -v -z --stdin [2ms]
2026-04-19 00:56:56.305 [info] > git check-ignore -v -z --stdin [1ms]
2026-04-19 00:56:56.648 [info] > git config --get commit.template [1ms]
2026-04-19 00:56:56.654 [info] [Git][getRemotes] No remotes found in the git config file
2026-04-19 00:56:56.655 [info] > git for-each-ref --format=%(refname)%00%(upstream:short)%00%(objectname)%00%(upstream:track)%00%(upstream:remotename)%00%(upstream:remoteref) refs/heads/main refs/remotes/main [1ms]
2026-04-19 00:56:56.667 [info] > git status -z -uall [5ms]
2026-04-19 00:56:56.668 [info] > git for-each-ref --sort -committerdate --format %(refname)%00%(objectname)%00%(*objectname) [2ms]
2026-04-19 00:57:01.683 [info] [Git][getRemotes] No remotes found in the git config file
2026-04-19 00:57:01.684 [info] > git config --get commit.template [7ms]
2026-04-19 00:57:01.685 [info] > git for-each-ref --format=%(refname)%00%(upstream:short)%00%(objectname)%00%(upstream:track)%00%(upstream:remotename)%00%(upstream:remoteref) refs/heads/main refs/remotes/main [2ms]
2026-04-19 00:57:01.696 [info] > git status -z -uall [6ms]
2026-04-19 00:57:01.697 [info] > git for-each-ref --sort -committerdate --format %(refname)%00%(objectname)%00%(*objectname) [2ms]
2026-04-19 00:57:20.392 [info] > git check-ignore -v -z --stdin [2ms]
2026-04-19 00:57:22.465 [info] [Git][getRemotes] No remotes found in the git config file
2026-04-19 00:57:22.466 [info] > git config --get commit.template [7ms]
2026-04-19 00:57:22.467 [info] > git for-each-ref --format=%(refname)%00%(upstream:short)%00%(objectname)%00%(upstream:track)%00%(upstream:remotename)%00%(upstream:remoteref) refs/heads/main refs/remotes/main [2ms]
2026-04-19 00:57:22.479 [info] > git status -z -uall [7ms]
2026-04-19 00:57:22.480 [info] > git for-each-ref --sort -committerdate --format %(refname)%00%(objectname)%00%(*objectname) [2ms]
2026-04-19 00:57:27.496 [info] [Git][getRemotes] No remotes found in the git config file
2026-04-19 00:57:27.496 [info] > git config --get commit.template [6ms]
2026-04-19 00:57:27.500 [info] > git for-each-ref --format=%(refname)%00%(upstream:short)%00%(objectname)%00%(upstream:track)%00%(upstream:remotename)%00%(upstream:remoteref) refs/heads/main refs/remotes/main [4ms]
2026-04-19 00:57:27.511 [info] > git status -z -uall [6ms]
2026-04-19 00:57:27.512 [info] > git for-each-ref --sort -committerdate --format %(refname)%00%(objectname)%00%(*objectname) [1ms]
2026-04-19 00:57:32.528 [info] [Git][getRemotes] No remotes found in the git config file
2026-04-19 00:57:32.528 [info] > git config --get commit.template [6ms]
2026-04-19 00:57:32.529 [info] > git for-each-ref --format=%(refname)%00%(upstream:short)%00%(objectname)%00%(upstream:track)%00%(upstream:remotename)%00%(upstream:remoteref) refs/heads/main refs/remotes/main [1ms]
2026-04-19 00:57:32.541 [info] > git status -z -uall [7ms]
2026-04-19 00:57:32.542 [info] > git for-each-ref --sort -committerdate --format %(refname)%00%(objectname)%00%(*objectname) [2ms]
2026-04-19 00:57:42.115 [info] [Git][getRemotes] No remotes found in the git config file
2026-04-19 00:57:42.121 [info] > git config --get commit.template [7ms]
2026-04-19 00:57:42.122 [info] > git for-each-ref --format=%(refname)%00%(upstream:short)%00%(objectname)%00%(upstream:track)%00%(upstream:remotename)%00%(upstream:remoteref) refs/heads/main refs/remotes/main [2ms]
2026-04-19 00:57:42.134 [info] > git status -z -uall [6ms]
2026-04-19 00:57:42.135 [info] > git for-each-ref --sort -committerdate --format %(refname)%00%(objectname)%00%(*objectname) [2ms]
2026-04-19 00:57:47.151 [info] [Git][getRemotes] No remotes found in the git config file
2026-04-19 00:57:47.151 [info] > git config --get commit.template [6ms]
2026-04-19 00:57:47.152 [info] > git for-each-ref --format=%(refname)%00%(upstream:short)%00%(objectname)%00%(upstream:track)%00%(upstream:remotename)%00%(upstream:remoteref) refs/heads/main refs/remotes/main [1ms]
2026-04-19 00:57:47.164 [info] > git status -z -uall [7ms]
2026-04-19 00:57:47.165 [info] > git for-each-ref --sort -committerdate --format %(refname)%00%(objectname)%00%(*objectname) [2ms]
2026-04-19 00:58:05.598 [info] [Git][getRemotes] No remotes found in the git config file
2026-04-19 00:58:05.604 [info] > git config --get commit.template [6ms]
2026-04-19 00:58:05.604 [info] > git for-each-ref --format=%(refname)%00%(upstream:short)%00%(objectname)%00%(upstream:track)%00%(upstream:remotename)%00%(upstream:remoteref) refs/heads/main refs/remotes/main [1ms]
2026-04-19 00:58:05.615 [info] > git status -z -uall [6ms]
2026-04-19 00:58:05.617 [info] > git for-each-ref --sort -committerdate --format %(refname)%00%(objectname)%00%(*objectname) [2ms]
2026-04-19 00:58:10.633 [info] [Git][getRemotes] No remotes found in the git config file
2026-04-19 00:58:10.633 [info] > git config --get commit.template [6ms]
2026-04-19 00:58:10.634 [info] > git for-each-ref --format=%(refname)%00%(upstream:short)%00%(objectname)%00%(upstream:track)%00%(upstream:remotename)%00%(upstream:remoteref) refs/heads/main refs/remotes/main [2ms]
2026-04-19 00:58:10.646 [info] > git status -z -uall [6ms]
2026-04-19 00:58:10.647 [info] > git for-each-ref --sort -committerdate --format %(refname)%00%(objectname)%00%(*objectname) [2ms]
2026-04-19 00:58:16.660 [info] [Git][getRemotes] No remotes found in the git config file
2026-04-19 00:58:16.666 [info] > git config --get commit.template [8ms]
2026-04-19 00:58:16.667 [info] > git for-each-ref --format=%(refname)%00%(upstream:short)%00%(objectname)%00%(upstream:track)%00%(upstream:remotename)%00%(upstream:remoteref) refs/heads/main refs/remotes/main [2ms]
2026-04-19 00:58:16.679 [info] > git status -z -uall [6ms]
2026-04-19 00:58:16.681 [info] > git for-each-ref --sort -committerdate --format %(refname)%00%(objectname)%00%(*objectname) [1ms]
2026-04-19 00:58:24.235 [info] [Git][getRemotes] No remotes found in the git config file
2026-04-19 00:58:24.235 [info] > git config --get commit.template [6ms]
2026-04-19 00:58:24.236 [info] > git for-each-ref --format=%(refname)%00%(upstream:short)%00%(objectname)%00%(upstream:track)%00%(upstream:remotename)%00%(upstream:remoteref) refs/heads/main refs/remotes/main [1ms]
2026-04-19 00:58:24.248 [info] > git status -z -uall [6ms]
2026-04-19 00:58:24.249 [info] > git for-each-ref --sort -committerdate --format %(refname)%00%(objectname)%00%(*objectname) [1ms]
2026-04-19 00:58:29.264 [info] [Git][getRemotes] No remotes found in the git config file
2026-04-19 00:58:29.265 [info] > git config --get commit.template [7ms]
2026-04-19 00:58:29.266 [info] > git for-each-ref --format=%(refname)%00%(upstream:short)%00%(objectname)%00%(upstream:track)%00%(upstream:remotename)%00%(upstream:remoteref) refs/heads/main refs/remotes/main [2ms]
2026-04-19 00:58:29.277 [info] > git status -z -uall [6ms]
2026-04-19 00:58:29.278 [info] > git for-each-ref --sort -committerdate --format %(refname)%00%(objectname)%00%(*objectname) [2ms]
2026-04-19 00:58:44.602 [info] [Git][getRemotes] No remotes found in the git config file
2026-04-19 00:58:44.603 [info] > git config --get commit.template [6ms]
2026-04-19 00:58:44.604 [info] > git for-each-ref --format=%(refname)%00%(upstream:short)%00%(objectname)%00%(upstream:track)%00%(upstream:remotename)%00%(upstream:remoteref) refs/heads/main refs/remotes/main [2ms]
2026-04-19 00:58:44.616 [info] > git status -z -uall [7ms]
2026-04-19 00:58:44.617 [info] > git for-each-ref --sort -committerdate --format %(refname)%00%(objectname)%00%(*objectname) [2ms]
2026-04-19 00:58:52.604 [info] [Git][getRemotes] No remotes found in the git config file
2026-04-19 00:58:52.604 [info] > git config --get commit.template [7ms]
2026-04-19 00:58:52.605 [info] > git for-each-ref --format=%(refname)%00%(upstream:short)%00%(objectname)%00%(upstream:track)%00%(upstream:remotename)%00%(upstream:remoteref) refs/heads/main refs/remotes/main [2ms]
2026-04-19 00:58:52.616 [info] > git status -z -uall [6ms]
2026-04-19 00:58:52.617 [info] > git for-each-ref --sort -committerdate --format %(refname)%00%(objectname)%00%(*objectname) [1ms]
2026-04-19 00:59:30.404 [info] > git config --get commit.template [5ms]
2026-04-19 00:59:30.405 [info] [Git][getRemotes] No remotes found in the git config file
2026-04-19 00:59:30.412 [info] > git for-each-ref --format=%(refname)%00%(upstream:short)%00%(objectname)%00%(upstream:track)%00%(upstream:remotename)%00%(upstream:remoteref) refs/heads/main refs/remotes/main [1ms]
2026-04-19 00:59:30.424 [info] > git status -z -uall [6ms]
2026-04-19 00:59:30.425 [info] > git for-each-ref --sort -committerdate --format %(refname)%00%(objectname)%00%(*objectname) [1ms]
2026-04-19 00:59:35.435 [info] > git config --get commit.template [1ms]
2026-04-19 00:59:35.441 [info] [Git][getRemotes] No remotes found in the git config file
2026-04-19 00:59:35.442 [info] > git for-each-ref --format=%(refname)%00%(upstream:short)%00%(objectname)%00%(upstream:track)%00%(upstream:remotename)%00%(upstream:remoteref) refs/heads/main refs/remotes/main [1ms]
2026-04-19 00:59:35.456 [info] > git status -z -uall [7ms]
2026-04-19 00:59:35.457 [info] > git for-each-ref --sort -committerdate --format %(refname)%00%(objectname)%00%(*objectname) [2ms]
2026-04-19 00:59:59.199 [info] [Git][getRemotes] No remotes found in the git config file
2026-04-19 00:59:59.200 [info] > git config --get commit.template [7ms]
2026-04-19 00:59:59.201 [info] > git for-each-ref --format=%(refname)%00%(upstream:short)%00%(objectname)%00%(upstream:track)%00%(upstream:remotename)%00%(upstream:remoteref) refs/heads/main refs/remotes/main [2ms]
2026-04-19 00:59:59.213 [info] > git status -z -uall [7ms]
2026-04-19 00:59:59.213 [info] > git for-each-ref --sort -committerdate --format %(refname)%00%(objectname)%00%(*objectname) [2ms]
2026-04-19 01:00:04.230 [info] [Git][getRemotes] No remotes found in the git config file
2026-04-19 01:00:04.231 [info] > git config --get commit.template [8ms]
2026-04-19 01:00:04.232 [info] > git for-each-ref --format=%(refname)%00%(upstream:short)%00%(objectname)%00%(upstream:track)%00%(upstream:remotename)%00%(upstream:remoteref) refs/heads/main refs/remotes/main [2ms]
2026-04-19 01:00:04.243 [info] > git status -z -uall [6ms]
2026-04-19 01:00:04.245 [info] > git for-each-ref --sort -committerdate --format %(refname)%00%(objectname)%00%(*objectname) [2ms]
2026-04-19 01:00:14.553 [info] [Git][getRemotes] No remotes found in the git config file
2026-04-19 01:00:14.553 [info] > git config --get commit.template [7ms]
2026-04-19 01:00:14.554 [info] > git for-each-ref --format=%(refname)%00%(upstream:short)%00%(objectname)%00%(upstream:track)%00%(upstream:remotename)%00%(upstream:remoteref) refs/heads/main refs/remotes/main [1ms]
2026-04-19 01:00:14.566 [info] > git status -z -uall [6ms]
2026-04-19 01:00:14.568 [info] > git for-each-ref --sort -committerdate --format %(refname)%00%(objectname)%00%(*objectname) [2ms]
2026-04-19 01:00:29.303 [info] [Git][getRemotes] No remotes found in the git config file
2026-04-19 01:00:29.304 [info] > git config --get commit.template [7ms]
2026-04-19 01:00:29.305 [info] > git for-each-ref --format=%(refname)%00%(upstream:short)%00%(objectname)%00%(upstream:track)%00%(upstream:remotename)%00%(upstream:remoteref) refs/heads/main refs/remotes/main [2ms]
2026-04-19 01:00:29.317 [info] > git status -z -uall [7ms]
2026-04-19 01:00:29.318 [info] > git for-each-ref --sort -committerdate --format %(refname)%00%(objectname)%00%(*objectname) [2ms]
2026-04-19 01:01:20.461 [info] [Git][getRemotes] No remotes found in the git config file
2026-04-19 01:01:20.467 [info] > git config --get commit.template [6ms]
2026-04-19 01:01:20.468 [info] > git for-each-ref --format=%(refname)%00%(upstream:short)%00%(objectname)%00%(upstream:track)%00%(upstream:remotename)%00%(upstream:remoteref) refs/heads/main refs/remotes/main [1ms]
2026-04-19 01:01:20.481 [info] > git status -z -uall [7ms]
2026-04-19 01:01:20.481 [info] > git for-each-ref --sort -committerdate --format %(refname)%00%(objectname)%00%(*objectname) [2ms]
2026-04-19 01:01:25.780 [info] [Git][getRemotes] No remotes found in the git config file
2026-04-19 01:01:25.781 [info] > git config --get commit.template [7ms]
2026-04-19 01:01:25.782 [info] > git for-each-ref --format=%(refname)%00%(upstream:short)%00%(objectname)%00%(upstream:track)%00%(upstream:remotename)%00%(upstream:remoteref) refs/heads/main refs/remotes/main [2ms]
2026-04-19 01:01:25.793 [info] > git status -z -uall [6ms]
2026-04-19 01:01:25.794 [info] > git for-each-ref --sort -committerdate --format %(refname)%00%(objectname)%00%(*objectname) [2ms]
2026-04-19 01:01:30.809 [info] [Git][getRemotes] No remotes found in the git config file
2026-04-19 01:01:30.809 [info] > git config --get commit.template [6ms]
2026-04-19 01:01:30.810 [info] > git for-each-ref --format=%(refname)%00%(upstream:short)%00%(objectname)%00%(upstream:track)%00%(upstream:remotename)%00%(upstream:remoteref) refs/heads/main refs/remotes/main [2ms]
2026-04-19 01:01:30.822 [info] > git status -z -uall [6ms]
2026-04-19 01:01:30.824 [info] > git for-each-ref --sort -committerdate --format %(refname)%00%(objectname)%00%(*objectname) [2ms]
2026-04-19 01:02:06.027 [info] [Git][getRemotes] No remotes found in the git config file
2026-04-19 01:02:06.028 [info] > git config --get commit.template [7ms]
2026-04-19 01:02:06.029 [info] > git for-each-ref --format=%(refname)%00%(upstream:short)%00%(objectname)%00%(upstream:track)%00%(upstream:remotename)%00%(upstream:remoteref) refs/heads/main refs/remotes/main [2ms]
2026-04-19 01:02:06.040 [info] > git status -z -uall [6ms]
2026-04-19 01:02:06.041 [info] > git for-each-ref --sort -committerdate --format %(refname)%00%(objectname)%00%(*objectname) [2ms]
2026-04-19 01:02:11.058 [info] [Git][getRemotes] No remotes found in the git config file
2026-04-19 01:02:11.058 [info] > git config --get commit.template [6ms]
2026-04-19 01:02:11.059 [info] > git for-each-ref --format=%(refname)%00%(upstream:short)%00%(objectname)%00%(upstream:track)%00%(upstream:remotename)%00%(upstream:remoteref) refs/heads/main refs/remotes/main [1ms]
2026-04-19 01:02:11.071 [info] > git status -z -uall [6ms]
2026-04-19 01:02:11.072 [info] > git for-each-ref --sort -committerdate --format %(refname)%00%(objectname)%00%(*objectname) [2ms]
2026-04-19 01:02:17.078 [info] [Git][getRemotes] No remotes found in the git config file
2026-04-19 01:02:17.084 [info] > git config --get commit.template [7ms]
2026-04-19 01:02:17.085 [info] > git for-each-ref --format=%(refname)%00%(upstream:short)%00%(objectname)%00%(upstream:track)%00%(upstream:remotename)%00%(upstream:remoteref) refs/heads/main refs/remotes/main [2ms]
2026-04-19 01:02:17.096 [info] > git status -z -uall [6ms]
2026-04-19 01:02:17.097 [info] > git for-each-ref --sort -committerdate --format %(refname)%00%(objectname)%00%(*objectname) [2ms]
2026-04-19 01:02:22.113 [info] [Git][getRemotes] No remotes found in the git config file
2026-04-19 01:02:22.113 [info] > git config --get commit.template [6ms]
2026-04-19 01:02:22.114 [info] > git for-each-ref --format=%(refname)%00%(upstream:short)%00%(objectname)%00%(upstream:track)%00%(upstream:remotename)%00%(upstream:remoteref) refs/heads/main refs/remotes/main [1ms]
2026-04-19 01:02:22.126 [info] > git status -z -uall [7ms]
2026-04-19 01:02:22.127 [info] > git for-each-ref --sort -committerdate --format %(refname)%00%(objectname)%00%(*objectname) [2ms]
2026-04-19 01:02:27.142 [info] [Git][getRemotes] No remotes found in the git config file
2026-04-19 01:02:27.143 [info] > git config --get commit.template [6ms]
2026-04-19 01:02:27.144 [info] > git for-each-ref --format=%(refname)%00%(upstream:short)%00%(objectname)%00%(upstream:track)%00%(upstream:remotename)%00%(upstream:remoteref) refs/heads/main refs/remotes/main [2ms]
2026-04-19 01:02:27.156 [info] > git status -z -uall [6ms]
2026-04-19 01:02:27.157 [info] > git for-each-ref --sort -committerdate --format %(refname)%00%(objectname)%00%(*objectname) [1ms]
2026-04-19 01:02:32.173 [info] [Git][getRemotes] No remotes found in the git config file
2026-04-19 01:02:32.174 [info] > git config --get commit.template [7ms]
2026-04-19 01:02:32.175 [info] > git for-each-ref --format=%(refname)%00%(upstream:short)%00%(objectname)%00%(upstream:track)%00%(upstream:remotename)%00%(upstream:remoteref) refs/heads/main refs/remotes/main [2ms]
2026-04-19 01:02:32.186 [info] > git status -z -uall [6ms]
2026-04-19 01:02:32.187 [info] > git for-each-ref --sort -committerdate --format %(refname)%00%(objectname)%00%(*objectname) [1ms]
2026-04-19 01:02:59.036 [info] > git config --get commit.template [1ms]
2026-04-19 01:02:59.042 [info] [Git][getRemotes] No remotes found in the git config file
2026-04-19 01:02:59.043 [info] > git for-each-ref --format=%(refname)%00%(upstream:short)%00%(objectname)%00%(upstream:track)%00%(upstream:remotename)%00%(upstream:remoteref) refs/heads/main refs/remotes/main [1ms]
2026-04-19 01:02:59.056 [info] > git status -z -uall [6ms]
2026-04-19 01:02:59.057 [info] > git for-each-ref --sort -committerdate --format %(refname)%00%(objectname)%00%(*objectname) [2ms]
2026-04-19 01:03:04.073 [info] [Git][getRemotes] No remotes found in the git config file
2026-04-19 01:03:04.073 [info] > git config --get commit.template [6ms]
2026-04-19 01:03:04.074 [info] > git for-each-ref --format=%(refname)%00%(upstream:short)%00%(objectname)%00%(upstream:track)%00%(upstream:remotename)%00%(upstream:remoteref) refs/heads/main refs/remotes/main [2ms]
2026-04-19 01:03:04.086 [info] > git status -z -uall [7ms]
2026-04-19 01:03:04.087 [info] > git for-each-ref --sort -committerdate --format %(refname)%00%(objectname)%00%(*objectname) [2ms]
2026-04-19 01:03:30.932 [info] > git config --get commit.template [1ms]
2026-04-19 01:03:30.939 [info] [Git][getRemotes] No remotes found in the git config file
2026-04-19 01:03:30.940 [info] > git for-each-ref --format=%(refname)%00%(upstream:short)%00%(objectname)%00%(upstream:track)%00%(upstream:remotename)%00%(upstream:remoteref) refs/heads/main refs/remotes/main [1ms]
2026-04-19 01:03:30.952 [info] > git status -z -uall [7ms]
2026-04-19 01:03:30.953 [info] > git for-each-ref --sort -committerdate --format %(refname)%00%(objectname)%00%(*objectname) [1ms]
2026-04-19 01:03:35.969 [info] [Git][getRemotes] No remotes found in the git config file
2026-04-19 01:03:35.969 [info] > git config --get commit.template [6ms]
2026-04-19 01:03:35.970 [info] > git for-each-ref --format=%(refname)%00%(upstream:short)%00%(objectname)%00%(upstream:track)%00%(upstream:remotename)%00%(upstream:remoteref) refs/heads/main refs/remotes/main [2ms]
2026-04-19 01:03:35.981 [info] > git status -z -uall [6ms]
2026-04-19 01:03:35.982 [info] > git for-each-ref --sort -committerdate --format %(refname)%00%(objectname)%00%(*objectname) [2ms]
2026-04-19 01:03:40.992 [info] [Git][getRemotes] No remotes found in the git config file
2026-04-19 01:03:40.999 [info] > git config --get commit.template [8ms]
2026-04-19 01:03:40.999 [info] > git for-each-ref --format=%(refname)%00%(upstream:short)%00%(objectname)%00%(upstream:track)%00%(upstream:remotename)%00%(upstream:remoteref) refs/heads/main refs/remotes/main [1ms]
2026-04-19 01:03:41.011 [info] > git status -z -uall [7ms]
2026-04-19 01:03:41.012 [info] > git for-each-ref --sort -committerdate --format %(refname)%00%(objectname)%00%(*objectname) [2ms]
2026-04-19 01:03:46.027 [info] [Git][getRemotes] No remotes found in the git config file
2026-04-19 01:03:46.028 [info] > git config --get commit.template [7ms]
2026-04-19 01:03:46.029 [info] > git for-each-ref --format=%(refname)%00%(upstream:short)%00%(objectname)%00%(upstream:track)%00%(upstream:remotename)%00%(upstream:remoteref) refs/heads/main refs/remotes/main [2ms]
2026-04-19 01:03:46.040 [info] > git status -z -uall [6ms]
2026-04-19 01:03:46.041 [info] > git for-each-ref --sort -committerdate --format %(refname)%00%(objectname)%00%(*objectname) [2ms]
2026-04-19 01:03:51.880 [info] [Git][getRemotes] No remotes found in the git config file
2026-04-19 01:03:51.881 [info] > git config --get commit.template [7ms]
2026-04-19 01:03:51.882 [info] > git for-each-ref --format=%(refname)%00%(upstream:short)%00%(objectname)%00%(upstream:track)%00%(upstream:remotename)%00%(upstream:remoteref) refs/heads/main refs/remotes/main [2ms]
2026-04-19 01:03:51.894 [info] > git status -z -uall [7ms]
2026-04-19 01:03:51.895 [info] > git for-each-ref --sort -committerdate --format %(refname)%00%(objectname)%00%(*objectname) [2ms]
2026-04-19 01:03:56.910 [info] [Git][getRemotes] No remotes found in the git config file
2026-04-19 01:03:56.911 [info] > git config --get commit.template [6ms]
2026-04-19 01:03:56.912 [info] > git for-each-ref --format=%(refname)%00%(upstream:short)%00%(objectname)%00%(upstream:track)%00%(upstream:remotename)%00%(upstream:remoteref) refs/heads/main refs/remotes/main [2ms]
2026-04-19 01:03:56.923 [info] > git status -z -uall [5ms]
2026-04-19 01:03:56.925 [info] > git for-each-ref --sort -committerdate --format %(refname)%00%(objectname)%00%(*objectname) [2ms]
2026-04-19 01:04:12.832 [info] [Git][getRemotes] No remotes found in the git config file
2026-04-19 01:04:12.839 [info] > git config --get commit.template [7ms]
2026-04-19 01:04:12.840 [info] > git for-each-ref --format=%(refname)%00%(upstream:short)%00%(objectname)%00%(upstream:track)%00%(upstream:remotename)%00%(upstream:remoteref) refs/heads/main refs/remotes/main [2ms]
2026-04-19 01:04:12.852 [info] > git status -z -uall [7ms]
2026-04-19 01:04:12.853 [info] > git for-each-ref --sort -committerdate --format %(refname)%00%(objectname)%00%(*objectname) [2ms]
2026-04-19 01:04:17.870 [info] [Git][getRemotes] No remotes found in the git config file
2026-04-19 01:04:17.871 [info] > git config --get commit.template [6ms]
2026-04-19 01:04:17.871 [info] > git for-each-ref --format=%(refname)%00%(upstream:short)%00%(objectname)%00%(upstream:track)%00%(upstream:remotename)%00%(upstream:remoteref) refs/heads/main refs/remotes/main [1ms]
2026-04-19 01:04:17.883 [info] > git status -z -uall [6ms]
2026-04-19 01:04:17.884 [info] > git for-each-ref --sort -committerdate --format %(refname)%00%(objectname)%00%(*objectname) [1ms]
2026-04-19 01:04:56.906 [info] [Git][getRemotes] No remotes found in the git config file
2026-04-19 01:04:56.906 [info] > git config --get commit.template [6ms]
2026-04-19 01:04:56.907 [info] > git for-each-ref --format=%(refname)%00%(upstream:short)%00%(objectname)%00%(upstream:track)%00%(upstream:remotename)%00%(upstream:remoteref) refs/heads/main refs/remotes/main [1ms]
2026-04-19 01:04:56.918 [info] > git status -z -uall [6ms]
2026-04-19 01:04:56.919 [info] > git for-each-ref --sort -committerdate --format %(refname)%00%(objectname)%00%(*objectname) [1ms]
2026-04-19 01:05:01.936 [info] [Git][getRemotes] No remotes found in the git config file
2026-04-19 01:05:01.936 [info] > git config --get commit.template [7ms]
2026-04-19 01:05:01.937 [info] > git for-each-ref --format=%(refname)%00%(upstream:short)%00%(objectname)%00%(upstream:track)%00%(upstream:remotename)%00%(upstream:remoteref) refs/heads/main refs/remotes/main [1ms]
2026-04-19 01:05:01.949 [info] > git status -z -uall [6ms]
2026-04-19 01:05:01.950 [info] > git for-each-ref --sort -committerdate --format %(refname)%00%(objectname)%00%(*objectname) [1ms]
2026-04-19 01:05:08.793 [info] [Git][getRemotes] No remotes found in the git config file
2026-04-19 01:05:08.794 [info] > git config --get commit.template [7ms]
2026-04-19 01:05:08.795 [info] > git for-each-ref --format=%(refname)%00%(upstream:short)%00%(objectname)%00%(upstream:track)%00%(upstream:remotename)%00%(upstream:remoteref) refs/heads/main refs/remotes/main [2ms]
2026-04-19 01:05:08.808 [info] > git status -z -uall [7ms]
2026-04-19 01:05:08.809 [info] > git for-each-ref --sort -committerdate --format %(refname)%00%(objectname)%00%(*objectname) [2ms]
2026-04-19 01:05:13.825 [info] [Git][getRemotes] No remotes found in the git config file
2026-04-19 01:05:13.825 [info] > git config --get commit.template [7ms]
2026-04-19 01:05:13.826 [info] > git for-each-ref --format=%(refname)%00%(upstream:short)%00%(objectname)%00%(upstream:track)%00%(upstream:remotename)%00%(upstream:remoteref) refs/heads/main refs/remotes/main [2ms]
2026-04-19 01:05:13.838 [info] > git status -z -uall [6ms]
2026-04-19 01:05:13.839 [info] > git for-each-ref --sort -committerdate --format %(refname)%00%(objectname)%00%(*objectname) [2ms]
2026-04-19 01:05:32.124 [info] [Git][getRemotes] No remotes found in the git config file
2026-04-19 01:05:32.124 [info] > git config --get commit.template [6ms]
2026-04-19 01:05:32.125 [info] > git for-each-ref --format=%(refname)%00%(upstream:short)%00%(objectname)%00%(upstream:track)%00%(upstream:remotename)%00%(upstream:remoteref) refs/heads/main refs/remotes/main [1ms]
2026-04-19 01:05:32.136 [info] > git status -z -uall [6ms]
2026-04-19 01:05:32.137 [info] > git for-each-ref --sort -committerdate --format %(refname)%00%(objectname)%00%(*objectname) [1ms]
2026-04-19 01:05:37.153 [info] [Git][getRemotes] No remotes found in the git config file
2026-04-19 01:05:37.154 [info] > git config --get commit.template [6ms]
2026-04-19 01:05:37.154 [info] > git for-each-ref --format=%(refname)%00%(upstream:short)%00%(objectname)%00%(upstream:track)%00%(upstream:remotename)%00%(upstream:remoteref) refs/heads/main refs/remotes/main [1ms]
2026-04-19 01:05:37.166 [info] > git status -z -uall [6ms]
2026-04-19 01:05:37.167 [info] > git for-each-ref --sort -committerdate --format %(refname)%00%(objectname)%00%(*objectname) [1ms]
2026-04-19 01:06:01.238 [info] [Git][getRemotes] No remotes found in the git config file
2026-04-19 01:06:01.239 [info] > git config --get commit.template [8ms]
2026-04-19 01:06:01.239 [info] > git for-each-ref --format=%(refname)%00%(upstream:short)%00%(objectname)%00%(upstream:track)%00%(upstream:remotename)%00%(upstream:remoteref) refs/heads/main refs/remotes/main [1ms]
2026-04-19 01:06:01.251 [info] > git status -z -uall [7ms]
2026-04-19 01:06:01.252 [info] > git for-each-ref --sort -committerdate --format %(refname)%00%(objectname)%00%(*objectname) [1ms]
2026-04-19 01:06:06.269 [info] [Git][getRemotes] No remotes found in the git config file
2026-04-19 01:06:06.269 [info] > git config --get commit.template [6ms]
2026-04-19 01:06:06.270 [info] > git for-each-ref --format=%(refname)%00%(upstream:short)%00%(objectname)%00%(upstream:track)%00%(upstream:remotename)%00%(upstream:remoteref) refs/heads/main refs/remotes/main [1ms]
2026-04-19 01:06:06.283 [info] > git status -z -uall [8ms]
2026-04-19 01:06:06.283 [info] > git for-each-ref --sort -committerdate --format %(refname)%00%(objectname)%00%(*objectname) [2ms]
2026-04-19 01:06:40.414 [info] [Git][getRemotes] No remotes found in the git config file
2026-04-19 01:06:40.422 [info] > git config --get commit.template [8ms]
2026-04-19 01:06:40.422 [info] > git for-each-ref --format=%(refname)%00%(upstream:short)%00%(objectname)%00%(upstream:track)%00%(upstream:remotename)%00%(upstream:remoteref) refs/heads/main refs/remotes/main [1ms]
2026-04-19 01:06:40.435 [info] > git status -z -uall [6ms]
2026-04-19 01:06:40.437 [info] > git for-each-ref --sort -committerdate --format %(refname)%00%(objectname)%00%(*objectname) [1ms]
2026-04-19 01:06:45.453 [info] [Git][getRemotes] No remotes found in the git config file
2026-04-19 01:06:45.454 [info] > git config --get commit.template [7ms]
2026-04-19 01:06:45.455 [info] > git for-each-ref --format=%(refname)%00%(upstream:short)%00%(objectname)%00%(upstream:track)%00%(upstream:remotename)%00%(upstream:remoteref) refs/heads/main refs/remotes/main [2ms]
2026-04-19 01:06:45.466 [info] > git status -z -uall [6ms]
2026-04-19 01:06:45.467 [info] > git for-each-ref --sort -committerdate --format %(refname)%00%(objectname)%00%(*objectname) [1ms]
2026-04-19 01:06:50.483 [info] > git config --get commit.template [4ms]
2026-04-19 01:06:50.484 [info] [Git][getRemotes] No remotes found in the git config file
2026-04-19 01:06:50.492 [info] > git for-each-ref --format=%(refname)%00%(upstream:short)%00%(objectname)%00%(upstream:track)%00%(upstream:remotename)%00%(upstream:remoteref) refs/heads/main refs/remotes/main [2ms]
2026-04-19 01:06:50.506 [info] > git status -z -uall [7ms]
2026-04-19 01:06:50.507 [info] > git for-each-ref --sort -committerdate --format %(refname)%00%(objectname)%00%(*objectname) [1ms]
2026-04-19 01:06:55.522 [info] [Git][getRemotes] No remotes found in the git config file
2026-04-19 01:06:55.522 [info] > git config --get commit.template [6ms]
2026-04-19 01:06:55.523 [info] > git for-each-ref --format=%(refname)%00%(upstream:short)%00%(objectname)%00%(upstream:track)%00%(upstream:remotename)%00%(upstream:remoteref) refs/heads/main refs/remotes/main [2ms]
2026-04-19 01:06:55.534 [info] > git status -z -uall [6ms]
2026-04-19 01:06:55.535 [info] > git for-each-ref --sort -committerdate --format %(refname)%00%(objectname)%00%(*objectname) [1ms]
2026-04-19 01:07:00.546 [info] [Git][getRemotes] No remotes found in the git config file
2026-04-19 01:07:00.553 [info] > git config --get commit.template [8ms]
2026-04-19 01:07:00.554 [info] > git for-each-ref --format=%(refname)%00%(upstream:short)%00%(objectname)%00%(upstream:track)%00%(upstream:remotename)%00%(upstream:remoteref) refs/heads/main refs/remotes/main [1ms]
2026-04-19 01:07:00.566 [info] > git status -z -uall [6ms]
2026-04-19 01:07:00.568 [info] > git for-each-ref --sort -committerdate --format %(refname)%00%(objectname)%00%(*objectname) [2ms]
2026-04-19 01:07:08.122 [info] [Git][getRemotes] No remotes found in the git config file
2026-04-19 01:07:08.123 [info] > git for-each-ref --format=%(refname)%00%(upstream:short)%00%(objectname)%00%(upstream:track)%00%(upstream:remotename)%00%(upstream:remoteref) refs/heads/main refs/remotes/main [1ms]
2026-04-19 01:07:08.123 [info] > git config --get commit.template [8ms]
2026-04-19 01:07:08.135 [info] > git status -z -uall [7ms]
2026-04-19 01:07:08.136 [info] > git for-each-ref --sort -committerdate --format %(refname)%00%(objectname)%00%(*objectname) [2ms]
2026-04-19 01:07:13.152 [info] [Git][getRemotes] No remotes found in the git config file
2026-04-19 01:07:13.152 [info] > git config --get commit.template [7ms]
2026-04-19 01:07:13.153 [info] > git for-each-ref --format=%(refname)%00%(upstream:short)%00%(objectname)%00%(upstream:track)%00%(upstream:remotename)%00%(upstream:remoteref) refs/heads/main refs/remotes/main [1ms]
2026-04-19 01:07:13.166 [info] > git status -z -uall [7ms]
2026-04-19 01:07:13.166 [info] > git for-each-ref --sort -committerdate --format %(refname)%00%(objectname)%00%(*objectname) [1ms]
2026-04-19 01:07:18.177 [info] [Git][getRemotes] No remotes found in the git config file
2026-04-19 01:07:18.183 [info] > git config --get commit.template [7ms]
2026-04-19 01:07:18.184 [info] > git for-each-ref --format=%(refname)%00%(upstream:short)%00%(objectname)%00%(upstream:track)%00%(upstream:remotename)%00%(upstream:remoteref) refs/heads/main refs/remotes/main [2ms]
2026-04-19 01:07:18.195 [info] > git status -z -uall [6ms]
2026-04-19 01:07:18.196 [info] > git for-each-ref --sort -committerdate --format %(refname)%00%(objectname)%00%(*objectname) [1ms]
2026-04-19 01:07:58.067 [info] [Git][getRemotes] No remotes found in the git config file
2026-04-19 01:07:58.068 [info] > git config --get commit.template [9ms]
2026-04-19 01:07:58.069 [info] > git for-each-ref --format=%(refname)%00%(upstream:short)%00%(objectname)%00%(upstream:track)%00%(upstream:remotename)%00%(upstream:remoteref) refs/heads/main refs/remotes/main [2ms]
2026-04-19 01:07:58.082 [info] > git status -z -uall [7ms]
2026-04-19 01:07:58.083 [info] > git for-each-ref --sort -committerdate --format %(refname)%00%(objectname)%00%(*objectname) [2ms]
2026-04-19 01:08:03.099 [info] [Git][getRemotes] No remotes found in the git config file
2026-04-19 01:08:03.100 [info] > git config --get commit.template [7ms]
2026-04-19 01:08:03.101 [info] > git for-each-ref --format=%(refname)%00%(upstream:short)%00%(objectname)%00%(upstream:track)%00%(upstream:remotename)%00%(upstream:remoteref) refs/heads/main refs/remotes/main [2ms]
2026-04-19 01:08:03.112 [info] > git status -z -uall [6ms]
2026-04-19 01:08:03.113 [info] > git for-each-ref --sort -committerdate --format %(refname)%00%(objectname)%00%(*objectname) [2ms]
2026-04-19 01:09:45.490 [info] [Git][getRemotes] No remotes found in the git config file
2026-04-19 01:09:45.491 [info] > git config --get commit.template [6ms]
2026-04-19 01:09:45.492 [info] > git for-each-ref --format=%(refname)%00%(upstream:short)%00%(objectname)%00%(upstream:track)%00%(upstream:remotename)%00%(upstream:remoteref) refs/heads/main refs/remotes/main [2ms]
2026-04-19 01:09:45.504 [info] > git status -z -uall [7ms]
2026-04-19 01:09:45.504 [info] > git for-each-ref --sort -committerdate --format %(refname)%00%(objectname)%00%(*objectname) [1ms]
2026-04-19 01:09:50.516 [info] [Git][getRemotes] No remotes found in the git config file
2026-04-19 01:09:50.523 [info] > git config --get commit.template [7ms]
2026-04-19 01:09:50.523 [info] > git for-each-ref --format=%(refname)%00%(upstream:short)%00%(objectname)%00%(upstream:track)%00%(upstream:remotename)%00%(upstream:remoteref) refs/heads/main refs/remotes/main [1ms]
2026-04-19 01:09:50.535 [info] > git status -z -uall [6ms]
2026-04-19 01:09:50.536 [info] > git for-each-ref --sort -committerdate --format %(refname)%00%(objectname)%00%(*objectname) [2ms]
2026-04-19 01:13:35.496 [info] [Git][getRemotes] No remotes found in the git config file
2026-04-19 01:13:35.497 [info] > git config --get commit.template [7ms]
2026-04-19 01:13:35.497 [info] > git for-each-ref --format=%(refname)%00%(upstream:short)%00%(objectname)%00%(upstream:track)%00%(upstream:remotename)%00%(upstream:remoteref) refs/heads/main refs/remotes/main [1ms]
2026-04-19 01:13:35.509 [info] > git status -z -uall [6ms]
2026-04-19 01:13:35.510 [info] > git for-each-ref --sort -committerdate --format %(refname)%00%(objectname)%00%(*objectname) [2ms]
2026-04-19 01:13:40.528 [info] [Git][getRemotes] No remotes found in the git config file
2026-04-19 01:13:40.528 [info] > git config --get commit.template [7ms]
2026-04-19 01:13:40.529 [info] > git for-each-ref --format=%(refname)%00%(upstream:short)%00%(objectname)%00%(upstream:track)%00%(upstream:remotename)%00%(upstream:remoteref) refs/heads/main refs/remotes/main [1ms]
2026-04-19 01:13:40.542 [info] > git status -z -uall [7ms]
2026-04-19 01:13:40.542 [info] > git for-each-ref --sort -committerdate --format %(refname)%00%(objectname)%00%(*objectname) [2ms]
2026-04-19 01:13:50.469 [info] [Git][getRemotes] No remotes found in the git config file
2026-04-19 01:13:50.470 [info] > git config --get commit.template [7ms]
2026-04-19 01:13:50.471 [info] > git for-each-ref --format=%(refname)%00%(upstream:short)%00%(objectname)%00%(upstream:track)%00%(upstream:remotename)%00%(upstream:remoteref) refs/heads/main refs/remotes/main [2ms]
2026-04-19 01:13:50.482 [info] > git status -z -uall [6ms]
2026-04-19 01:13:50.483 [info] > git for-each-ref --sort -committerdate --format %(refname)%00%(objectname)%00%(*objectname) [1ms]
2026-04-19 01:13:55.494 [info] [Git][getRemotes] No remotes found in the git config file
2026-04-19 01:13:55.501 [info] > git config --get commit.template [8ms]
2026-04-19 01:13:55.501 [info] > git for-each-ref --format=%(refname)%00%(upstream:short)%00%(objectname)%00%(upstream:track)%00%(upstream:remotename)%00%(upstream:remoteref) refs/heads/main refs/remotes/main [1ms]
2026-04-19 01:13:55.512 [info] > git status -z -uall [6ms]
2026-04-19 01:13:55.513 [info] > git for-each-ref --sort -committerdate --format %(refname)%00%(objectname)%00%(*objectname) [2ms]
2026-04-19 01:14:02.260 [info] [Git][getRemotes] No remotes found in the git config file
2026-04-19 01:14:02.260 [info] > git config --get commit.template [6ms]
2026-04-19 01:14:02.261 [info] > git for-each-ref --format=%(refname)%00%(upstream:short)%00%(objectname)%00%(upstream:track)%00%(upstream:remotename)%00%(upstream:remoteref) refs/heads/main refs/remotes/main [1ms]
2026-04-19 01:14:02.274 [info] > git status -z -uall [7ms]
2026-04-19 01:14:02.275 [info] > git for-each-ref --sort -committerdate --format %(refname)%00%(objectname)%00%(*objectname) [1ms]
2026-04-19 01:14:07.293 [info] [Git][getRemotes] No remotes found in the git config file
2026-04-19 01:14:07.293 [info] > git config --get commit.template [7ms]
2026-04-19 01:14:07.294 [info] > git for-each-ref --format=%(refname)%00%(upstream:short)%00%(objectname)%00%(upstream:track)%00%(upstream:remotename)%00%(upstream:remoteref) refs/heads/main refs/remotes/main [1ms]
2026-04-19 01:14:07.306 [info] > git status -z -uall [7ms]
2026-04-19 01:14:07.307 [info] > git for-each-ref --sort -committerdate --format %(refname)%00%(objectname)%00%(*objectname) [2ms]
2026-04-19 01:14:12.491 [info] [Git][getRemotes] No remotes found in the git config file
2026-04-19 01:14:12.497 [info] > git config --get commit.template [6ms]
2026-04-19 01:14:12.498 [info] > git for-each-ref --format=%(refname)%00%(upstream:short)%00%(objectname)%00%(upstream:track)%00%(upstream:remotename)%00%(upstream:remoteref) refs/heads/main refs/remotes/main [1ms]
2026-04-19 01:14:12.510 [info] > git status -z -uall [7ms]
2026-04-19 01:14:12.511 [info] > git for-each-ref --sort -committerdate --format %(refname)%00%(objectname)%00%(*objectname) [2ms]
2026-04-19 01:14:18.939 [info] > git config --get commit.template [1ms]
2026-04-19 01:14:18.945 [info] [Git][getRemotes] No remotes found in the git config file
2026-04-19 01:14:18.946 [info] > git for-each-ref --format=%(refname)%00%(upstream:short)%00%(objectname)%00%(upstream:track)%00%(upstream:remotename)%00%(upstream:remoteref) refs/heads/main refs/remotes/main [1ms]
2026-04-19 01:14:18.957 [info] > git status -z -uall [5ms]
2026-04-19 01:14:18.959 [info] > git for-each-ref --sort -committerdate --format %(refname)%00%(objectname)%00%(*objectname) [2ms]
2026-04-19 01:14:34.992 [info] [Git][getRemotes] No remotes found in the git config file
2026-04-19 01:14:34.992 [info] > git config --get commit.template [6ms]
2026-04-19 01:14:34.993 [info] > git for-each-ref --format=%(refname)%00%(upstream:short)%00%(objectname)%00%(upstream:track)%00%(upstream:remotename)%00%(upstream:remoteref) refs/heads/main refs/remotes/main [1ms]
2026-04-19 01:14:35.005 [info] > git status -z -uall [7ms]
2026-04-19 01:14:35.006 [info] > git for-each-ref --sort -committerdate --format %(refname)%00%(objectname)%00%(*objectname) [1ms]
2026-04-19 01:14:40.018 [info] [Git][getRemotes] No remotes found in the git config file
2026-04-19 01:14:40.025 [info] > git config --get commit.template [7ms]
2026-04-19 01:14:40.026 [info] > git for-each-ref --format=%(refname)%00%(upstream:short)%00%(objectname)%00%(upstream:track)%00%(upstream:remotename)%00%(upstream:remoteref) refs/heads/main refs/remotes/main [2ms]
2026-04-19 01:14:40.040 [info] > git status -z -uall [8ms]
2026-04-19 01:14:40.040 [info] > git for-each-ref --sort -committerdate --format %(refname)%00%(objectname)%00%(*objectname) [2ms]
2026-04-19 01:14:47.293 [info] [Git][getRemotes] No remotes found in the git config file
2026-04-19 01:14:47.293 [info] > git config --get commit.template [6ms]
2026-04-19 01:14:47.294 [info] > git for-each-ref --format=%(refname)%00%(upstream:short)%00%(objectname)%00%(upstream:track)%00%(upstream:remotename)%00%(upstream:remoteref) refs/heads/main refs/remotes/main [1ms]
2026-04-19 01:14:47.307 [info] > git status -z -uall [7ms]
2026-04-19 01:14:47.308 [info] > git for-each-ref --sort -committerdate --format %(refname)%00%(objectname)%00%(*objectname) [2ms]
2026-04-19 01:14:52.324 [info] [Git][getRemotes] No remotes found in the git config file
2026-04-19 01:14:52.324 [info] > git config --get commit.template [6ms]
2026-04-19 01:14:52.325 [info] > git for-each-ref --format=%(refname)%00%(upstream:short)%00%(objectname)%00%(upstream:track)%00%(upstream:remotename)%00%(upstream:remoteref) refs/heads/main refs/remotes/main [1ms]
2026-04-19 01:14:52.337 [info] > git status -z -uall [6ms]
2026-04-19 01:14:52.338 [info] > git for-each-ref --sort -committerdate --format %(refname)%00%(objectname)%00%(*objectname) [2ms]
2026-04-19 01:15:24.220 [info] [Git][getRemotes] No remotes found in the git config file
2026-04-19 01:15:24.220 [info] > git config --get commit.template [7ms]
2026-04-19 01:15:24.221 [info] > git for-each-ref --format=%(refname)%00%(upstream:short)%00%(objectname)%00%(upstream:track)%00%(upstream:remotename)%00%(upstream:remoteref) refs/heads/main refs/remotes/main [1ms]
2026-04-19 01:15:24.233 [info] > git status -z -uall [6ms]
2026-04-19 01:15:24.234 [info] > git for-each-ref --sort -committerdate --format %(refname)%00%(objectname)%00%(*objectname) [2ms]
2026-04-19 01:15:29.244 [info] > git config --get commit.template [1ms]
2026-04-19 01:15:29.244 [info] [Git][getRemotes] No remotes found in the git config file
2026-04-19 01:15:29.251 [info] > git for-each-ref --format=%(refname)%00%(upstream:short)%00%(objectname)%00%(upstream:track)%00%(upstream:remotename)%00%(upstream:remoteref) refs/heads/main refs/remotes/main [1ms]
2026-04-19 01:15:29.263 [info] > git status -z -uall [6ms]
2026-04-19 01:15:29.264 [info] > git for-each-ref --sort -committerdate --format %(refname)%00%(objectname)%00%(*objectname) [2ms]
2026-04-19 01:15:39.887 [info] [Git][getRemotes] No remotes found in the git config file
2026-04-19 01:15:39.887 [info] > git config --get commit.template [6ms]
2026-04-19 01:15:39.888 [info] > git for-each-ref --format=%(refname)%00%(upstream:short)%00%(objectname)%00%(upstream:track)%00%(upstream:remotename)%00%(upstream:remoteref) refs/heads/main refs/remotes/main [1ms]
2026-04-19 01:15:39.900 [info] > git status -z -uall [6ms]
2026-04-19 01:15:39.901 [info] > git for-each-ref --sort -committerdate --format %(refname)%00%(objectname)%00%(*objectname) [2ms]
2026-04-19 01:15:44.913 [info] > git config --get commit.template [2ms]
2026-04-19 01:15:44.919 [info] [Git][getRemotes] No remotes found in the git config file
2026-04-19 01:15:44.920 [info] > git for-each-ref --format=%(refname)%00%(upstream:short)%00%(objectname)%00%(upstream:track)%00%(upstream:remotename)%00%(upstream:remoteref) refs/heads/main refs/remotes/main [2ms]
2026-04-19 01:15:44.932 [info] > git status -z -uall [6ms]
2026-04-19 01:15:44.933 [info] > git for-each-ref --sort -committerdate --format %(refname)%00%(objectname)%00%(*objectname) [2ms]
2026-04-19 01:16:35.994 [info] [Git][getRemotes] No remotes found in the git config file
2026-04-19 01:16:35.995 [info] > git config --get commit.template [7ms]
2026-04-19 01:16:35.995 [info] > git for-each-ref --format=%(refname)%00%(upstream:short)%00%(objectname)%00%(upstream:track)%00%(upstream:remotename)%00%(upstream:remoteref) refs/heads/main refs/remotes/main [1ms]
2026-04-19 01:16:36.007 [info] > git status -z -uall [6ms]
2026-04-19 01:16:36.008 [info] > git for-each-ref --sort -committerdate --format %(refname)%00%(objectname)%00%(*objectname) [1ms]
2026-04-19 01:16:41.025 [info] [Git][getRemotes] No remotes found in the git config file
2026-04-19 01:16:41.025 [info] > git config --get commit.template [7ms]
2026-04-19 01:16:41.026 [info] > git for-each-ref --format=%(refname)%00%(upstream:short)%00%(objectname)%00%(upstream:track)%00%(upstream:remotename)%00%(upstream:remoteref) refs/heads/main refs/remotes/main [1ms]
2026-04-19 01:16:41.037 [info] > git status -z -uall [6ms]
2026-04-19 01:16:41.038 [info] > git for-each-ref --sort -committerdate --format %(refname)%00%(objectname)%00%(*objectname) [1ms]
2026-04-19 01:17:20.577 [info] [Git][getRemotes] No remotes found in the git config file
2026-04-19 01:17:20.583 [info] > git config --get commit.template [7ms]
2026-04-19 01:17:20.584 [info] > git for-each-ref --format=%(refname)%00%(upstream:short)%00%(objectname)%00%(upstream:track)%00%(upstream:remotename)%00%(upstream:remoteref) refs/heads/main refs/remotes/main [2ms]
2026-04-19 01:17:20.596 [info] > git status -z -uall [6ms]
2026-04-19 01:17:20.597 [info] > git for-each-ref --sort -committerdate --format %(refname)%00%(objectname)%00%(*objectname) [2ms]
2026-04-19 01:17:25.613 [info] [Git][getRemotes] No remotes found in the git config file
2026-04-19 01:17:25.614 [info] > git config --get commit.template [6ms]
2026-04-19 01:17:25.615 [info] > git for-each-ref --format=%(refname)%00%(upstream:short)%00%(objectname)%00%(upstream:track)%00%(upstream:remotename)%00%(upstream:remoteref) refs/heads/main refs/remotes/main [2ms]
2026-04-19 01:17:25.627 [info] > git status -z -uall [7ms]
2026-04-19 01:17:25.628 [info] > git for-each-ref --sort -committerdate --format %(refname)%00%(objectname)%00%(*objectname) [2ms]
2026-04-19 01:17:33.838 [info] [Git][getRemotes] No remotes found in the git config file
2026-04-19 01:17:33.839 [info] > git config --get commit.template [8ms]
2026-04-19 01:17:33.840 [info] > git for-each-ref --format=%(refname)%00%(upstream:short)%00%(objectname)%00%(upstream:track)%00%(upstream:remotename)%00%(upstream:remoteref) refs/heads/main refs/remotes/main [2ms]
2026-04-19 01:17:33.852 [info] > git status -z -uall [7ms]
2026-04-19 01:17:33.853 [info] > git for-each-ref --sort -committerdate --format %(refname)%00%(objectname)%00%(*objectname) [2ms]
2026-04-19 01:17:38.868 [info] [Git][getRemotes] No remotes found in the git config file
2026-04-19 01:17:38.869 [info] > git config --get commit.template [7ms]
2026-04-19 01:17:38.870 [info] > git for-each-ref --format=%(refname)%00%(upstream:short)%00%(objectname)%00%(upstream:track)%00%(upstream:remotename)%00%(upstream:remoteref) refs/heads/main refs/remotes/main [2ms]
2026-04-19 01:17:38.882 [info] > git status -z -uall [6ms]
2026-04-19 01:17:38.883 [info] > git for-each-ref --sort -committerdate --format %(refname)%00%(objectname)%00%(*objectname) [2ms]
2026-04-19 01:17:48.944 [info] [Git][getRemotes] No remotes found in the git config file
2026-04-19 01:17:48.945 [info] > git config --get commit.template [7ms]
2026-04-19 01:17:48.946 [info] > git for-each-ref --format=%(refname)%00%(upstream:short)%00%(objectname)%00%(upstream:track)%00%(upstream:remotename)%00%(upstream:remoteref) refs/heads/main refs/remotes/main [2ms]
2026-04-19 01:17:48.957 [info] > git status -z -uall [6ms]
2026-04-19 01:17:48.958 [info] > git for-each-ref --sort -committerdate --format %(refname)%00%(objectname)%00%(*objectname) [1ms]
2026-04-19 01:17:53.975 [info] [Git][getRemotes] No remotes found in the git config file
2026-04-19 01:17:53.975 [info] > git config --get commit.template [6ms]
2026-04-19 01:17:53.977 [info] > git for-each-ref --format=%(refname)%00%(upstream:short)%00%(objectname)%00%(upstream:track)%00%(upstream:remotename)%00%(upstream:remoteref) refs/heads/main refs/remotes/main [2ms]
2026-04-19 01:17:53.988 [info] > git status -z -uall [6ms]
2026-04-19 01:17:53.989 [info] > git for-each-ref --sort -committerdate --format %(refname)%00%(objectname)%00%(*objectname) [2ms]
2026-04-19 01:19:11.565 [info] [Git][getRemotes] No remotes found in the git config file
2026-04-19 01:19:11.565 [info] > git config --get commit.template [7ms]
2026-04-19 01:19:11.566 [info] > git for-each-ref --format=%(refname)%00%(upstream:short)%00%(objectname)%00%(upstream:track)%00%(upstream:remotename)%00%(upstream:remoteref) refs/heads/main refs/remotes/main [1ms]
2026-04-19 01:19:11.578 [info] > git status -z -uall [6ms]
2026-04-19 01:19:11.579 [info] > git for-each-ref --sort -committerdate --format %(refname)%00%(objectname)%00%(*objectname) [1ms]
2026-04-19 01:19:16.595 [info] [Git][getRemotes] No remotes found in the git config file
2026-04-19 01:19:16.595 [info] > git config --get commit.template [7ms]
2026-04-19 01:19:16.596 [info] > git for-each-ref --format=%(refname)%00%(upstream:short)%00%(objectname)%00%(upstream:track)%00%(upstream:remotename)%00%(upstream:remoteref) refs/heads/main refs/remotes/main [2ms]
2026-04-19 01:19:16.608 [info] > git status -z -uall [7ms]
2026-04-19 01:19:16.608 [info] > git for-each-ref --sort -committerdate --format %(refname)%00%(objectname)%00%(*objectname) [2ms]
2026-04-19 01:19:29.464 [info] [Git][getRemotes] No remotes found in the git config file
2026-04-19 01:19:29.464 [info] > git config --get commit.template [7ms]
2026-04-19 01:19:29.466 [info] > git for-each-ref --format=%(refname)%00%(upstream:short)%00%(objectname)%00%(upstream:track)%00%(upstream:remotename)%00%(upstream:remoteref) refs/heads/main refs/remotes/main [2ms]
2026-04-19 01:19:29.478 [info] > git status -z -uall [7ms]
2026-04-19 01:19:29.478 [info] > git for-each-ref --sort -committerdate --format %(refname)%00%(objectname)%00%(*objectname) [2ms]
2026-04-19 01:19:34.495 [info] [Git][getRemotes] No remotes found in the git config file
2026-04-19 01:19:34.495 [info] > git config --get commit.template [6ms]
2026-04-19 01:19:34.496 [info] > git for-each-ref --format=%(refname)%00%(upstream:short)%00%(objectname)%00%(upstream:track)%00%(upstream:remotename)%00%(upstream:remoteref) refs/heads/main refs/remotes/main [1ms]
2026-04-19 01:19:34.508 [info] > git status -z -uall [7ms]
2026-04-19 01:19:34.509 [info] > git for-each-ref --sort -committerdate --format %(refname)%00%(objectname)%00%(*objectname) [2ms]
2026-04-19 01:19:40.294 [info] [Git][getRemotes] No remotes found in the git config file
2026-04-19 01:19:40.294 [info] > git config --get commit.template [8ms]
2026-04-19 01:19:40.296 [info] > git for-each-ref --format=%(refname)%00%(upstream:short)%00%(objectname)%00%(upstream:track)%00%(upstream:remotename)%00%(upstream:remoteref) refs/heads/main refs/remotes/main [1ms]
2026-04-19 01:19:40.308 [info] > git status -z -uall [7ms]
2026-04-19 01:19:40.309 [info] > git for-each-ref --sort -committerdate --format %(refname)%00%(objectname)%00%(*objectname) [1ms]
2026-04-19 01:19:45.321 [info] > git config --get commit.template [2ms]
2026-04-19 01:19:45.327 [info] [Git][getRemotes] No remotes found in the git config file
2026-04-19 01:19:45.328 [info] > git for-each-ref --format=%(refname)%00%(upstream:short)%00%(objectname)%00%(upstream:track)%00%(upstream:remotename)%00%(upstream:remoteref) refs/heads/main refs/remotes/main [1ms]
2026-04-19 01:19:45.341 [info] > git status -z -uall [7ms]
2026-04-19 01:19:45.342 [info] > git for-each-ref --sort -committerdate --format %(refname)%00%(objectname)%00%(*objectname) [2ms]
2026-04-19 01:19:50.358 [info] [Git][getRemotes] No remotes found in the git config file
2026-04-19 01:19:50.358 [info] > git config --get commit.template [6ms]
2026-04-19 01:19:50.359 [info] > git for-each-ref --format=%(refname)%00%(upstream:short)%00%(objectname)%00%(upstream:track)%00%(upstream:remotename)%00%(upstream:remoteref) refs/heads/main refs/remotes/main [1ms]
2026-04-19 01:19:50.371 [info] > git status -z -uall [6ms]
2026-04-19 01:19:50.372 [info] > git for-each-ref --sort -committerdate --format %(refname)%00%(objectname)%00%(*objectname) [2ms]
2026-04-19 01:20:00.382 [info] [Git][getRemotes] No remotes found in the git config file
2026-04-19 01:20:00.382 [info] > git config --get commit.template [6ms]
2026-04-19 01:20:00.383 [info] > git for-each-ref --format=%(refname)%00%(upstream:short)%00%(objectname)%00%(upstream:track)%00%(upstream:remotename)%00%(upstream:remoteref) refs/heads/main refs/remotes/main [1ms]
2026-04-19 01:20:00.395 [info] > git status -z -uall [6ms]
2026-04-19 01:20:00.396 [info] > git for-each-ref --sort -committerdate --format %(refname)%00%(objectname)%00%(*objectname) [2ms]
2026-04-19 01:20:05.407 [info] [Git][getRemotes] No remotes found in the git config file
2026-04-19 01:20:05.414 [info] > git config --get commit.template [7ms]
2026-04-19 01:20:05.416 [info] > git for-each-ref --format=%(refname)%00%(upstream:short)%00%(objectname)%00%(upstream:track)%00%(upstream:remotename)%00%(upstream:remoteref) refs/heads/main refs/remotes/main [1ms]
2026-04-19 01:20:05.430 [info] > git status -z -uall [8ms]
2026-04-19 01:20:05.431 [info] > git for-each-ref --sort -committerdate --format %(refname)%00%(objectname)%00%(*objectname) [2ms]
2026-04-19 01:20:14.134 [info] > git config --get commit.template [2ms]
2026-04-19 01:20:14.140 [info] [Git][getRemotes] No remotes found in the git config file
2026-04-19 01:20:14.142 [info] > git for-each-ref --format=%(refname)%00%(upstream:short)%00%(objectname)%00%(upstream:track)%00%(upstream:remotename)%00%(upstream:remoteref) refs/heads/main refs/remotes/main [2ms]
2026-04-19 01:20:14.153 [info] > git status -z -uall [6ms]
2026-04-19 01:20:14.154 [info] > git for-each-ref --sort -committerdate --format %(refname)%00%(objectname)%00%(*objectname) [1ms]
2026-04-19 01:20:19.171 [info] [Git][getRemotes] No remotes found in the git config file
2026-04-19 01:20:19.171 [info] > git config --get commit.template [7ms]
2026-04-19 01:20:19.172 [info] > git for-each-ref --format=%(refname)%00%(upstream:short)%00%(objectname)%00%(upstream:track)%00%(upstream:remotename)%00%(upstream:remoteref) refs/heads/main refs/remotes/main [1ms]
2026-04-19 01:20:19.186 [info] > git status -z -uall [8ms]
2026-04-19 01:20:19.186 [info] > git for-each-ref --sort -committerdate --format %(refname)%00%(objectname)%00%(*objectname) [2ms]
2026-04-19 01:21:33.394 [info] [Git][getRemotes] No remotes found in the git config file
2026-04-19 01:21:33.395 [info] > git config --get commit.template [8ms]
2026-04-19 01:21:33.396 [info] > git for-each-ref --format=%(refname)%00%(upstream:short)%00%(objectname)%00%(upstream:track)%00%(upstream:remotename)%00%(upstream:remoteref) refs/heads/main refs/remotes/main [2ms]
2026-04-19 01:21:33.408 [info] > git status -z -uall [6ms]
2026-04-19 01:21:33.409 [info] > git for-each-ref --sort -committerdate --format %(refname)%00%(objectname)%00%(*objectname) [1ms]
2026-04-19 01:21:46.734 [info] [Git][getRemotes] No remotes found in the git config file
2026-04-19 01:21:46.741 [info] > git config --get commit.template [8ms]
2026-04-19 01:21:46.741 [info] > git for-each-ref --format=%(refname)%00%(upstream:short)%00%(objectname)%00%(upstream:track)%00%(upstream:remotename)%00%(upstream:remoteref) refs/heads/main refs/remotes/main [1ms]
2026-04-19 01:21:46.753 [info] > git status -z -uall [6ms]
2026-04-19 01:21:46.754 [info] > git for-each-ref --sort -committerdate --format %(refname)%00%(objectname)%00%(*objectname) [2ms]
2026-04-19 01:21:51.763 [info] [Git][getRemotes] No remotes found in the git config file
2026-04-19 01:21:51.769 [info] > git config --get commit.template [6ms]
2026-04-19 01:21:51.770 [info] > git for-each-ref --format=%(refname)%00%(upstream:short)%00%(objectname)%00%(upstream:track)%00%(upstream:remotename)%00%(upstream:remoteref) refs/heads/main refs/remotes/main [1ms]
2026-04-19 01:21:51.782 [info] > git status -z -uall [6ms]
2026-04-19 01:21:51.783 [info] > git for-each-ref --sort -committerdate --format %(refname)%00%(objectname)%00%(*objectname) [1ms]
2026-04-19 01:21:56.799 [info] [Git][getRemotes] No remotes found in the git config file
2026-04-19 01:21:56.800 [info] > git config --get commit.template [7ms]
2026-04-19 01:21:56.800 [info] > git for-each-ref --format=%(refname)%00%(upstream:short)%00%(objectname)%00%(upstream:track)%00%(upstream:remotename)%00%(upstream:remoteref) refs/heads/main refs/remotes/main [1ms]
2026-04-19 01:21:56.812 [info] > git status -z -uall [6ms]
2026-04-19 01:21:56.813 [info] > git for-each-ref --sort -committerdate --format %(refname)%00%(objectname)%00%(*objectname) [2ms]
2026-04-19 01:22:01.829 [info] [Git][getRemotes] No remotes found in the git config file
2026-04-19 01:22:01.830 [info] > git config --get commit.template [7ms]
2026-04-19 01:22:01.831 [info] > git for-each-ref --format=%(refname)%00%(upstream:short)%00%(objectname)%00%(upstream:track)%00%(upstream:remotename)%00%(upstream:remoteref) refs/heads/main refs/remotes/main [2ms]
2026-04-19 01:22:01.842 [info] > git status -z -uall [6ms]
2026-04-19 01:22:01.843 [info] > git for-each-ref --sort -committerdate --format %(refname)%00%(objectname)%00%(*objectname) [1ms]
2026-04-19 01:22:06.859 [info] [Git][getRemotes] No remotes found in the git config file
2026-04-19 01:22:06.860 [info] > git config --get commit.template [7ms]
2026-04-19 01:22:06.860 [info] > git for-each-ref --format=%(refname)%00%(upstream:short)%00%(objectname)%00%(upstream:track)%00%(upstream:remotename)%00%(upstream:remoteref) refs/heads/main refs/remotes/main [1ms]
2026-04-19 01:22:06.871 [info] > git status -z -uall [6ms]
2026-04-19 01:22:06.872 [info] > git for-each-ref --sort -committerdate --format %(refname)%00%(objectname)%00%(*objectname) [1ms]
2026-04-19 01:22:11.888 [info] [Git][getRemotes] No remotes found in the git config file
2026-04-19 01:22:11.889 [info] > git config --get commit.template [7ms]
2026-04-19 01:22:11.890 [info] > git for-each-ref --format=%(refname)%00%(upstream:short)%00%(objectname)%00%(upstream:track)%00%(upstream:remotename)%00%(upstream:remoteref) refs/heads/main refs/remotes/main [2ms]
2026-04-19 01:22:11.901 [info] > git status -z -uall [6ms]
2026-04-19 01:22:11.902 [info] > git for-each-ref --sort -committerdate --format %(refname)%00%(objectname)%00%(*objectname) [1ms]
2026-04-19 01:22:18.692 [info] [Git][getRemotes] No remotes found in the git config file
2026-04-19 01:22:18.692 [info] > git config --get commit.template [7ms]
2026-04-19 01:22:18.693 [info] > git for-each-ref --format=%(refname)%00%(upstream:short)%00%(objectname)%00%(upstream:track)%00%(upstream:remotename)%00%(upstream:remoteref) refs/heads/main refs/remotes/main [2ms]
2026-04-19 01:22:18.705 [info] > git status -z -uall [6ms]
2026-04-19 01:22:18.706 [info] > git for-each-ref --sort -committerdate --format %(refname)%00%(objectname)%00%(*objectname) [2ms]
2026-04-19 01:22:23.721 [info] [Git][getRemotes] No remotes found in the git config file
2026-04-19 01:22:23.722 [info] > git config --get commit.template [7ms]
2026-04-19 01:22:23.723 [info] > git for-each-ref --format=%(refname)%00%(upstream:short)%00%(objectname)%00%(upstream:track)%00%(upstream:remotename)%00%(upstream:remoteref) refs/heads/main refs/remotes/main [2ms]
2026-04-19 01:22:23.734 [info] > git status -z -uall [6ms]
2026-04-19 01:22:23.735 [info] > git for-each-ref --sort -committerdate --format %(refname)%00%(objectname)%00%(*objectname) [1ms]
2026-04-19 01:22:28.751 [info] [Git][getRemotes] No remotes found in the git config file
2026-04-19 01:22:28.751 [info] > git config --get commit.template [7ms]
2026-04-19 01:22:28.752 [info] > git for-each-ref --format=%(refname)%00%(upstream:short)%00%(objectname)%00%(upstream:track)%00%(upstream:remotename)%00%(upstream:remoteref) refs/heads/main refs/remotes/main [2ms]
2026-04-19 01:22:28.766 [info] > git status -z -uall [7ms]
2026-04-19 01:22:28.767 [info] > git for-each-ref --sort -committerdate --format %(refname)%00%(objectname)%00%(*objectname) [1ms]
2026-04-19 01:22:33.783 [info] [Git][getRemotes] No remotes found in the git config file
2026-04-19 01:22:33.784 [info] > git config --get commit.template [7ms]
2026-04-19 01:22:33.785 [info] > git for-each-ref --format=%(refname)%00%(upstream:short)%00%(objectname)%00%(upstream:track)%00%(upstream:remotename)%00%(upstream:remoteref) refs/heads/main refs/remotes/main [2ms]
2026-04-19 01:22:33.801 [info] > git status -z -uall [9ms]
2026-04-19 01:22:33.803 [info] > git for-each-ref --sort -committerdate --format %(refname)%00%(objectname)%00%(*objectname) [2ms]
2026-04-19 01:22:46.486 [info] [Git][getRemotes] No remotes found in the git config file
2026-04-19 01:22:46.487 [info] > git config --get commit.template [7ms]
2026-04-19 01:22:46.488 [info] > git for-each-ref --format=%(refname)%00%(upstream:short)%00%(objectname)%00%(upstream:track)%00%(upstream:remotename)%00%(upstream:remoteref) refs/heads/main refs/remotes/main [2ms]
2026-04-19 01:22:46.501 [info] > git status -z -uall [8ms]
2026-04-19 01:22:46.502 [info] > git for-each-ref --sort -committerdate --format %(refname)%00%(objectname)%00%(*objectname) [2ms]
2026-04-19 01:22:51.512 [info] > git config --get commit.template [1ms]
2026-04-19 01:22:51.518 [info] [Git][getRemotes] No remotes found in the git config file
2026-04-19 01:22:51.520 [info] > git for-each-ref --format=%(refname)%00%(upstream:short)%00%(objectname)%00%(upstream:track)%00%(upstream:remotename)%00%(upstream:remoteref) refs/heads/main refs/remotes/main [2ms]
2026-04-19 01:22:51.531 [info] > git status -z -uall [5ms]
2026-04-19 01:22:51.533 [info] > git for-each-ref --sort -committerdate --format %(refname)%00%(objectname)%00%(*objectname) [2ms]
2026-04-19 01:23:00.606 [info] [Git][getRemotes] No remotes found in the git config file
2026-04-19 01:23:00.607 [info] > git config --get commit.template [7ms]
2026-04-19 01:23:00.608 [info] > git for-each-ref --format=%(refname)%00%(upstream:short)%00%(objectname)%00%(upstream:track)%00%(upstream:remotename)%00%(upstream:remoteref) refs/heads/main refs/remotes/main [2ms]
2026-04-19 01:23:00.620 [info] > git status -z -uall [7ms]
2026-04-19 01:23:00.621 [info] > git for-each-ref --sort -committerdate --format %(refname)%00%(objectname)%00%(*objectname) [2ms]
2026-04-19 01:23:05.636 [info] [Git][getRemotes] No remotes found in the git config file
2026-04-19 01:23:05.636 [info] > git config --get commit.template [7ms]
2026-04-19 01:23:05.638 [info] > git for-each-ref --format=%(refname)%00%(upstream:short)%00%(objectname)%00%(upstream:track)%00%(upstream:remotename)%00%(upstream:remoteref) refs/heads/main refs/remotes/main [2ms]
2026-04-19 01:23:05.650 [info] > git status -z -uall [7ms]
2026-04-19 01:23:05.652 [info] > git for-each-ref --sort -committerdate --format %(refname)%00%(objectname)%00%(*objectname) [2ms]
2026-04-19 01:24:43.018 [info] [Git][getRemotes] No remotes found in the git config file
2026-04-19 01:24:43.018 [info] > git config --get commit.template [8ms]
2026-04-19 01:24:43.019 [info] > git for-each-ref --format=%(refname)%00%(upstream:short)%00%(objectname)%00%(upstream:track)%00%(upstream:remotename)%00%(upstream:remoteref) refs/heads/main refs/remotes/main [2ms]
2026-04-19 01:24:43.037 [info] > git status -z -uall [10ms]
2026-04-19 01:24:43.038 [info] > git for-each-ref --sort -committerdate --format %(refname)%00%(objectname)%00%(*objectname) [2ms]
2026-04-19 01:24:48.057 [info] [Git][getRemotes] No remotes found in the git config file
2026-04-19 01:24:48.057 [info] > git config --get commit.template [7ms]
2026-04-19 01:24:48.058 [info] > git for-each-ref --format=%(refname)%00%(upstream:short)%00%(objectname)%00%(upstream:track)%00%(upstream:remotename)%00%(upstream:remoteref) refs/heads/main refs/remotes/main [2ms]
2026-04-19 01:24:48.071 [info] > git status -z -uall [7ms]
2026-04-19 01:24:48.072 [info] > git for-each-ref --sort -committerdate --format %(refname)%00%(objectname)%00%(*objectname) [1ms]
2026-04-19 01:26:26.014 [info] > git config --get commit.template [1ms]
2026-04-19 01:26:26.022 [info] [Git][getRemotes] No remotes found in the git config file
2026-04-19 01:26:26.023 [info] > git for-each-ref --format=%(refname)%00%(upstream:short)%00%(objectname)%00%(upstream:track)%00%(upstream:remotename)%00%(upstream:remoteref) refs/heads/main refs/remotes/main [1ms]
2026-04-19 01:26:26.036 [info] > git status -z -uall [7ms]
2026-04-19 01:26:26.037 [info] > git for-each-ref --sort -committerdate --format %(refname)%00%(objectname)%00%(*objectname) [2ms]
2026-04-19 01:26:31.046 [info] [Git][getRemotes] No remotes found in the git config file
2026-04-19 01:26:31.052 [info] > git config --get commit.template [6ms]
2026-04-19 01:26:31.053 [info] > git for-each-ref --format=%(refname)%00%(upstream:short)%00%(objectname)%00%(upstream:track)%00%(upstream:remotename)%00%(upstream:remoteref) refs/heads/main refs/remotes/main [1ms]
2026-04-19 01:26:31.064 [info] > git status -z -uall [6ms]
2026-04-19 01:26:31.066 [info] > git for-each-ref --sort -committerdate --format %(refname)%00%(objectname)%00%(*objectname) [2ms]
2026-04-19 01:26:36.082 [info] [Git][getRemotes] No remotes found in the git config file
2026-04-19 01:26:36.083 [info] > git config --get commit.template [7ms]
2026-04-19 01:26:36.083 [info] > git for-each-ref --format=%(refname)%00%(upstream:short)%00%(objectname)%00%(upstream:track)%00%(upstream:remotename)%00%(upstream:remoteref) refs/heads/main refs/remotes/main [1ms]
2026-04-19 01:26:36.095 [info] > git status -z -uall [6ms]
2026-04-19 01:26:36.096 [info] > git for-each-ref --sort -committerdate --format %(refname)%00%(objectname)%00%(*objectname) [1ms]
2026-04-19 01:26:41.114 [info] [Git][getRemotes] No remotes found in the git config file
2026-04-19 01:26:41.114 [info] > git config --get commit.template [7ms]
2026-04-19 01:26:41.115 [info] > git for-each-ref --format=%(refname)%00%(upstream:short)%00%(objectname)%00%(upstream:track)%00%(upstream:remotename)%00%(upstream:remoteref) refs/heads/main refs/remotes/main [1ms]
2026-04-19 01:26:41.128 [info] > git status -z -uall [7ms]
2026-04-19 01:26:41.129 [info] > git for-each-ref --sort -committerdate --format %(refname)%00%(objectname)%00%(*objectname) [2ms]
2026-04-19 01:27:14.680 [info] [Git][getRemotes] No remotes found in the git config file
2026-04-19 01:27:14.687 [info] > git config --get commit.template [7ms]
2026-04-19 01:27:14.687 [info] > git for-each-ref --format=%(refname)%00%(upstream:short)%00%(objectname)%00%(upstream:track)%00%(upstream:remotename)%00%(upstream:remoteref) refs/heads/main refs/remotes/main [1ms]
2026-04-19 01:27:14.700 [info] > git status -z -uall [7ms]
2026-04-19 01:27:14.701 [info] > git for-each-ref --sort -committerdate --format %(refname)%00%(objectname)%00%(*objectname) [2ms]
2026-04-19 01:27:19.716 [info] [Git][getRemotes] No remotes found in the git config file
2026-04-19 01:27:19.717 [info] > git config --get commit.template [7ms]
2026-04-19 01:27:19.718 [info] > git for-each-ref --format=%(refname)%00%(upstream:short)%00%(objectname)%00%(upstream:track)%00%(upstream:remotename)%00%(upstream:remoteref) refs/heads/main refs/remotes/main [2ms]
2026-04-19 01:27:19.730 [info] > git status -z -uall [7ms]
2026-04-19 01:27:19.731 [info] > git for-each-ref --sort -committerdate --format %(refname)%00%(objectname)%00%(*objectname) [2ms]
2026-04-19 01:27:58.301 [info] [Git][getRemotes] No remotes found in the git config file
2026-04-19 01:27:58.301 [info] > git config --get commit.template [6ms]
2026-04-19 01:27:58.302 [info] > git for-each-ref --format=%(refname)%00%(upstream:short)%00%(objectname)%00%(upstream:track)%00%(upstream:remotename)%00%(upstream:remoteref) refs/heads/main refs/remotes/main [1ms]
2026-04-19 01:27:58.315 [info] > git status -z -uall [7ms]
2026-04-19 01:27:58.316 [info] > git for-each-ref --sort -committerdate --format %(refname)%00%(objectname)%00%(*objectname) [1ms]
2026-04-19 01:28:03.333 [info] [Git][getRemotes] No remotes found in the git config file
2026-04-19 01:28:03.333 [info] > git config --get commit.template [7ms]
2026-04-19 01:28:03.334 [info] > git for-each-ref --format=%(refname)%00%(upstream:short)%00%(objectname)%00%(upstream:track)%00%(upstream:remotename)%00%(upstream:remoteref) refs/heads/main refs/remotes/main [1ms]
2026-04-19 01:28:03.347 [info] > git status -z -uall [7ms]
2026-04-19 01:28:03.349 [info] > git for-each-ref --sort -committerdate --format %(refname)%00%(objectname)%00%(*objectname) [1ms]
2026-04-19 01:29:53.810 [info] [Git][getRemotes] No remotes found in the git config file
2026-04-19 01:29:53.810 [info] > git config --get commit.template [8ms]
2026-04-19 01:29:53.811 [info] > git for-each-ref --format=%(refname)%00%(upstream:short)%00%(objectname)%00%(upstream:track)%00%(upstream:remotename)%00%(upstream:remoteref) refs/heads/main refs/remotes/main [1ms]
2026-04-19 01:29:53.825 [info] > git status -z -uall [7ms]
2026-04-19 01:29:53.826 [info] > git for-each-ref --sort -committerdate --format %(refname)%00%(objectname)%00%(*objectname) [2ms]
2026-04-19 01:29:58.841 [info] [Git][getRemotes] No remotes found in the git config file
2026-04-19 01:29:58.842 [info] > git config --get commit.template [7ms]
2026-04-19 01:29:58.843 [info] > git for-each-ref --format=%(refname)%00%(upstream:short)%00%(objectname)%00%(upstream:track)%00%(upstream:remotename)%00%(upstream:remoteref) refs/heads/main refs/remotes/main [2ms]
2026-04-19 01:29:58.855 [info] > git status -z -uall [6ms]
2026-04-19 01:29:58.856 [info] > git for-each-ref --sort -committerdate --format %(refname)%00%(objectname)%00%(*objectname) [2ms]
2026-04-19 01:32:15.853 [info] [Git][getRemotes] No remotes found in the git config file
2026-04-19 01:32:15.854 [info] > git config --get commit.template [8ms]
2026-04-19 01:32:15.854 [info] > git for-each-ref --format=%(refname)%00%(upstream:short)%00%(objectname)%00%(upstream:track)%00%(upstream:remotename)%00%(upstream:remoteref) refs/heads/main refs/remotes/main [1ms]
2026-04-19 01:32:15.867 [info] > git status -z -uall [7ms]
2026-04-19 01:32:15.868 [info] > git for-each-ref --sort -committerdate --format %(refname)%00%(objectname)%00%(*objectname) [2ms]
2026-04-19 01:32:20.878 [info] [Git][getRemotes] No remotes found in the git config file
2026-04-19 01:32:20.886 [info] > git config --get commit.template [8ms]
2026-04-19 01:32:20.886 [info] > git for-each-ref --format=%(refname)%00%(upstream:short)%00%(objectname)%00%(upstream:track)%00%(upstream:remotename)%00%(upstream:remoteref) refs/heads/main refs/remotes/main [2ms]
2026-04-19 01:32:20.898 [info] > git status -z -uall [7ms]
2026-04-19 01:32:20.899 [info] > git for-each-ref --sort -committerdate --format %(refname)%00%(objectname)%00%(*objectname) [2ms]
2026-04-19 01:34:23.659 [info] [Git][getRemotes] No remotes found in the git config file
2026-04-19 01:34:23.661 [info] > git for-each-ref --format=%(refname)%00%(upstream:short)%00%(objectname)%00%(upstream:track)%00%(upstream:remotename)%00%(upstream:remoteref) refs/heads/main refs/remotes/main [2ms]
2026-04-19 01:34:23.661 [info] > git config --get commit.template [8ms]
2026-04-19 01:34:23.673 [info] > git status -z -uall [7ms]
2026-04-19 01:34:23.674 [info] > git for-each-ref --sort -committerdate --format %(refname)%00%(objectname)%00%(*objectname) [2ms]
2026-04-19 01:34:28.685 [info] [Git][getRemotes] No remotes found in the git config file
2026-04-19 01:34:28.691 [info] > git config --get commit.template [6ms]
2026-04-19 01:34:28.692 [info] > git for-each-ref --format=%(refname)%00%(upstream:short)%00%(objectname)%00%(upstream:track)%00%(upstream:remotename)%00%(upstream:remoteref) refs/heads/main refs/remotes/main [1ms]
2026-04-19 01:34:28.705 [info] > git status -z -uall [6ms]
2026-04-19 01:34:28.705 [info] > git for-each-ref --sort -committerdate --format %(refname)%00%(objectname)%00%(*objectname) [2ms]
2026-04-19 01:34:44.920 [info] [Git][getRemotes] No remotes found in the git config file
2026-04-19 01:34:44.921 [info] > git for-each-ref --format=%(refname)%00%(upstream:short)%00%(objectname)%00%(upstream:track)%00%(upstream:remotename)%00%(upstream:remoteref) refs/heads/main refs/remotes/main [2ms]
2026-04-19 01:34:44.922 [info] > git config --get commit.template [10ms]
2026-04-19 01:34:44.939 [info] > git status -z -uall [9ms]
2026-04-19 01:34:44.940 [info] > git for-each-ref --sort -committerdate --format %(refname)%00%(objectname)%00%(*objectname) [2ms]
2026-04-19 01:34:49.951 [info] [Git][getRemotes] No remotes found in the git config file
2026-04-19 01:34:49.957 [info] > git config --get commit.template [7ms]
2026-04-19 01:34:49.958 [info] > git for-each-ref --format=%(refname)%00%(upstream:short)%00%(objectname)%00%(upstream:track)%00%(upstream:remotename)%00%(upstream:remoteref) refs/heads/main refs/remotes/main [2ms]
2026-04-19 01:34:49.971 [info] > git status -z -uall [7ms]
2026-04-19 01:34:49.972 [info] > git for-each-ref --sort -committerdate --format %(refname)%00%(objectname)%00%(*objectname) [1ms]
2026-04-19 01:36:56.224 [info] [Git][getRemotes] No remotes found in the git config file
2026-04-19 01:36:56.231 [info] > git for-each-ref --format=%(refname)%00%(upstream:short)%00%(objectname)%00%(upstream:track)%00%(upstream:remotename)%00%(upstream:remoteref) refs/heads/main refs/remotes/main [7ms]
2026-04-19 01:36:56.231 [info] > git config --get commit.template [14ms]
2026-04-19 01:36:56.243 [info] > git status -z -uall [6ms]
2026-04-19 01:36:56.244 [info] > git for-each-ref --sort -committerdate --format %(refname)%00%(objectname)%00%(*objectname) [1ms]
2026-04-19 01:37:01.254 [info] [Git][getRemotes] No remotes found in the git config file
2026-04-19 01:37:01.261 [info] > git config --get commit.template [7ms]
2026-04-19 01:37:01.262 [info] > git for-each-ref --format=%(refname)%00%(upstream:short)%00%(objectname)%00%(upstream:track)%00%(upstream:remotename)%00%(upstream:remoteref) refs/heads/main refs/remotes/main [2ms]
2026-04-19 01:37:01.275 [info] > git status -z -uall [7ms]
2026-04-19 01:37:01.276 [info] > git for-each-ref --sort -committerdate --format %(refname)%00%(objectname)%00%(*objectname) [2ms]
2026-04-19 01:37:07.247 [info] [Git][getRemotes] No remotes found in the git config file
2026-04-19 01:37:07.248 [info] > git config --get commit.template [8ms]
2026-04-19 01:37:07.249 [info] > git for-each-ref --format=%(refname)%00%(upstream:short)%00%(objectname)%00%(upstream:track)%00%(upstream:remotename)%00%(upstream:remoteref) refs/heads/main refs/remotes/main [2ms]
2026-04-19 01:37:07.261 [info] > git status -z -uall [7ms]
2026-04-19 01:37:07.262 [info] > git for-each-ref --sort -committerdate --format %(refname)%00%(objectname)%00%(*objectname) [1ms]
2026-04-19 01:38:44.509 [info] [Git][getRemotes] No remotes found in the git config file
2026-04-19 01:38:44.517 [info] > git config --get commit.template [9ms]
2026-04-19 01:38:44.518 [info] > git for-each-ref --format=%(refname)%00%(upstream:short)%00%(objectname)%00%(upstream:track)%00%(upstream:remotename)%00%(upstream:remoteref) refs/heads/main refs/remotes/main [2ms]
2026-04-19 01:38:44.533 [info] > git status -z -uall [9ms]
2026-04-19 01:38:44.534 [info] > git for-each-ref --sort -committerdate --format %(refname)%00%(objectname)%00%(*objectname) [2ms]
2026-04-19 01:38:49.546 [info] > git config --get commit.template [1ms]
2026-04-19 01:38:49.553 [info] [Git][getRemotes] No remotes found in the git config file
2026-04-19 01:38:49.554 [info] > git for-each-ref --format=%(refname)%00%(upstream:short)%00%(objectname)%00%(upstream:track)%00%(upstream:remotename)%00%(upstream:remoteref) refs/heads/main refs/remotes/main [1ms]
2026-04-19 01:38:49.568 [info] > git status -z -uall [7ms]
2026-04-19 01:38:49.570 [info] > git for-each-ref --sort -committerdate --format %(refname)%00%(objectname)%00%(*objectname) [3ms]
2026-04-19 01:39:57.408 [info] [Git][getRemotes] No remotes found in the git config file
2026-04-19 01:39:57.408 [info] > git config --get commit.template [8ms]
2026-04-19 01:39:57.409 [info] > git for-each-ref --format=%(refname)%00%(upstream:short)%00%(objectname)%00%(upstream:track)%00%(upstream:remotename)%00%(upstream:remoteref) refs/heads/main refs/remotes/main [1ms]
2026-04-19 01:39:57.421 [info] > git status -z -uall [6ms]
2026-04-19 01:39:57.422 [info] > git for-each-ref --sort -committerdate --format %(refname)%00%(objectname)%00%(*objectname) [1ms]
2026-04-19 01:40:02.437 [info] [Git][getRemotes] No remotes found in the git config file
2026-04-19 01:40:02.438 [info] > git config --get commit.template [7ms]
2026-04-19 01:40:02.439 [info] > git for-each-ref --format=%(refname)%00%(upstream:short)%00%(objectname)%00%(upstream:track)%00%(upstream:remotename)%00%(upstream:remoteref) refs/heads/main refs/remotes/main [2ms]
2026-04-19 01:40:02.451 [info] > git status -z -uall [6ms]
2026-04-19 01:40:02.452 [info] > git for-each-ref --sort -committerdate --format %(refname)%00%(objectname)%00%(*objectname) [1ms]
2026-04-19 01:40:11.892 [info] [Git][getRemotes] No remotes found in the git config file
2026-04-19 01:40:11.893 [info] > git config --get commit.template [8ms]
2026-04-19 01:40:11.894 [info] > git for-each-ref --format=%(refname)%00%(upstream:short)%00%(objectname)%00%(upstream:track)%00%(upstream:remotename)%00%(upstream:remoteref) refs/heads/main refs/remotes/main [2ms]
2026-04-19 01:40:11.907 [info] > git status -z -uall [7ms]
2026-04-19 01:40:11.909 [info] > git for-each-ref --sort -committerdate --format %(refname)%00%(objectname)%00%(*objectname) [2ms]
2026-04-19 01:40:16.925 [info] [Git][getRemotes] No remotes found in the git config file
2026-04-19 01:40:16.926 [info] > git config --get commit.template [6ms]
2026-04-19 01:40:16.926 [info] > git for-each-ref --format=%(refname)%00%(upstream:short)%00%(objectname)%00%(upstream:track)%00%(upstream:remotename)%00%(upstream:remoteref) refs/heads/main refs/remotes/main [1ms]
2026-04-19 01:40:16.938 [info] > git status -z -uall [6ms]
2026-04-19 01:40:16.939 [info] > git for-each-ref --sort -committerdate --format %(refname)%00%(objectname)%00%(*objectname) [2ms]
2026-04-19 01:40:55.509 [info] [Git][getRemotes] No remotes found in the git config file
2026-04-19 01:40:55.510 [info] > git config --get commit.template [6ms]
2026-04-19 01:40:55.510 [info] > git for-each-ref --format=%(refname)%00%(upstream:short)%00%(objectname)%00%(upstream:track)%00%(upstream:remotename)%00%(upstream:remoteref) refs/heads/main refs/remotes/main [1ms]
2026-04-19 01:40:55.522 [info] > git status -z -uall [6ms]
2026-04-19 01:40:55.523 [info] > git for-each-ref --sort -committerdate --format %(refname)%00%(objectname)%00%(*objectname) [2ms]
2026-04-19 01:41:00.538 [info] [Git][getRemotes] No remotes found in the git config file
2026-04-19 01:41:00.539 [info] > git config --get commit.template [7ms]
2026-04-19 01:41:00.540 [info] > git for-each-ref --format=%(refname)%00%(upstream:short)%00%(objectname)%00%(upstream:track)%00%(upstream:remotename)%00%(upstream:remoteref) refs/heads/main refs/remotes/main [2ms]
2026-04-19 01:41:00.552 [info] > git status -z -uall [6ms]
2026-04-19 01:41:00.553 [info] > git for-each-ref --sort -committerdate --format %(refname)%00%(objectname)%00%(*objectname) [2ms]
2026-04-19 01:41:08.125 [info] [Git][getRemotes] No remotes found in the git config file
2026-04-19 01:41:08.126 [info] > git config --get commit.template [7ms]
2026-04-19 01:41:08.127 [info] > git for-each-ref --format=%(refname)%00%(upstream:short)%00%(objectname)%00%(upstream:track)%00%(upstream:remotename)%00%(upstream:remoteref) refs/heads/main refs/remotes/main [1ms]
2026-04-19 01:41:08.139 [info] > git status -z -uall [7ms]
2026-04-19 01:41:08.140 [info] > git for-each-ref --sort -committerdate --format %(refname)%00%(objectname)%00%(*objectname) [2ms]
2026-04-19 01:41:13.156 [info] [Git][getRemotes] No remotes found in the git config file
2026-04-19 01:41:13.157 [info] > git config --get commit.template [7ms]
2026-04-19 01:41:13.158 [info] > git for-each-ref --format=%(refname)%00%(upstream:short)%00%(objectname)%00%(upstream:track)%00%(upstream:remotename)%00%(upstream:remoteref) refs/heads/main refs/remotes/main [2ms]
2026-04-19 01:41:13.171 [info] > git status -z -uall [7ms]
2026-04-19 01:41:13.172 [info] > git for-each-ref --sort -committerdate --format %(refname)%00%(objectname)%00%(*objectname) [2ms]
2026-04-19 01:41:24.570 [info] [Git][getRemotes] No remotes found in the git config file
2026-04-19 01:41:24.571 [info] > git config --get commit.template [7ms]
2026-04-19 01:41:24.571 [info] > git for-each-ref --format=%(refname)%00%(upstream:short)%00%(objectname)%00%(upstream:track)%00%(upstream:remotename)%00%(upstream:remoteref) refs/heads/main refs/remotes/main [1ms]
2026-04-19 01:41:24.584 [info] > git status -z -uall [6ms]
2026-04-19 01:41:24.585 [info] > git for-each-ref --sort -committerdate --format %(refname)%00%(objectname)%00%(*objectname) [2ms]
2026-04-19 01:41:29.601 [info] [Git][getRemotes] No remotes found in the git config file
2026-04-19 01:41:29.602 [info] > git config --get commit.template [7ms]
2026-04-19 01:41:29.603 [info] > git for-each-ref --format=%(refname)%00%(upstream:short)%00%(objectname)%00%(upstream:track)%00%(upstream:remotename)%00%(upstream:remoteref) refs/heads/main refs/remotes/main [2ms]
2026-04-19 01:41:29.616 [info] > git status -z -uall [7ms]
2026-04-19 01:41:29.616 [info] > git for-each-ref --sort -committerdate --format %(refname)%00%(objectname)%00%(*objectname) [2ms]
2026-04-19 01:42:37.512 [info] [Git][getRemotes] No remotes found in the git config file
2026-04-19 01:42:37.518 [info] > git config --get commit.template [6ms]
2026-04-19 01:42:37.519 [info] > git for-each-ref --format=%(refname)%00%(upstream:short)%00%(objectname)%00%(upstream:track)%00%(upstream:remotename)%00%(upstream:remoteref) refs/heads/main refs/remotes/main [1ms]
2026-04-19 01:42:37.531 [info] > git status -z -uall [7ms]
2026-04-19 01:42:37.532 [info] > git for-each-ref --sort -committerdate --format %(refname)%00%(objectname)%00%(*objectname) [2ms]
2026-04-19 01:42:42.548 [info] [Git][getRemotes] No remotes found in the git config file
2026-04-19 01:42:42.549 [info] > git config --get commit.template [6ms]
2026-04-19 01:42:42.549 [info] > git for-each-ref --format=%(refname)%00%(upstream:short)%00%(objectname)%00%(upstream:track)%00%(upstream:remotename)%00%(upstream:remoteref) refs/heads/main refs/remotes/main [1ms]
2026-04-19 01:42:42.561 [info] > git status -z -uall [6ms]
2026-04-19 01:42:42.562 [info] > git for-each-ref --sort -committerdate --format %(refname)%00%(objectname)%00%(*objectname) [1ms]
2026-04-19 01:42:58.196 [info] > git config --get commit.template [2ms]
2026-04-19 01:42:58.201 [info] [Git][getRemotes] No remotes found in the git config file
2026-04-19 01:42:58.203 [info] > git for-each-ref --format=%(refname)%00%(upstream:short)%00%(objectname)%00%(upstream:track)%00%(upstream:remotename)%00%(upstream:remoteref) refs/heads/main refs/remotes/main [2ms]
2026-04-19 01:42:58.215 [info] > git status -z -uall [6ms]
2026-04-19 01:42:58.216 [info] > git for-each-ref --sort -committerdate --format %(refname)%00%(objectname)%00%(*objectname) [2ms]
2026-04-19 01:43:03.233 [info] [Git][getRemotes] No remotes found in the git config file
2026-04-19 01:43:03.234 [info] > git config --get commit.template [7ms]
2026-04-19 01:43:03.234 [info] > git for-each-ref --format=%(refname)%00%(upstream:short)%00%(objectname)%00%(upstream:track)%00%(upstream:remotename)%00%(upstream:remoteref) refs/heads/main refs/remotes/main [1ms]
2026-04-19 01:43:03.246 [info] > git status -z -uall [7ms]
2026-04-19 01:43:03.247 [info] > git for-each-ref --sort -committerdate --format %(refname)%00%(objectname)%00%(*objectname) [2ms]
2026-04-19 01:43:22.757 [info] [Git][getRemotes] No remotes found in the git config file
2026-04-19 01:43:22.758 [info] > git config --get commit.template [7ms]
2026-04-19 01:43:22.758 [info] > git for-each-ref --format=%(refname)%00%(upstream:short)%00%(objectname)%00%(upstream:track)%00%(upstream:remotename)%00%(upstream:remoteref) refs/heads/main refs/remotes/main [1ms]
2026-04-19 01:43:22.770 [info] > git status -z -uall [6ms]
2026-04-19 01:43:22.771 [info] > git for-each-ref --sort -committerdate --format %(refname)%00%(objectname)%00%(*objectname) [2ms]
2026-04-19 01:43:27.787 [info] [Git][getRemotes] No remotes found in the git config file
2026-04-19 01:43:27.787 [info] > git config --get commit.template [6ms]
2026-04-19 01:43:27.788 [info] > git for-each-ref --format=%(refname)%00%(upstream:short)%00%(objectname)%00%(upstream:track)%00%(upstream:remotename)%00%(upstream:remoteref) refs/heads/main refs/remotes/main [1ms]
2026-04-19 01:43:27.801 [info] > git status -z -uall [6ms]
2026-04-19 01:43:27.801 [info] > git for-each-ref --sort -committerdate --format %(refname)%00%(objectname)%00%(*objectname) [2ms]
2026-04-19 01:45:13.923 [info] > git config --get commit.template [2ms]
2026-04-19 01:45:13.929 [info] [Git][getRemotes] No remotes found in the git config file
2026-04-19 01:45:13.930 [info] > git for-each-ref --format=%(refname)%00%(upstream:short)%00%(objectname)%00%(upstream:track)%00%(upstream:remotename)%00%(upstream:remoteref) refs/heads/main refs/remotes/main [2ms]
2026-04-19 01:45:13.943 [info] > git status -z -uall [7ms]
2026-04-19 01:45:13.944 [info] > git for-each-ref --sort -committerdate --format %(refname)%00%(objectname)%00%(*objectname) [2ms]
2026-04-19 01:45:18.955 [info] > git config --get commit.template [1ms]
2026-04-19 01:45:18.961 [info] [Git][getRemotes] No remotes found in the git config file
2026-04-19 01:45:18.962 [info] > git for-each-ref --format=%(refname)%00%(upstream:short)%00%(objectname)%00%(upstream:track)%00%(upstream:remotename)%00%(upstream:remoteref) refs/heads/main refs/remotes/main [2ms]
2026-04-19 01:45:18.974 [info] > git status -z -uall [6ms]
2026-04-19 01:45:18.975 [info] > git for-each-ref --sort -committerdate --format %(refname)%00%(objectname)%00%(*objectname) [1ms]
2026-04-19 01:45:35.170 [info] > git config --get commit.template [2ms]
2026-04-19 01:45:35.176 [info] [Git][getRemotes] No remotes found in the git config file
2026-04-19 01:45:35.177 [info] > git for-each-ref --format=%(refname)%00%(upstream:short)%00%(objectname)%00%(upstream:track)%00%(upstream:remotename)%00%(upstream:remoteref) refs/heads/main refs/remotes/main [1ms]
2026-04-19 01:45:35.190 [info] > git status -z -uall [6ms]
2026-04-19 01:45:35.191 [info] > git for-each-ref --sort -committerdate --format %(refname)%00%(objectname)%00%(*objectname) [1ms]
2026-04-19 01:45:40.208 [info] [Git][getRemotes] No remotes found in the git config file
2026-04-19 01:45:40.208 [info] > git config --get commit.template [6ms]
2026-04-19 01:45:40.209 [info] > git for-each-ref --format=%(refname)%00%(upstream:short)%00%(objectname)%00%(upstream:track)%00%(upstream:remotename)%00%(upstream:remoteref) refs/heads/main refs/remotes/main [1ms]
2026-04-19 01:45:40.222 [info] > git status -z -uall [6ms]
2026-04-19 01:45:40.223 [info] > git for-each-ref --sort -committerdate --format %(refname)%00%(objectname)%00%(*objectname) [1ms]
2026-04-19 01:45:49.953 [info] [Git][getRemotes] No remotes found in the git config file
2026-04-19 01:45:49.954 [info] > git config --get commit.template [7ms]
2026-04-19 01:45:49.954 [info] > git for-each-ref --format=%(refname)%00%(upstream:short)%00%(objectname)%00%(upstream:track)%00%(upstream:remotename)%00%(upstream:remoteref) refs/heads/main refs/remotes/main [1ms]
2026-04-19 01:45:49.966 [info] > git status -z -uall [6ms]
2026-04-19 01:45:49.967 [info] > git for-each-ref --sort -committerdate --format %(refname)%00%(objectname)%00%(*objectname) [2ms]
2026-04-19 01:45:54.986 [info] [Git][getRemotes] No remotes found in the git config file
2026-04-19 01:45:54.988 [info] > git config --get commit.template [9ms]
2026-04-19 01:45:54.988 [info] > git for-each-ref --format=%(refname)%00%(upstream:short)%00%(objectname)%00%(upstream:track)%00%(upstream:remotename)%00%(upstream:remoteref) refs/heads/main refs/remotes/main [2ms]
2026-04-19 01:45:55.000 [info] > git status -z -uall [6ms]
2026-04-19 01:45:55.001 [info] > git for-each-ref --sort -committerdate --format %(refname)%00%(objectname)%00%(*objectname) [1ms]
2026-04-19 01:46:05.521 [info] [Git][getRemotes] No remotes found in the git config file
2026-04-19 01:46:05.522 [info] > git config --get commit.template [7ms]
2026-04-19 01:46:05.523 [info] > git for-each-ref --format=%(refname)%00%(upstream:short)%00%(objectname)%00%(upstream:track)%00%(upstream:remotename)%00%(upstream:remoteref) refs/heads/main refs/remotes/main [2ms]
2026-04-19 01:46:05.534 [info] > git status -z -uall [6ms]
2026-04-19 01:46:05.535 [info] > git for-each-ref --sort -committerdate --format %(refname)%00%(objectname)%00%(*objectname) [1ms]
2026-04-19 01:46:10.553 [info] [Git][getRemotes] No remotes found in the git config file
2026-04-19 01:46:10.554 [info] > git config --get commit.template [8ms]
2026-04-19 01:46:10.555 [info] > git for-each-ref --format=%(refname)%00%(upstream:short)%00%(objectname)%00%(upstream:track)%00%(upstream:remotename)%00%(upstream:remoteref) refs/heads/main refs/remotes/main [2ms]
2026-04-19 01:46:10.570 [info] > git status -z -uall [8ms]
2026-04-19 01:46:10.570 [info] > git for-each-ref --sort -committerdate --format %(refname)%00%(objectname)%00%(*objectname) [1ms]
2026-04-19 01:46:22.389 [info] [Git][getRemotes] No remotes found in the git config file
2026-04-19 01:46:22.390 [info] > git config --get commit.template [7ms]
2026-04-19 01:46:22.390 [info] > git for-each-ref --format=%(refname)%00%(upstream:short)%00%(objectname)%00%(upstream:track)%00%(upstream:remotename)%00%(upstream:remoteref) refs/heads/main refs/remotes/main [1ms]
2026-04-19 01:46:22.403 [info] > git status -z -uall [7ms]
2026-04-19 01:46:22.403 [info] > git for-each-ref --sort -committerdate --format %(refname)%00%(objectname)%00%(*objectname) [1ms]
2026-04-19 01:46:27.419 [info] [Git][getRemotes] No remotes found in the git config file
2026-04-19 01:46:27.419 [info] > git config --get commit.template [7ms]
2026-04-19 01:46:27.420 [info] > git for-each-ref --format=%(refname)%00%(upstream:short)%00%(objectname)%00%(upstream:track)%00%(upstream:remotename)%00%(upstream:remoteref) refs/heads/main refs/remotes/main [1ms]
2026-04-19 01:46:27.433 [info] > git status -z -uall [7ms]
2026-04-19 01:46:27.434 [info] > git for-each-ref --sort -committerdate --format %(refname)%00%(objectname)%00%(*objectname) [2ms]
2026-04-19 01:46:44.550 [info] [Git][getRemotes] No remotes found in the git config file
2026-04-19 01:46:44.550 [info] > git config --get commit.template [7ms]
2026-04-19 01:46:44.551 [info] > git for-each-ref --format=%(refname)%00%(upstream:short)%00%(objectname)%00%(upstream:track)%00%(upstream:remotename)%00%(upstream:remoteref) refs/heads/main refs/remotes/main [2ms]
2026-04-19 01:46:44.563 [info] > git status -z -uall [6ms]
2026-04-19 01:46:44.564 [info] > git for-each-ref --sort -committerdate --format %(refname)%00%(objectname)%00%(*objectname) [2ms]
2026-04-19 01:46:49.582 [info] [Git][getRemotes] No remotes found in the git config file
2026-04-19 01:46:49.582 [info] > git config --get commit.template [7ms]
2026-04-19 01:46:49.583 [info] > git for-each-ref --format=%(refname)%00%(upstream:short)%00%(objectname)%00%(upstream:track)%00%(upstream:remotename)%00%(upstream:remoteref) refs/heads/main refs/remotes/main [2ms]
2026-04-19 01:46:49.594 [info] > git status -z -uall [6ms]
2026-04-19 01:46:49.595 [info] > git for-each-ref --sort -committerdate --format %(refname)%00%(objectname)%00%(*objectname) [1ms]
2026-04-19 01:46:54.609 [info] [Git][getRemotes] No remotes found in the git config file
2026-04-19 01:46:54.609 [info] > git config --get commit.template [6ms]
2026-04-19 01:46:54.610 [info] > git for-each-ref --format=%(refname)%00%(upstream:short)%00%(objectname)%00%(upstream:track)%00%(upstream:remotename)%00%(upstream:remoteref) refs/heads/main refs/remotes/main [1ms]
2026-04-19 01:46:54.622 [info] > git status -z -uall [6ms]
2026-04-19 01:46:54.623 [info] > git for-each-ref --sort -committerdate --format %(refname)%00%(objectname)%00%(*objectname) [1ms]
2026-04-19 01:46:59.638 [info] [Git][getRemotes] No remotes found in the git config file
2026-04-19 01:46:59.639 [info] > git config --get commit.template [6ms]
2026-04-19 01:46:59.640 [info] > git for-each-ref --format=%(refname)%00%(upstream:short)%00%(objectname)%00%(upstream:track)%00%(upstream:remotename)%00%(upstream:remoteref) refs/heads/main refs/remotes/main [2ms]
2026-04-19 01:46:59.651 [info] > git status -z -uall [6ms]
2026-04-19 01:46:59.653 [info] > git for-each-ref --sort -committerdate --format %(refname)%00%(objectname)%00%(*objectname) [2ms]
2026-04-19 01:47:09.989 [info] > git check-ignore -v -z --stdin [1ms]
2026-04-19 01:47:10.906 [info] > git config --get commit.template [1ms]
2026-04-19 01:47:10.912 [info] [Git][getRemotes] No remotes found in the git config file
2026-04-19 01:47:10.914 [info] > git for-each-ref --format=%(refname)%00%(upstream:short)%00%(objectname)%00%(upstream:track)%00%(upstream:remotename)%00%(upstream:remoteref) refs/heads/main refs/remotes/main [2ms]
2026-04-19 01:47:10.926 [info] > git status -z -uall [6ms]
2026-04-19 01:47:10.927 [info] > git for-each-ref --sort -committerdate --format %(refname)%00%(objectname)%00%(*objectname) [2ms]
2026-04-19 01:47:15.944 [info] [Git][getRemotes] No remotes found in the git config file
2026-04-19 01:47:15.945 [info] > git config --get commit.template [7ms]
2026-04-19 01:47:15.946 [info] > git for-each-ref --format=%(refname)%00%(upstream:short)%00%(objectname)%00%(upstream:track)%00%(upstream:remotename)%00%(upstream:remoteref) refs/heads/main refs/remotes/main [2ms]
2026-04-19 01:47:15.960 [info] > git status -z -uall [8ms]
2026-04-19 01:47:15.960 [info] > git for-each-ref --sort -committerdate --format %(refname)%00%(objectname)%00%(*objectname) [2ms]
2026-04-19 01:47:34.956 [info] [Git][getRemotes] No remotes found in the git config file
2026-04-19 01:47:34.956 [info] > git config --get commit.template [7ms]
2026-04-19 01:47:34.957 [info] > git for-each-ref --format=%(refname)%00%(upstream:short)%00%(objectname)%00%(upstream:track)%00%(upstream:remotename)%00%(upstream:remoteref) refs/heads/main refs/remotes/main [1ms]
2026-04-19 01:47:34.969 [info] > git status -z -uall [6ms]
2026-04-19 01:47:34.970 [info] > git for-each-ref --sort -committerdate --format %(refname)%00%(objectname)%00%(*objectname) [2ms]
2026-04-19 01:47:50.270 [info] [Git][getRemotes] No remotes found in the git config file
2026-04-19 01:47:50.271 [info] > git config --get commit.template [7ms]
2026-04-19 01:47:50.272 [info] > git for-each-ref --format=%(refname)%00%(upstream:short)%00%(objectname)%00%(upstream:track)%00%(upstream:remotename)%00%(upstream:remoteref) refs/heads/main refs/remotes/main [2ms]
2026-04-19 01:47:50.284 [info] > git status -z -uall [7ms]
2026-04-19 01:47:50.285 [info] > git for-each-ref --sort -committerdate --format %(refname)%00%(objectname)%00%(*objectname) [2ms]
2026-04-19 01:47:55.301 [info] [Git][getRemotes] No remotes found in the git config file
2026-04-19 01:47:55.301 [info] > git config --get commit.template [7ms]
2026-04-19 01:47:55.302 [info] > git for-each-ref --format=%(refname)%00%(upstream:short)%00%(objectname)%00%(upstream:track)%00%(upstream:remotename)%00%(upstream:remoteref) refs/heads/main refs/remotes/main [2ms]
2026-04-19 01:47:55.314 [info] > git status -z -uall [7ms]
2026-04-19 01:47:55.315 [info] > git for-each-ref --sort -committerdate --format %(refname)%00%(objectname)%00%(*objectname) [1ms]
2026-04-19 01:49:09.145 [info] [Git][getRemotes] No remotes found in the git config file
2026-04-19 01:49:09.152 [info] > git config --get commit.template [7ms]
2026-04-19 01:49:09.153 [info] > git for-each-ref --format=%(refname)%00%(upstream:short)%00%(objectname)%00%(upstream:track)%00%(upstream:remotename)%00%(upstream:remoteref) refs/heads/main refs/remotes/main [2ms]
2026-04-19 01:49:09.164 [info] > git status -z -uall [6ms]
2026-04-19 01:49:09.166 [info] > git for-each-ref --sort -committerdate --format %(refname)%00%(objectname)%00%(*objectname) [2ms]
2026-04-19 01:49:14.181 [info] [Git][getRemotes] No remotes found in the git config file
2026-04-19 01:49:14.181 [info] > git config --get commit.template [6ms]
2026-04-19 01:49:14.182 [info] > git for-each-ref --format=%(refname)%00%(upstream:short)%00%(objectname)%00%(upstream:track)%00%(upstream:remotename)%00%(upstream:remoteref) refs/heads/main refs/remotes/main [1ms]
2026-04-19 01:49:14.194 [info] > git status -z -uall [7ms]
2026-04-19 01:49:14.195 [info] > git for-each-ref --sort -committerdate --format %(refname)%00%(objectname)%00%(*objectname) [2ms]
2026-04-19 02:04:51.732 [info] [Git][getRemotes] No remotes found in the git config file
2026-04-19 02:04:51.733 [info] > git config --get commit.template [6ms]
2026-04-19 02:04:51.733 [info] > git for-each-ref --format=%(refname)%00%(upstream:short)%00%(objectname)%00%(upstream:track)%00%(upstream:remotename)%00%(upstream:remoteref) refs/heads/main refs/remotes/main [1ms]
2026-04-19 02:04:51.745 [info] > git status -z -uall [6ms]
2026-04-19 02:04:51.747 [info] > git for-each-ref --sort -committerdate --format %(refname)%00%(objectname)%00%(*objectname) [2ms]
2026-04-19 02:14:28.601 [info] [Git][getRemotes] No remotes found in the git config file
2026-04-19 02:14:28.602 [info] > git config --get commit.template [10ms]
2026-04-19 02:14:28.603 [info] > git for-each-ref --format=%(refname)%00%(upstream:short)%00%(objectname)%00%(upstream:track)%00%(upstream:remotename)%00%(upstream:remoteref) refs/heads/main refs/remotes/main [3ms]
2026-04-19 02:14:28.618 [info] > git status -z -uall [8ms]
2026-04-19 02:14:28.619 [info] > git for-each-ref --sort -committerdate --format %(refname)%00%(objectname)%00%(*objectname) [2ms]
2026-04-19 02:14:33.631 [info] > git config --get commit.template [2ms]
2026-04-19 02:14:33.637 [info] [Git][getRemotes] No remotes found in the git config file
2026-04-19 02:14:33.639 [info] > git for-each-ref --format=%(refname)%00%(upstream:short)%00%(objectname)%00%(upstream:track)%00%(upstream:remotename)%00%(upstream:remoteref) refs/heads/main refs/remotes/main [2ms]
2026-04-19 02:14:33.652 [info] > git status -z -uall [7ms]
2026-04-19 02:14:33.653 [info] > git for-each-ref --sort -committerdate --format %(refname)%00%(objectname)%00%(*objectname) [2ms]
2026-04-19 02:14:46.635 [info] > git config --get commit.template [1ms]
2026-04-19 02:14:46.641 [info] [Git][getRemotes] No remotes found in the git config file
2026-04-19 02:14:46.643 [info] > git for-each-ref --format=%(refname)%00%(upstream:short)%00%(objectname)%00%(upstream:track)%00%(upstream:remotename)%00%(upstream:remoteref) refs/heads/main refs/remotes/main [2ms]
2026-04-19 02:14:46.654 [info] > git status -z -uall [6ms]
2026-04-19 02:14:46.655 [info] > git for-each-ref --sort -committerdate --format %(refname)%00%(objectname)%00%(*objectname) [1ms]
2026-04-19 02:14:51.846 [info] [Git][getRemotes] No remotes found in the git config file
2026-04-19 02:14:51.847 [info] > git config --get commit.template [7ms]
2026-04-19 02:14:51.848 [info] > git for-each-ref --format=%(refname)%00%(upstream:short)%00%(objectname)%00%(upstream:track)%00%(upstream:remotename)%00%(upstream:remoteref) refs/heads/main refs/remotes/main [1ms]
2026-04-19 02:14:51.859 [info] > git status -z -uall [6ms]
2026-04-19 02:14:51.860 [info] > git for-each-ref --sort -committerdate --format %(refname)%00%(objectname)%00%(*objectname) [2ms]
2026-04-19 02:15:13.715 [info] [Git][getRemotes] No remotes found in the git config file
2026-04-19 02:15:13.715 [info] > git config --get commit.template [6ms]
2026-04-19 02:15:13.716 [info] > git for-each-ref --format=%(refname)%00%(upstream:short)%00%(objectname)%00%(upstream:track)%00%(upstream:remotename)%00%(upstream:remoteref) refs/heads/main refs/remotes/main [1ms]
2026-04-19 02:15:13.728 [info] > git status -z -uall [6ms]
2026-04-19 02:15:13.729 [info] > git for-each-ref --sort -committerdate --format %(refname)%00%(objectname)%00%(*objectname) [2ms]
2026-04-19 02:15:18.741 [info] [Git][getRemotes] No remotes found in the git config file
2026-04-19 02:15:18.747 [info] > git config --get commit.template [7ms]
2026-04-19 02:15:18.748 [info] > git for-each-ref --format=%(refname)%00%(upstream:short)%00%(objectname)%00%(upstream:track)%00%(upstream:remotename)%00%(upstream:remoteref) refs/heads/main refs/remotes/main [2ms]
2026-04-19 02:15:18.759 [info] > git status -z -uall [6ms]
2026-04-19 02:15:18.761 [info] > git for-each-ref --sort -committerdate --format %(refname)%00%(objectname)%00%(*objectname) [2ms]
2026-04-19 02:24:53.811 [info] [Git][getRemotes] No remotes found in the git config file
2026-04-19 02:24:53.812 [info] > git config --get commit.template [7ms]
2026-04-19 02:24:53.813 [info] > git for-each-ref --format=%(refname)%00%(upstream:short)%00%(objectname)%00%(upstream:track)%00%(upstream:remotename)%00%(upstream:remoteref) refs/heads/main refs/remotes/main [2ms]
2026-04-19 02:24:53.825 [info] > git status -z -uall [6ms]
2026-04-19 02:24:53.826 [info] > git for-each-ref --sort -committerdate --format %(refname)%00%(objectname)%00%(*objectname) [2ms]
2026-04-19 02:24:58.844 [info] [Git][getRemotes] No remotes found in the git config file
2026-04-19 02:24:58.845 [info] > git config --get commit.template [7ms]
2026-04-19 02:24:58.846 [info] > git for-each-ref --format=%(refname)%00%(upstream:short)%00%(objectname)%00%(upstream:track)%00%(upstream:remotename)%00%(upstream:remoteref) refs/heads/main refs/remotes/main [2ms]
2026-04-19 02:24:58.858 [info] > git status -z -uall [6ms]
2026-04-19 02:24:58.859 [info] > git for-each-ref --sort -committerdate --format %(refname)%00%(objectname)%00%(*objectname) [2ms]
2026-04-19 02:25:20.883 [info] [Git][getRemotes] No remotes found in the git config file
2026-04-19 02:25:20.883 [info] > git config --get commit.template [7ms]
2026-04-19 02:25:20.884 [info] > git for-each-ref --format=%(refname)%00%(upstream:short)%00%(objectname)%00%(upstream:track)%00%(upstream:remotename)%00%(upstream:remoteref) refs/heads/main refs/remotes/main [1ms]
2026-04-19 02:25:20.898 [info] > git status -z -uall [7ms]
2026-04-19 02:25:20.899 [info] > git for-each-ref --sort -committerdate --format %(refname)%00%(objectname)%00%(*objectname) [2ms]
2026-04-19 02:25:25.914 [info] [Git][getRemotes] No remotes found in the git config file
2026-04-19 02:25:25.915 [info] > git config --get commit.template [7ms]
2026-04-19 02:25:25.916 [info] > git for-each-ref --format=%(refname)%00%(upstream:short)%00%(objectname)%00%(upstream:track)%00%(upstream:remotename)%00%(upstream:remoteref) refs/heads/main refs/remotes/main [2ms]
2026-04-19 02:25:25.929 [info] > git status -z -uall [7ms]
2026-04-19 02:25:25.930 [info] > git for-each-ref --sort -committerdate --format %(refname)%00%(objectname)%00%(*objectname) [2ms]
2026-04-19 02:25:44.288 [info] [Git][getRemotes] No remotes found in the git config file
2026-04-19 02:25:44.298 [info] > git config --get commit.template [11ms]
2026-04-19 02:25:44.299 [info] > git for-each-ref --format=%(refname)%00%(upstream:short)%00%(objectname)%00%(upstream:track)%00%(upstream:remotename)%00%(upstream:remoteref) refs/heads/main refs/remotes/main [2ms]
2026-04-19 02:25:44.313 [info] > git status -z -uall [7ms]
2026-04-19 02:25:44.313 [info] > git for-each-ref --sort -committerdate --format %(refname)%00%(objectname)%00%(*objectname) [2ms]
2026-04-19 02:25:49.329 [info] [Git][getRemotes] No remotes found in the git config file
2026-04-19 02:25:49.330 [info] > git config --get commit.template [7ms]
2026-04-19 02:25:49.331 [info] > git for-each-ref --format=%(refname)%00%(upstream:short)%00%(objectname)%00%(upstream:track)%00%(upstream:remotename)%00%(upstream:remoteref) refs/heads/main refs/remotes/main [2ms]
2026-04-19 02:25:49.342 [info] > git status -z -uall [6ms]
2026-04-19 02:25:49.343 [info] > git for-each-ref --sort -committerdate --format %(refname)%00%(objectname)%00%(*objectname) [1ms]
2026-04-19 02:25:56.970 [info] > git check-ignore -v -z --stdin [2ms]
2026-04-19 02:25:57.631 [info] [Git][getRemotes] No remotes found in the git config file
2026-04-19 02:25:57.638 [info] > git config --get commit.template [7ms]
2026-04-19 02:25:57.639 [info] > git for-each-ref --format=%(refname)%00%(upstream:short)%00%(objectname)%00%(upstream:track)%00%(upstream:remotename)%00%(upstream:remoteref) refs/heads/main refs/remotes/main [1ms]
2026-04-19 02:25:57.652 [info] > git status -z -uall [7ms]
2026-04-19 02:25:57.653 [info] > git for-each-ref --sort -committerdate --format %(refname)%00%(objectname)%00%(*objectname) [2ms]
2026-04-19 02:26:02.668 [info] [Git][getRemotes] No remotes found in the git config file
2026-04-19 02:26:02.669 [info] > git config --get commit.template [7ms]
2026-04-19 02:26:02.670 [info] > git for-each-ref --format=%(refname)%00%(upstream:short)%00%(objectname)%00%(upstream:track)%00%(upstream:remotename)%00%(upstream:remoteref) refs/heads/main refs/remotes/main [2ms]
2026-04-19 02:26:02.682 [info] > git status -z -uall [6ms]
2026-04-19 02:26:02.683 [info] > git for-each-ref --sort -committerdate --format %(refname)%00%(objectname)%00%(*objectname) [2ms]
2026-04-19 02:26:07.695 [info] > git config --get commit.template [1ms]
2026-04-19 02:26:07.701 [info] [Git][getRemotes] No remotes found in the git config file
2026-04-19 02:26:07.702 [info] > git for-each-ref --format=%(refname)%00%(upstream:short)%00%(objectname)%00%(upstream:track)%00%(upstream:remotename)%00%(upstream:remoteref) refs/heads/main refs/remotes/main [2ms]
2026-04-19 02:26:07.714 [info] > git status -z -uall [6ms]
2026-04-19 02:26:07.715 [info] > git for-each-ref --sort -committerdate --format %(refname)%00%(objectname)%00%(*objectname) [2ms]
2026-04-19 02:26:12.731 [info] [Git][getRemotes] No remotes found in the git config file
2026-04-19 02:26:12.732 [info] > git config --get commit.template [7ms]
2026-04-19 02:26:12.732 [info] > git for-each-ref --format=%(refname)%00%(upstream:short)%00%(objectname)%00%(upstream:track)%00%(upstream:remotename)%00%(upstream:remoteref) refs/heads/main refs/remotes/main [1ms]
2026-04-19 02:26:12.745 [info] > git status -z -uall [7ms]
2026-04-19 02:26:12.745 [info] > git for-each-ref --sort -committerdate --format %(refname)%00%(objectname)%00%(*objectname) [1ms]
2026-04-19 02:26:17.762 [info] [Git][getRemotes] No remotes found in the git config file
2026-04-19 02:26:17.762 [info] > git config --get commit.template [6ms]
2026-04-19 02:26:17.763 [info] > git for-each-ref --format=%(refname)%00%(upstream:short)%00%(objectname)%00%(upstream:track)%00%(upstream:remotename)%00%(upstream:remoteref) refs/heads/main refs/remotes/main [1ms]
2026-04-19 02:26:17.775 [info] > git status -z -uall [6ms]
2026-04-19 02:26:17.776 [info] > git for-each-ref --sort -committerdate --format %(refname)%00%(objectname)%00%(*objectname) [2ms]
2026-04-19 02:26:26.246 [info] [Git][getRemotes] No remotes found in the git config file
2026-04-19 02:26:26.247 [info] > git config --get commit.template [7ms]
2026-04-19 02:26:26.247 [info] > git for-each-ref --format=%(refname)%00%(upstream:short)%00%(objectname)%00%(upstream:track)%00%(upstream:remotename)%00%(upstream:remoteref) refs/heads/main refs/remotes/main [1ms]
2026-04-19 02:26:26.261 [info] > git status -z -uall [6ms]
2026-04-19 02:26:26.262 [info] > git for-each-ref --sort -committerdate --format %(refname)%00%(objectname)%00%(*objectname) [1ms]
2026-04-19 02:26:31.274 [info] > git config --get commit.template [1ms]
2026-04-19 02:26:31.280 [info] [Git][getRemotes] No remotes found in the git config file
2026-04-19 02:26:31.281 [info] > git for-each-ref --format=%(refname)%00%(upstream:short)%00%(objectname)%00%(upstream:track)%00%(upstream:remotename)%00%(upstream:remoteref) refs/heads/main refs/remotes/main [2ms]
2026-04-19 02:26:31.295 [info] > git status -z -uall [8ms]
2026-04-19 02:26:31.296 [info] > git for-each-ref --sort -committerdate --format %(refname)%00%(objectname)%00%(*objectname) [2ms]
2026-04-19 02:26:36.312 [info] [Git][getRemotes] No remotes found in the git config file
2026-04-19 02:26:36.313 [info] > git config --get commit.template [7ms]
2026-04-19 02:26:36.314 [info] > git for-each-ref --format=%(refname)%00%(upstream:short)%00%(objectname)%00%(upstream:track)%00%(upstream:remotename)%00%(upstream:remoteref) refs/heads/main refs/remotes/main [2ms]
2026-04-19 02:26:36.327 [info] > git status -z -uall [8ms]
2026-04-19 02:26:36.328 [info] > git for-each-ref --sort -committerdate --format %(refname)%00%(objectname)%00%(*objectname) [2ms]
2026-04-19 02:26:45.786 [info] [Git][getRemotes] No remotes found in the git config file
2026-04-19 02:26:45.787 [info] > git config --get commit.template [7ms]
2026-04-19 02:26:45.787 [info] > git for-each-ref --format=%(refname)%00%(upstream:short)%00%(objectname)%00%(upstream:track)%00%(upstream:remotename)%00%(upstream:remoteref) refs/heads/main refs/remotes/main [1ms]
2026-04-19 02:26:45.800 [info] > git status -z -uall [7ms]
2026-04-19 02:26:45.801 [info] > git for-each-ref --sort -committerdate --format %(refname)%00%(objectname)%00%(*objectname) [2ms]
2026-04-19 02:26:50.848 [info] [Git][getRemotes] No remotes found in the git config file
2026-04-19 02:26:50.848 [info] > git config --get commit.template [10ms]
2026-04-19 02:26:50.850 [info] > git for-each-ref --format=%(refname)%00%(upstream:short)%00%(objectname)%00%(upstream:track)%00%(upstream:remotename)%00%(upstream:remoteref) refs/heads/main refs/remotes/main [3ms]
2026-04-19 02:26:50.870 [info] > git status -z -uall [11ms]
2026-04-19 02:26:50.871 [info] > git for-each-ref --sort -committerdate --format %(refname)%00%(objectname)%00%(*objectname) [2ms]
2026-04-19 02:26:55.883 [info] [Git][getRemotes] No remotes found in the git config file
2026-04-19 02:26:55.890 [info] > git config --get commit.template [8ms]
2026-04-19 02:26:55.891 [info] > git for-each-ref --format=%(refname)%00%(upstream:short)%00%(objectname)%00%(upstream:track)%00%(upstream:remotename)%00%(upstream:remoteref) refs/heads/main refs/remotes/main [2ms]
2026-04-19 02:26:55.904 [info] > git status -z -uall [8ms]
2026-04-19 02:26:55.906 [info] > git for-each-ref --sort -committerdate --format %(refname)%00%(objectname)%00%(*objectname) [3ms]
2026-04-19 02:27:00.924 [info] [Git][getRemotes] No remotes found in the git config file
2026-04-19 02:27:00.924 [info] > git config --get commit.template [7ms]
2026-04-19 02:27:00.925 [info] > git for-each-ref --format=%(refname)%00%(upstream:short)%00%(objectname)%00%(upstream:track)%00%(upstream:remotename)%00%(upstream:remoteref) refs/heads/main refs/remotes/main [1ms]
2026-04-19 02:27:00.937 [info] > git status -z -uall [7ms]
2026-04-19 02:27:00.938 [info] > git for-each-ref --sort -committerdate --format %(refname)%00%(objectname)%00%(*objectname) [2ms]
2026-04-19 02:27:27.801 [info] [Git][getRemotes] No remotes found in the git config file
2026-04-19 02:27:27.807 [info] > git config --get commit.template [7ms]
2026-04-19 02:27:27.808 [info] > git for-each-ref --format=%(refname)%00%(upstream:short)%00%(objectname)%00%(upstream:track)%00%(upstream:remotename)%00%(upstream:remoteref) refs/heads/main refs/remotes/main [1ms]
2026-04-19 02:27:27.820 [info] > git status -z -uall [7ms]
2026-04-19 02:27:27.821 [info] > git for-each-ref --sort -committerdate --format %(refname)%00%(objectname)%00%(*objectname) [1ms]
2026-04-19 02:27:32.837 [info] [Git][getRemotes] No remotes found in the git config file
2026-04-19 02:27:32.837 [info] > git config --get commit.template [7ms]
2026-04-19 02:27:32.838 [info] > git for-each-ref --format=%(refname)%00%(upstream:short)%00%(objectname)%00%(upstream:track)%00%(upstream:remotename)%00%(upstream:remoteref) refs/heads/main refs/remotes/main [1ms]
2026-04-19 02:27:32.851 [info] > git status -z -uall [7ms]
2026-04-19 02:27:32.852 [info] > git for-each-ref --sort -committerdate --format %(refname)%00%(objectname)%00%(*objectname) [2ms]
2026-04-19 02:27:38.901 [info] [Git][getRemotes] No remotes found in the git config file
2026-04-19 02:27:38.901 [info] > git config --get commit.template [6ms]
2026-04-19 02:27:38.902 [info] > git for-each-ref --format=%(refname)%00%(upstream:short)%00%(objectname)%00%(upstream:track)%00%(upstream:remotename)%00%(upstream:remoteref) refs/heads/main refs/remotes/main [1ms]
2026-04-19 02:27:38.914 [info] > git status -z -uall [6ms]
2026-04-19 02:27:38.915 [info] > git for-each-ref --sort -committerdate --format %(refname)%00%(objectname)%00%(*objectname) [1ms]
2026-04-19 02:27:43.931 [info] [Git][getRemotes] No remotes found in the git config file
2026-04-19 02:27:43.932 [info] > git config --get commit.template [6ms]
2026-04-19 02:27:43.932 [info] > git for-each-ref --format=%(refname)%00%(upstream:short)%00%(objectname)%00%(upstream:track)%00%(upstream:remotename)%00%(upstream:remoteref) refs/heads/main refs/remotes/main [1ms]
2026-04-19 02:27:43.944 [info] > git status -z -uall [6ms]
2026-04-19 02:27:43.945 [info] > git for-each-ref --sort -committerdate --format %(refname)%00%(objectname)%00%(*objectname) [1ms]
2026-04-19 02:28:56.982 [info] [Git][getRemotes] No remotes found in the git config file
2026-04-19 02:28:56.984 [info] > git config --get commit.template [8ms]
2026-04-19 02:28:56.986 [info] > git for-each-ref --format=%(refname)%00%(upstream:short)%00%(objectname)%00%(upstream:track)%00%(upstream:remotename)%00%(upstream:remoteref) refs/heads/main refs/remotes/main [4ms]
2026-04-19 02:28:57.000 [info] > git status -z -uall [7ms]
2026-04-19 02:28:57.001 [info] > git for-each-ref --sort -committerdate --format %(refname)%00%(objectname)%00%(*objectname) [2ms]
2026-04-19 02:29:02.017 [info] [Git][getRemotes] No remotes found in the git config file
2026-04-19 02:29:02.017 [info] > git config --get commit.template [6ms]
2026-04-19 02:29:02.018 [info] > git for-each-ref --format=%(refname)%00%(upstream:short)%00%(objectname)%00%(upstream:track)%00%(upstream:remotename)%00%(upstream:remoteref) refs/heads/main refs/remotes/main [1ms]
2026-04-19 02:29:02.030 [info] > git status -z -uall [6ms]
2026-04-19 02:29:02.031 [info] > git for-each-ref --sort -committerdate --format %(refname)%00%(objectname)%00%(*objectname) [2ms]
2026-04-19 02:34:46.572 [info] [Git][getRemotes] No remotes found in the git config file
2026-04-19 02:34:46.573 [info] > git config --get commit.template [7ms]
2026-04-19 02:34:46.574 [info] > git for-each-ref --format=%(refname)%00%(upstream:short)%00%(objectname)%00%(upstream:track)%00%(upstream:remotename)%00%(upstream:remoteref) refs/heads/main refs/remotes/main [2ms]
2026-04-19 02:34:46.590 [info] > git status -z -uall [9ms]
2026-04-19 02:34:46.591 [info] > git for-each-ref --sort -committerdate --format %(refname)%00%(objectname)%00%(*objectname) [2ms]
2026-04-19 02:34:51.602 [info] [Git][getRemotes] No remotes found in the git config file
2026-04-19 02:34:51.609 [info] > git config --get commit.template [8ms]
2026-04-19 02:34:51.610 [info] > git for-each-ref --format=%(refname)%00%(upstream:short)%00%(objectname)%00%(upstream:track)%00%(upstream:remotename)%00%(upstream:remoteref) refs/heads/main refs/remotes/main [2ms]
2026-04-19 02:34:51.621 [info] > git status -z -uall [6ms]
2026-04-19 02:34:51.622 [info] > git for-each-ref --sort -committerdate --format %(refname)%00%(objectname)%00%(*objectname) [1ms]
2026-04-19 02:34:56.634 [info] > git config --get commit.template [2ms]
2026-04-19 02:34:56.641 [info] [Git][getRemotes] No remotes found in the git config file
2026-04-19 02:34:56.642 [info] > git for-each-ref --format=%(refname)%00%(upstream:short)%00%(objectname)%00%(upstream:track)%00%(upstream:remotename)%00%(upstream:remoteref) refs/heads/main refs/remotes/main [1ms]
2026-04-19 02:34:56.654 [info] > git status -z -uall [6ms]
2026-04-19 02:34:56.655 [info] > git for-each-ref --sort -committerdate --format %(refname)%00%(objectname)%00%(*objectname) [1ms]
2026-04-19 02:35:01.666 [info] > git config --get commit.template [2ms]
2026-04-19 02:35:01.672 [info] [Git][getRemotes] No remotes found in the git config file
2026-04-19 02:35:01.673 [info] > git for-each-ref --format=%(refname)%00%(upstream:short)%00%(objectname)%00%(upstream:track)%00%(upstream:remotename)%00%(upstream:remoteref) refs/heads/main refs/remotes/main [1ms]
2026-04-19 02:35:01.684 [info] > git status -z -uall [5ms]
2026-04-19 02:35:01.686 [info] > git for-each-ref --sort -committerdate --format %(refname)%00%(objectname)%00%(*objectname) [1ms]
2026-04-19 02:35:07.669 [info] [Git][getRemotes] No remotes found in the git config file
2026-04-19 02:35:07.676 [info] > git config --get commit.template [8ms]
2026-04-19 02:35:07.677 [info] > git for-each-ref --format=%(refname)%00%(upstream:short)%00%(objectname)%00%(upstream:track)%00%(upstream:remotename)%00%(upstream:remoteref) refs/heads/main refs/remotes/main [2ms]
2026-04-19 02:35:07.688 [info] > git status -z -uall [6ms]
2026-04-19 02:35:07.689 [info] > git for-each-ref --sort -committerdate --format %(refname)%00%(objectname)%00%(*objectname) [1ms]
2026-04-19 02:35:12.699 [info] [Git][getRemotes] No remotes found in the git config file
2026-04-19 02:35:12.705 [info] > git config --get commit.template [6ms]
2026-04-19 02:35:12.706 [info] > git for-each-ref --format=%(refname)%00%(upstream:short)%00%(objectname)%00%(upstream:track)%00%(upstream:remotename)%00%(upstream:remoteref) refs/heads/main refs/remotes/main [1ms]
2026-04-19 02:35:12.718 [info] > git status -z -uall [6ms]
2026-04-19 02:35:12.719 [info] > git for-each-ref --sort -committerdate --format %(refname)%00%(objectname)%00%(*objectname) [2ms]
2026-04-19 02:35:17.729 [info] [Git][getRemotes] No remotes found in the git config file
2026-04-19 02:35:17.736 [info] > git config --get commit.template [7ms]
2026-04-19 02:35:17.737 [info] > git for-each-ref --format=%(refname)%00%(upstream:short)%00%(objectname)%00%(upstream:track)%00%(upstream:remotename)%00%(upstream:remoteref) refs/heads/main refs/remotes/main [2ms]
2026-04-19 02:35:17.752 [info] > git status -z -uall [9ms]
2026-04-19 02:35:17.754 [info] > git for-each-ref --sort -committerdate --format %(refname)%00%(objectname)%00%(*objectname) [2ms]
2026-04-19 02:35:22.769 [info] [Git][getRemotes] No remotes found in the git config file
2026-04-19 02:35:22.771 [info] > git config --get commit.template [8ms]
2026-04-19 02:35:22.771 [info] > git for-each-ref --format=%(refname)%00%(upstream:short)%00%(objectname)%00%(upstream:track)%00%(upstream:remotename)%00%(upstream:remoteref) refs/heads/main refs/remotes/main [2ms]
2026-04-19 02:35:22.782 [info] > git status -z -uall [6ms]
2026-04-19 02:35:22.783 [info] > git for-each-ref --sort -committerdate --format %(refname)%00%(objectname)%00%(*objectname) [1ms]
2026-04-19 02:35:30.230 [info] [Git][getRemotes] No remotes found in the git config file
2026-04-19 02:35:30.232 [info] > git config --get commit.template [7ms]
2026-04-19 02:35:30.232 [info] > git for-each-ref --format=%(refname)%00%(upstream:short)%00%(objectname)%00%(upstream:track)%00%(upstream:remotename)%00%(upstream:remoteref) refs/heads/main refs/remotes/main [2ms]
2026-04-19 02:35:30.244 [info] > git status -z -uall [6ms]
2026-04-19 02:35:30.245 [info] > git for-each-ref --sort -committerdate --format %(refname)%00%(objectname)%00%(*objectname) [1ms]
2026-04-19 02:35:35.262 [info] [Git][getRemotes] No remotes found in the git config file
2026-04-19 02:35:35.263 [info] > git config --get commit.template [8ms]
2026-04-19 02:35:35.263 [info] > git for-each-ref --format=%(refname)%00%(upstream:short)%00%(objectname)%00%(upstream:track)%00%(upstream:remotename)%00%(upstream:remoteref) refs/heads/main refs/remotes/main [1ms]
2026-04-19 02:35:35.276 [info] > git status -z -uall [7ms]
2026-04-19 02:35:35.277 [info] > git for-each-ref --sort -committerdate --format %(refname)%00%(objectname)%00%(*objectname) [1ms]
2026-04-19 02:36:11.549 [info] [Git][getRemotes] No remotes found in the git config file
2026-04-19 02:36:11.555 [info] > git config --get commit.template [6ms]
2026-04-19 02:36:11.556 [info] > git for-each-ref --format=%(refname)%00%(upstream:short)%00%(objectname)%00%(upstream:track)%00%(upstream:remotename)%00%(upstream:remoteref) refs/heads/main refs/remotes/main [2ms]
2026-04-19 02:36:11.569 [info] > git status -z -uall [6ms]
2026-04-19 02:36:11.571 [info] > git for-each-ref --sort -committerdate --format %(refname)%00%(objectname)%00%(*objectname) [1ms]
2026-04-19 02:36:16.584 [info] > git config --get commit.template [1ms]
2026-04-19 02:36:16.589 [info] [Git][getRemotes] No remotes found in the git config file
2026-04-19 02:36:16.591 [info] > git for-each-ref --format=%(refname)%00%(upstream:short)%00%(objectname)%00%(upstream:track)%00%(upstream:remotename)%00%(upstream:remoteref) refs/heads/main refs/remotes/main [2ms]
2026-04-19 02:36:16.603 [info] > git status -z -uall [7ms]
2026-04-19 02:36:16.604 [info] > git for-each-ref --sort -committerdate --format %(refname)%00%(objectname)%00%(*objectname) [2ms]
2026-04-19 02:36:55.340 [info] > git config --get commit.template [1ms]
2026-04-19 02:36:55.346 [info] [Git][getRemotes] No remotes found in the git config file
2026-04-19 02:36:55.347 [info] > git for-each-ref --format=%(refname)%00%(upstream:short)%00%(objectname)%00%(upstream:track)%00%(upstream:remotename)%00%(upstream:remoteref) refs/heads/main refs/remotes/main [1ms]
2026-04-19 02:36:55.359 [info] > git status -z -uall [6ms]
2026-04-19 02:36:55.360 [info] > git for-each-ref --sort -committerdate --format %(refname)%00%(objectname)%00%(*objectname) [1ms]
2026-04-19 02:37:00.370 [info] [Git][getRemotes] No remotes found in the git config file
2026-04-19 02:37:00.377 [info] > git config --get commit.template [7ms]
2026-04-19 02:37:00.378 [info] > git for-each-ref --format=%(refname)%00%(upstream:short)%00%(objectname)%00%(upstream:track)%00%(upstream:remotename)%00%(upstream:remoteref) refs/heads/main refs/remotes/main [1ms]
2026-04-19 02:37:00.391 [info] > git status -z -uall [7ms]
2026-04-19 02:37:00.392 [info] > git for-each-ref --sort -committerdate --format %(refname)%00%(objectname)%00%(*objectname) [2ms]
2026-04-19 02:37:01.844 [info] [Git][getRemotes] No remotes found in the git config file
2026-04-19 02:37:01.845 [info] > git config --get commit.template [9ms]
2026-04-19 02:37:01.846 [info] > git for-each-ref --format=%(refname)%00%(upstream:short)%00%(objectname)%00%(upstream:track)%00%(upstream:remotename)%00%(upstream:remoteref) refs/heads/main refs/remotes/main [2ms]
2026-04-19 02:37:01.859 [info] > git status -z -uall [7ms]
2026-04-19 02:37:01.860 [info] > git for-each-ref --sort -committerdate --format %(refname)%00%(objectname)%00%(*objectname) [2ms]
2026-04-19 02:37:01.871 [info] > git blame --root --incremental 86015357b4863ebfaa839a5401a9d637f9692888 -- .env [3ms]
2026-04-19 02:37:01.871 [info] fatal: no such path .env in 86015357b4863ebfaa839a5401a9d637f9692888
2026-04-19 02:37:05.407 [info] [Git][getRemotes] No remotes found in the git config file
2026-04-19 02:37:05.408 [info] > git config --get commit.template [7ms]
2026-04-19 02:37:05.409 [info] > git for-each-ref --format=%(refname)%00%(upstream:short)%00%(objectname)%00%(upstream:track)%00%(upstream:remotename)%00%(upstream:remoteref) refs/heads/main refs/remotes/main [2ms]
2026-04-19 02:37:05.422 [info] > git status -z -uall [6ms]
2026-04-19 02:37:05.424 [info] > git for-each-ref --sort -committerdate --format %(refname)%00%(objectname)%00%(*objectname) [2ms]
