2026-04-16 23:11:44.919 [info] [LS Main] Starting language server from: /usr/share/antigravity/resources/app/extensions/antigravity/bin/language_server_linux_x64
2026-04-16 23:11:44.953 [info] [LS Main] Args: --csrf_token 88c0540f-e2ed-439d-ac2d-1ed1c0513fca --extension_server_port 42345 --extension_server_csrf_token c2587f34-9737-4b0d-9e2b-39700185c0a3 --app_data_dir antigravity --cloud_code_endpoint https://cloudcode-pa.googleapis.com
2026-04-16 23:11:44.961 [info] [LS Main] Process spawned with PID: 219487
2026-04-16 23:11:45.065 [error] [LS Main stderr] I0416 23:11:45.063345 219487 server.go:1221] Starting language server process with pid 219487
I0416 23:11:45.063451 219487 server.go:295] Setting GOMAXPROCS to 4

2026-04-16 23:11:45.066 [error] [LS Main stderr] I0416 23:11:45.064945 219487 server.go:441] Language server will attempt to listen on host 127.0.0.1
I0416 23:11:45.065302 219487 server.go:455] Language server listening on random port at 39413 for HTTPS (gRPC)
I0416 23:11:45.065341 219487 server.go:462] Language server listening on random port at 41095 for HTTP

2026-04-16 23:11:46.347 [error] [LS Main stderr] I0416 23:11:46.345834 219487 server.go:434] Created extension server client at port 42345

2026-04-16 23:11:46.367 [error] [LS Main stderr] I0416 23:11:46.367526 219487 cascade_manager.go:772] Reactive state is disabled

2026-04-16 23:11:46.377 [info] [LS Main] LS started on port 39413
2026-04-16 23:11:46.380 [error] [LS Main stderr] I0416 23:11:46.379762 219487 server.go:1679] initialized server successfully in 1.316286207s

2026-04-16 23:11:46.383 [error] [LS Main stderr] E0416 23:11:46.382786 219487 server.go:545] Failed to get OAuth token: error getting token source from auth provider: state syncing error: key not found
W0416 23:11:46.382859 219487 client.go:167] failed to set auth token

2026-04-16 23:11:46.386 [error] [LS Main stderr] W0416 23:11:46.386210 219487 log_context.go:118] Cache(userInfo): Singleflight refresh failed: error getting token source: state syncing error: key not found

2026-04-16 23:13:23.896 [error] [LS Main stderr] I0416 23:13:23.896131 219487 http_helpers.go:123] URL: https://cloudcode-pa.googleapis.com/v1internal:loadCodeAssist Trace: 0xa4a1c937f3ea09ef

2026-04-16 23:13:24.817 [error] [LS Main stderr] I0416 23:13:24.817280 219487 http_helpers.go:123] URL: https://cloudcode-pa.googleapis.com/v1internal:fetchAvailableModels Trace: 0xee0d48393379d268

2026-04-16 23:16:22.963 [error] [LS Main stderr] E0416 23:16:22.963673 219487 log.go:398] failed to check terminal shell support: internal: internal error

2026-04-16 23:16:23.046 [error] [LS Main stderr] I0416 23:16:23.046494 219487 planner_generator.go:283] Requesting planner with 4 chat messages at model retry attempt 1 and API retry attempt 1

2026-04-16 23:16:28.081 [error] [LS Main stderr] I0416 23:16:28.081388 219487 http_helpers.go:123] URL: https://cloudcode-pa.googleapis.com/v1internal:streamGenerateContent?alt=sse Trace: 0x19264e7d9a9a0ade

2026-04-16 23:16:30.598 [error] [LS Main stderr] I0416 23:16:30.598704 219487 planner_generator.go:283] Requesting planner with 5 chat messages at model retry attempt 1 and API retry attempt 1

2026-04-16 23:16:32.215 [error] [LS Main stderr] I0416 23:16:32.214750 219487 http_helpers.go:123] URL: https://cloudcode-pa.googleapis.com/v1internal:streamGenerateContent?alt=sse Trace: 0x8a5842e65797a273

2026-04-16 23:16:35.691 [error] [LS Main stderr] I0416 23:16:35.690877 219487 http_helpers.go:123] URL: https://cloudcode-pa.googleapis.com/v1internal:streamGenerateContent?alt=sse Trace: 0x2d39cb6fb0bb4eb6

2026-04-16 23:16:36.799 [error] [LS Main stderr] I0416 23:16:36.799390 219487 planner_generator.go:283] Requesting planner with 7 chat messages at model retry attempt 1 and API retry attempt 1

2026-04-16 23:16:42.463 [error] [LS Main stderr] I0416 23:16:42.462850 219487 http_helpers.go:123] URL: https://cloudcode-pa.googleapis.com/v1internal:streamGenerateContent?alt=sse Trace: 0x7b56f14b58bf1bb7

2026-04-16 23:16:47.417 [error] [LS Main stderr] I0416 23:16:47.417275 219487 planner_generator.go:283] Requesting planner with 9 chat messages at model retry attempt 1 and API retry attempt 1

2026-04-16 23:16:52.231 [error] [LS Main stderr] I0416 23:16:52.230400 219487 http_helpers.go:123] URL: https://cloudcode-pa.googleapis.com/v1internal:streamGenerateContent?alt=sse Trace: 0x602915c312acb703

2026-04-16 23:16:53.418 [error] [LS Main stderr] I0416 23:16:53.418099 219487 planner_generator.go:283] Requesting planner with 11 chat messages at model retry attempt 1 and API retry attempt 1

2026-04-16 23:16:57.690 [error] [LS Main stderr] I0416 23:16:57.690028 219487 http_helpers.go:123] URL: https://cloudcode-pa.googleapis.com/v1internal:streamGenerateContent?alt=sse Trace: 0x6d39bba1df12822a

2026-04-16 23:17:05.784 [error] [LS Main stderr] I0416 23:17:05.783878 219487 planner_generator.go:283] Requesting planner with 13 chat messages at model retry attempt 1 and API retry attempt 1

2026-04-16 23:17:10.418 [error] [LS Main stderr] I0416 23:17:10.418537 219487 http_helpers.go:123] URL: https://cloudcode-pa.googleapis.com/v1internal:streamGenerateContent?alt=sse Trace: 0x87508702e22eb6de

2026-04-16 23:17:18.847 [error] [LS Main stderr] I0416 23:17:18.847651 219487 planner_generator.go:283] Requesting planner with 15 chat messages at model retry attempt 1 and API retry attempt 1

2026-04-16 23:17:23.986 [error] [LS Main stderr] I0416 23:17:23.986359 219487 http_helpers.go:123] URL: https://cloudcode-pa.googleapis.com/v1internal:streamGenerateContent?alt=sse Trace: 0x40e9fb42fdab2a87

2026-04-16 23:17:55.372 [error] [LS Main stderr] I0416 23:17:55.372335 219487 planner_generator.go:283] Requesting planner with 17 chat messages at model retry attempt 1 and API retry attempt 1

2026-04-16 23:18:00.254 [error] [LS Main stderr] I0416 23:18:00.253940 219487 http_helpers.go:123] URL: https://cloudcode-pa.googleapis.com/v1internal:streamGenerateContent?alt=sse Trace: 0x2d5951a752302a81

2026-04-16 23:18:12.458 [error] [LS Main stderr] I0416 23:18:12.458205 219487 planner_generator.go:283] Requesting planner with 19 chat messages at model retry attempt 1 and API retry attempt 1

2026-04-16 23:18:17.913 [error] [LS Main stderr] I0416 23:18:17.912865 219487 http_helpers.go:123] URL: https://cloudcode-pa.googleapis.com/v1internal:streamGenerateContent?alt=sse Trace: 0x357a344283127339

2026-04-16 23:18:23.979 [error] [LS Main stderr] I0416 23:18:23.979483 219487 planner_generator.go:283] Requesting planner with 21 chat messages at model retry attempt 1 and API retry attempt 1

2026-04-16 23:18:25.501 [error] [LS Main stderr] I0416 23:18:25.501406 219487 http_helpers.go:123] URL: https://cloudcode-pa.googleapis.com/v1internal:loadCodeAssist Trace: 0x3c801aa4c2084695

2026-04-16 23:18:29.486 [error] [LS Main stderr] I0416 23:18:29.485920 219487 http_helpers.go:123] URL: https://cloudcode-pa.googleapis.com/v1internal:streamGenerateContent?alt=sse Trace: 0x54f225b710b1da0b

2026-04-16 23:18:30.897 [error] [LS Main stderr] I0416 23:18:30.897095 219487 planner_generator.go:283] Requesting planner with 23 chat messages at model retry attempt 1 and API retry attempt 1

2026-04-16 23:18:31.423 [error] [LS Main stderr] I0416 23:18:31.422834 219487 http_helpers.go:123] URL: https://cloudcode-pa.googleapis.com/v1internal:fetchAvailableModels Trace: 0x6e7e8ac4fec88c64

2026-04-16 23:18:36.089 [error] [LS Main stderr] I0416 23:18:36.088652 219487 http_helpers.go:123] URL: https://cloudcode-pa.googleapis.com/v1internal:streamGenerateContent?alt=sse Trace: 0x2a1891856e84a52a

2026-04-16 23:18:50.901 [error] [LS Main stderr] I0416 23:18:50.900939 219487 planner_generator.go:283] Requesting planner with 25 chat messages at model retry attempt 1 and API retry attempt 1

2026-04-16 23:18:55.358 [error] [LS Main stderr] I0416 23:18:55.358124 219487 http_helpers.go:123] URL: https://cloudcode-pa.googleapis.com/v1internal:streamGenerateContent?alt=sse Trace: 0x26a57bd073c75f51

2026-04-16 23:19:06.472 [error] [LS Main stderr] I0416 23:19:06.471875 219487 planner_generator.go:283] Requesting planner with 27 chat messages at model retry attempt 1 and API retry attempt 1

2026-04-16 23:19:13.140 [error] [LS Main stderr] I0416 23:19:13.140345 219487 http_helpers.go:123] URL: https://cloudcode-pa.googleapis.com/v1internal:streamGenerateContent?alt=sse Trace: 0x29e1ad11f03aa55d

2026-04-16 23:19:18.608 [error] [LS Main stderr] I0416 23:19:18.608260 219487 planner_generator.go:283] Requesting planner with 29 chat messages at model retry attempt 1 and API retry attempt 1

2026-04-16 23:19:23.383 [error] [LS Main stderr] I0416 23:19:23.383436 219487 http_helpers.go:123] URL: https://cloudcode-pa.googleapis.com/v1internal:streamGenerateContent?alt=sse Trace: 0x6dc8bc93b4a77737

2026-04-16 23:20:08.224 [error] [LS Main stderr] I0416 23:20:08.224231 219487 http_helpers.go:123] URL: https://cloudcode-pa.googleapis.com/v1internal:streamGenerateContent?alt=sse Trace: 0x42f429f410baa781

2026-04-16 23:20:08.753 [error] [LS Main stderr] I0416 23:20:08.752758 219487 planner_generator.go:283] Requesting planner with 31 chat messages at model retry attempt 1 and API retry attempt 1

2026-04-16 23:20:10.461 [error] [LS Main stderr] I0416 23:20:10.461082 219487 http_helpers.go:123] URL: https://cloudcode-pa.googleapis.com/v1internal:streamGenerateContent?alt=sse Trace: 0x787f971ed7565dc8

2026-04-16 23:20:10.890 [error] [LS Main stderr] I0416 23:20:10.889872 219487 http_helpers.go:123] URL: https://cloudcode-pa.googleapis.com/v1internal:streamGenerateContent?alt=sse Trace: 0xb58f67c189514984

2026-04-16 23:20:11.135 [error] [LS Main stderr] I0416 23:20:11.134945 219487 http_helpers.go:123] URL: https://cloudcode-pa.googleapis.com/v1internal:streamGenerateContent?alt=sse Trace: 0x524996271430f078

2026-04-16 23:20:14.291 [error] [LS Main stderr] I0416 23:20:14.291061 219487 http_helpers.go:123] URL: https://cloudcode-pa.googleapis.com/v1internal:streamGenerateContent?alt=sse Trace: 0x980e0a968e9263f9

2026-04-16 23:20:18.778 [error] [LS Main stderr] I0416 23:20:18.778079 219487 http_helpers.go:123] URL: https://cloudcode-pa.googleapis.com/v1internal:streamGenerateContent?alt=sse Trace: 0x665d75c0c04e50f1

2026-04-16 23:20:19.071 [error] [LS Main stderr] I0416 23:20:19.071239 219487 planner_generator.go:283] Requesting planner with 33 chat messages at model retry attempt 1 and API retry attempt 1

2026-04-16 23:20:25.748 [error] [LS Main stderr] I0416 23:20:25.748272 219487 http_helpers.go:123] URL: https://cloudcode-pa.googleapis.com/v1internal:streamGenerateContent?alt=sse Trace: 0xa29aa850e4788cc3

2026-04-16 23:22:23.116 [error] [LS Main stderr] E0416 23:22:23.115091 219487 log.go:398] failed to check terminal shell support: internal: internal error

2026-04-16 23:22:23.144 [error] [LS Main stderr] I0416 23:22:23.144617 219487 planner_generator.go:283] Requesting planner with 36 chat messages at model retry attempt 1 and API retry attempt 1

2026-04-16 23:22:28.446 [error] [LS Main stderr] I0416 23:22:28.445752 219487 http_helpers.go:123] URL: https://cloudcode-pa.googleapis.com/v1internal:streamGenerateContent?alt=sse Trace: 0x3fa6ce06fc3dd310

2026-04-16 23:22:30.107 [error] [LS Main stderr] I0416 23:22:30.106940 219487 planner_generator.go:283] Requesting planner with 37 chat messages at model retry attempt 1 and API retry attempt 1

2026-04-16 23:22:35.413 [error] [LS Main stderr] I0416 23:22:35.413285 219487 http_helpers.go:123] URL: https://cloudcode-pa.googleapis.com/v1internal:streamGenerateContent?alt=sse Trace: 0x6abd3e2d361df917

2026-04-16 23:22:36.727 [error] [LS Main stderr] I0416 23:22:36.727071 219487 planner_generator.go:283] Requesting planner with 39 chat messages at model retry attempt 1 and API retry attempt 1

2026-04-16 23:22:41.558 [error] [LS Main stderr] I0416 23:22:41.557655 219487 http_helpers.go:123] URL: https://cloudcode-pa.googleapis.com/v1internal:streamGenerateContent?alt=sse Trace: 0xb211bb4af092e9ef

2026-04-16 23:23:22.275 [error] [LS Main stderr] I0416 23:23:22.275664 219487 planner_generator.go:283] Requesting planner with 41 chat messages at model retry attempt 1 and API retry attempt 1

2026-04-16 23:23:27.260 [error] [LS Main stderr] I0416 23:23:27.259944 219487 http_helpers.go:123] URL: https://cloudcode-pa.googleapis.com/v1internal:streamGenerateContent?alt=sse Trace: 0x55523675c9b97cf3

2026-04-16 23:23:28.333 [error] [LS Main stderr] I0416 23:23:28.333391 219487 planner_generator.go:283] Requesting planner with 43 chat messages at model retry attempt 1 and API retry attempt 1

2026-04-16 23:23:29.846 [error] [LS Main stderr] I0416 23:23:29.846511 219487 http_helpers.go:123] URL: https://cloudcode-pa.googleapis.com/v1internal:loadCodeAssist Trace: 0x7d10e6e14914feca

2026-04-16 23:23:33.569 [error] [LS Main stderr] I0416 23:23:33.568971 219487 http_helpers.go:123] URL: https://cloudcode-pa.googleapis.com/v1internal:streamGenerateContent?alt=sse Trace: 0x67bd644a26892fb3

2026-04-16 23:23:59.200 [error] [LS Main stderr] I0416 23:23:59.200639 219487 http_helpers.go:123] URL: https://cloudcode-pa.googleapis.com/v1internal:fetchAvailableModels Trace: 0x5d369ba8ef0a3ae7

2026-04-16 23:24:00.368 [error] [LS Main stderr] I0416 23:24:00.368023 219487 http_helpers.go:123] URL: https://cloudcode-pa.googleapis.com/v1internal:streamGenerateContent?alt=sse Trace: 0x99af254e1e66244b

2026-04-16 23:24:00.705 [error] [LS Main stderr] I0416 23:24:00.705320 219487 planner_generator.go:283] Requesting planner with 45 chat messages at model retry attempt 1 and API retry attempt 1

2026-04-16 23:24:06.848 [error] [LS Main stderr] I0416 23:24:06.848048 219487 http_helpers.go:123] URL: https://cloudcode-pa.googleapis.com/v1internal:streamGenerateContent?alt=sse Trace: 0x8d8591d3f926871a

2026-04-16 23:25:33.367 [error] [LS Main stderr] E0416 23:25:33.366819 219487 log.go:398] failed to check terminal shell support: internal: internal error

2026-04-16 23:25:33.398 [error] [LS Main stderr] I0416 23:25:33.398487 219487 planner_generator.go:283] Requesting planner with 48 chat messages at model retry attempt 1 and API retry attempt 1

2026-04-16 23:25:40.526 [error] [LS Main stderr] I0416 23:25:40.526231 219487 http_helpers.go:123] URL: https://cloudcode-pa.googleapis.com/v1internal:streamGenerateContent?alt=sse Trace: 0x5e296cac6f9dae8c

2026-04-16 23:25:48.624 [error] [LS Main stderr] I0416 23:25:48.623791 219487 planner_generator.go:283] Requesting planner with 49 chat messages at model retry attempt 1 and API retry attempt 1

2026-04-16 23:25:54.131 [error] [LS Main stderr] I0416 23:25:54.130817 219487 http_helpers.go:123] URL: https://cloudcode-pa.googleapis.com/v1internal:streamGenerateContent?alt=sse Trace: 0xdee5db32a70f1a4c

2026-04-16 23:26:19.518 [error] [LS Main stderr] I0416 23:26:19.518310 219487 planner_generator.go:283] Requesting planner with 51 chat messages at model retry attempt 1 and API retry attempt 1

2026-04-16 23:26:24.875 [error] [LS Main stderr] I0416 23:26:24.874937 219487 http_helpers.go:123] URL: https://cloudcode-pa.googleapis.com/v1internal:streamGenerateContent?alt=sse Trace: 0xec068b978533c40b

2026-04-16 23:26:51.879 [error] [LS Main stderr] I0416 23:26:51.879296 219487 planner_generator.go:283] Requesting planner with 53 chat messages at model retry attempt 1 and API retry attempt 1

2026-04-16 23:26:57.307 [error] [LS Main stderr] I0416 23:26:57.307273 219487 http_helpers.go:123] URL: https://cloudcode-pa.googleapis.com/v1internal:streamGenerateContent?alt=sse Trace: 0x10a0de10cc71f948

2026-04-16 23:27:12.932 [error] [LS Main stderr] I0416 23:27:12.932347 219487 planner_generator.go:283] Requesting planner with 55 chat messages at model retry attempt 1 and API retry attempt 1

2026-04-16 23:27:19.696 [error] [LS Main stderr] I0416 23:27:19.695874 219487 http_helpers.go:123] URL: https://cloudcode-pa.googleapis.com/v1internal:streamGenerateContent?alt=sse Trace: 0x8a712710180ee239

2026-04-16 23:27:25.890 [error] [LS Main stderr] I0416 23:27:25.889787 219487 planner_generator.go:283] Requesting planner with 57 chat messages at model retry attempt 1 and API retry attempt 1

2026-04-16 23:27:31.757 [error] [LS Main stderr] I0416 23:27:31.756893 219487 http_helpers.go:123] URL: https://cloudcode-pa.googleapis.com/v1internal:streamGenerateContent?alt=sse Trace: 0x22535247f317c135

2026-04-16 23:28:01.514 [error] [LS Main stderr] I0416 23:28:01.514568 219487 planner_generator.go:283] Requesting planner with 31 chat messages at model retry attempt 1 and API retry attempt 1

2026-04-16 23:28:03.360 [error] [LS Main stderr] I0416 23:28:03.359893 219487 http_helpers.go:123] URL: https://cloudcode-pa.googleapis.com/v1internal:streamGenerateContent?alt=sse Trace: 0xabd6c57d4c4079b5

2026-04-16 23:28:03.578 [error] [LS Main stderr] I0416 23:28:03.577759 219487 http_helpers.go:123] URL: https://cloudcode-pa.googleapis.com/v1internal:streamGenerateContent?alt=sse Trace: 0xc0aa58561d1fb035

2026-04-16 23:28:03.663 [error] [LS Main stderr] I0416 23:28:03.663433 219487 http_helpers.go:123] URL: https://cloudcode-pa.googleapis.com/v1internal:streamGenerateContent?alt=sse Trace: 0x5cd51a0652e97336

2026-04-16 23:28:07.122 [error] [LS Main stderr] I0416 23:28:07.122520 219487 http_helpers.go:123] URL: https://cloudcode-pa.googleapis.com/v1internal:streamGenerateContent?alt=sse Trace: 0x3d4a64c6d8ca6871

2026-04-16 23:28:15.064 [error] [LS Main stderr] I0416 23:28:15.063724 219487 planner_generator.go:283] Requesting planner with 33 chat messages at model retry attempt 1 and API retry attempt 1

2026-04-16 23:28:19.721 [error] [LS Main stderr] I0416 23:28:19.721538 219487 http_helpers.go:123] URL: https://cloudcode-pa.googleapis.com/v1internal:streamGenerateContent?alt=sse Trace: 0xa006dcc80bc5f93d

2026-04-16 23:28:27.347 [error] [LS Main stderr] I0416 23:28:27.347500 219487 planner_generator.go:283] Requesting planner with 35 chat messages at model retry attempt 1 and API retry attempt 1

2026-04-16 23:28:32.084 [error] [LS Main stderr] I0416 23:28:32.084406 219487 http_helpers.go:123] URL: https://cloudcode-pa.googleapis.com/v1internal:streamGenerateContent?alt=sse Trace: 0xbc257d5456cb1b30

2026-04-16 23:28:40.823 [error] [LS Main stderr] I0416 23:28:40.823099 219487 http_helpers.go:123] URL: https://cloudcode-pa.googleapis.com/v1internal:loadCodeAssist Trace: 0x3fb647e796e9f4c3

2026-04-16 23:31:34.399 [error] [LS Main stderr] E0416 23:31:34.398903 219487 log.go:398] failed to check terminal shell support: internal: internal error

2026-04-16 23:31:34.425 [error] [LS Main stderr] I0416 23:31:34.425366 219487 planner_generator.go:283] Requesting planner with 38 chat messages at model retry attempt 1 and API retry attempt 1

2026-04-16 23:31:35.426 [error] [LS Main stderr] I0416 23:31:35.426087 219487 http_helpers.go:123] URL: https://cloudcode-pa.googleapis.com/v1internal:fetchAvailableModels Trace: 0xb99bb745dd6b8194

2026-04-16 23:31:39.716 [error] [LS Main stderr] I0416 23:31:39.715929 219487 http_helpers.go:123] URL: https://cloudcode-pa.googleapis.com/v1internal:streamGenerateContent?alt=sse Trace: 0xc2c956900cd55316

2026-04-16 23:32:10.852 [error] [LS Main stderr] I0416 23:32:10.852372 219487 planner_generator.go:283] Requesting planner with 39 chat messages at model retry attempt 1 and API retry attempt 1

2026-04-16 23:32:11.121 [error] [LS Main stderr] I0416 23:32:11.121096 219487 http_helpers.go:123] URL: https://cloudcode-pa.googleapis.com/v1internal:streamGenerateContent?alt=sse Trace: 0x9ccb2b8661811682

2026-04-16 23:32:16.028 [error] [LS Main stderr] I0416 23:32:16.028444 219487 http_helpers.go:123] URL: https://cloudcode-pa.googleapis.com/v1internal:streamGenerateContent?alt=sse Trace: 0xae02576f08c334c8

2026-04-16 23:32:17.545 [error] [LS Main stderr] I0416 23:32:17.545084 219487 planner_generator.go:283] Requesting planner with 41 chat messages at model retry attempt 1 and API retry attempt 1

2026-04-16 23:32:22.641 [error] [LS Main stderr] I0416 23:32:22.640970 219487 http_helpers.go:123] URL: https://cloudcode-pa.googleapis.com/v1internal:streamGenerateContent?alt=sse Trace: 0x58fc9ba25feceb2

2026-04-16 23:32:32.132 [error] [LS Main stderr] I0416 23:32:32.132056 219487 planner_generator.go:283] Requesting planner with 43 chat messages at model retry attempt 1 and API retry attempt 1

2026-04-16 23:32:37.735 [error] [LS Main stderr] I0416 23:32:37.734679 219487 http_helpers.go:123] URL: https://cloudcode-pa.googleapis.com/v1internal:streamGenerateContent?alt=sse Trace: 0xcd6265fff097ee9

2026-04-16 23:32:41.341 [error] [LS Main stderr] I0416 23:32:41.341486 219487 planner_generator.go:283] Requesting planner with 45 chat messages at model retry attempt 1 and API retry attempt 1

2026-04-16 23:32:46.286 [error] [LS Main stderr] I0416 23:32:46.285717 219487 http_helpers.go:123] URL: https://cloudcode-pa.googleapis.com/v1internal:streamGenerateContent?alt=sse Trace: 0x3fbef66f0ed64fa0

2026-04-16 23:39:10.729 [error] [LS Main stderr] E0416 23:39:10.729131 219487 log.go:398] failed to check terminal shell support: internal: internal error

2026-04-16 23:39:10.759 [error] [LS Main stderr] I0416 23:39:10.759256 219487 planner_generator.go:283] Requesting planner with 48 chat messages at model retry attempt 1 and API retry attempt 1

2026-04-16 23:39:11.992 [error] [LS Main stderr] I0416 23:39:11.991866 219487 http_helpers.go:123] URL: https://cloudcode-pa.googleapis.com/v1internal:fetchAvailableModels Trace: 0xa6a32febb8a8d425

2026-04-16 23:39:12.895 [error] [LS Main stderr] I0416 23:39:12.894788 219487 http_helpers.go:123] URL: https://cloudcode-pa.googleapis.com/v1internal:loadCodeAssist Trace: 0xaa7ec4bbd64ec6b1

2026-04-16 23:39:44.878 [error] [LS Main stderr] E0416 23:39:44.877871 219487 log.go:398] failed to check terminal shell support: internal: internal error

2026-04-16 23:39:50.932 [error] [LS Main stderr] E0416 23:39:50.932244 219487 log.go:398] failed to check terminal shell support: internal: internal error

2026-04-16 23:39:51.978 [error] [LS Main stderr] E0416 23:39:51.978269 219487 log.go:398] executor is not currently running

2026-04-16 23:39:51.983 [error] [LS Main stderr] E0416 23:39:51.982956 219487 log.go:398] failed to check terminal shell support: internal: internal error

2026-04-16 23:39:53.532 [error] [LS Main stderr] E0416 23:39:53.531972 219487 log.go:398] failed to check terminal shell support: internal: internal error

2026-04-16 23:39:53.564 [error] [LS Main stderr] I0416 23:39:53.563993 219487 planner_generator.go:283] Requesting planner with 48 chat messages at model retry attempt 1 and API retry attempt 1

2026-04-16 23:39:57.939 [error] [LS Main stderr] I0416 23:39:57.939343 219487 http_helpers.go:123] URL: https://cloudcode-pa.googleapis.com/v1internal:streamGenerateContent?alt=sse Trace: 0x173254d9e8b5a48d

2026-04-16 23:40:06.568 [error] [LS Main stderr] I0416 23:40:06.567971 219487 planner_generator.go:283] Requesting planner with 49 chat messages at model retry attempt 1 and API retry attempt 1

2026-04-16 23:40:12.221 [error] [LS Main stderr] I0416 23:40:12.220752 219487 http_helpers.go:123] URL: https://cloudcode-pa.googleapis.com/v1internal:streamGenerateContent?alt=sse Trace: 0x878444a9e8e1faa0

2026-04-16 23:40:14.044 [error] [LS Main stderr] I0416 23:40:14.044103 219487 planner_generator.go:283] Requesting planner with 51 chat messages at model retry attempt 1 and API retry attempt 1

2026-04-16 23:40:18.795 [error] [LS Main stderr] I0416 23:40:18.795632 219487 http_helpers.go:123] URL: https://cloudcode-pa.googleapis.com/v1internal:streamGenerateContent?alt=sse Trace: 0x1358082994c5cb9c

2026-04-16 23:40:26.399 [error] [LS Main stderr] I0416 23:40:26.399642 219487 planner_generator.go:283] Requesting planner with 53 chat messages at model retry attempt 1 and API retry attempt 1

2026-04-16 23:40:31.543 [error] [LS Main stderr] I0416 23:40:31.543527 219487 http_helpers.go:123] URL: https://cloudcode-pa.googleapis.com/v1internal:streamGenerateContent?alt=sse Trace: 0x20a2045d2ac7ea08

2026-04-16 23:40:36.608 [error] [LS Main stderr] I0416 23:40:36.608512 219487 planner_generator.go:283] Requesting planner with 55 chat messages at model retry attempt 1 and API retry attempt 1

2026-04-16 23:40:41.387 [error] [LS Main stderr] I0416 23:40:41.387206 219487 http_helpers.go:123] URL: https://cloudcode-pa.googleapis.com/v1internal:streamGenerateContent?alt=sse Trace: 0x7c9e196a7bae7cd3

2026-04-16 23:40:44.906 [error] [LS Main stderr] I0416 23:40:44.905862 219487 planner_generator.go:283] Requesting planner with 57 chat messages at model retry attempt 1 and API retry attempt 1

2026-04-16 23:40:50.620 [error] [LS Main stderr] I0416 23:40:50.620650 219487 http_helpers.go:123] URL: https://cloudcode-pa.googleapis.com/v1internal:streamGenerateContent?alt=sse Trace: 0xf0c232233c8a0237

2026-04-16 23:41:10.790 [error] [LS Main stderr] I0416 23:41:10.790080 219487 planner_generator.go:283] Requesting planner with 59 chat messages at model retry attempt 1 and API retry attempt 1

2026-04-16 23:41:15.499 [error] [LS Main stderr] I0416 23:41:15.499297 219487 http_helpers.go:123] URL: https://cloudcode-pa.googleapis.com/v1internal:streamGenerateContent?alt=sse Trace: 0xb77038100ca56cf0

2026-04-16 23:41:17.729 [error] [LS Main stderr] I0416 23:41:17.729129 219487 planner_generator.go:283] Requesting planner with 62 chat messages at model retry attempt 1 and API retry attempt 1

2026-04-16 23:41:22.968 [error] [LS Main stderr] I0416 23:41:22.967956 219487 http_helpers.go:123] URL: https://cloudcode-pa.googleapis.com/v1internal:streamGenerateContent?alt=sse Trace: 0xc8ae0d7901fc92e5

2026-04-16 23:41:28.372 [error] [LS Main stderr] I0416 23:41:28.372159 219487 planner_generator.go:283] Requesting planner with 63 chat messages at model retry attempt 1 and API retry attempt 1

2026-04-16 23:41:33.522 [error] [LS Main stderr] I0416 23:41:33.522297 219487 http_helpers.go:123] URL: https://cloudcode-pa.googleapis.com/v1internal:streamGenerateContent?alt=sse Trace: 0xdc349d9b9644c44c

2026-04-16 23:41:37.980 [error] [LS Main stderr] I0416 23:41:37.980484 219487 planner_generator.go:283] Requesting planner with 65 chat messages at model retry attempt 1 and API retry attempt 1

2026-04-16 23:41:43.301 [error] [LS Main stderr] I0416 23:41:43.300706 219487 http_helpers.go:123] URL: https://cloudcode-pa.googleapis.com/v1internal:streamGenerateContent?alt=sse Trace: 0xb709116e8b322d50

2026-04-16 23:41:46.965 [error] [LS Main stderr] I0416 23:41:46.964993 219487 planner_generator.go:283] Requesting planner with 67 chat messages at model retry attempt 1 and API retry attempt 1

2026-04-16 23:41:51.951 [error] [LS Main stderr] I0416 23:41:51.951257 219487 http_helpers.go:123] URL: https://cloudcode-pa.googleapis.com/v1internal:streamGenerateContent?alt=sse Trace: 0x8967369e03964990

2026-04-16 23:41:56.889 [error] [LS Main stderr] I0416 23:41:56.888792 219487 planner_generator.go:283] Requesting planner with 69 chat messages at model retry attempt 1 and API retry attempt 1

2026-04-16 23:42:03.056 [error] [LS Main stderr] I0416 23:42:03.056249 219487 http_helpers.go:123] URL: https://cloudcode-pa.googleapis.com/v1internal:streamGenerateContent?alt=sse Trace: 0x30f2001d00e8b202

2026-04-16 23:42:09.437 [error] [LS Main stderr] I0416 23:42:09.437330 219487 http_helpers.go:123] URL: https://cloudcode-pa.googleapis.com/v1internal:streamGenerateContent?alt=sse Trace: 0xbc34237d4c7e1d01

2026-04-16 23:42:16.385 [error] [LS Main stderr] I0416 23:42:16.385199 219487 planner_generator.go:283] Requesting planner with 71 chat messages at model retry attempt 1 and API retry attempt 1

2026-04-16 23:42:21.549 [error] [LS Main stderr] I0416 23:42:21.549389 219487 http_helpers.go:123] URL: https://cloudcode-pa.googleapis.com/v1internal:streamGenerateContent?alt=sse Trace: 0x6d697405fff7e5fd

2026-04-16 23:42:25.006 [error] [LS Main stderr] I0416 23:42:25.006202 219487 planner_generator.go:283] Requesting planner with 73 chat messages at model retry attempt 1 and API retry attempt 1

2026-04-16 23:42:25.559 [error] [LS Main stderr] I0416 23:42:25.559546 219487 http_helpers.go:123] URL: https://cloudcode-pa.googleapis.com/v1internal:streamGenerateContent?alt=sse Trace: 0xacf00e09b2146e09

2026-04-16 23:42:30.481 [error] [LS Main stderr] I0416 23:42:30.480917 219487 http_helpers.go:123] URL: https://cloudcode-pa.googleapis.com/v1internal:streamGenerateContent?alt=sse Trace: 0x1561ab8f48d6579b

2026-04-16 23:42:40.194 [error] [LS Main stderr] I0416 23:42:40.194145 219487 planner_generator.go:283] Requesting planner with 76 chat messages at model retry attempt 1 and API retry attempt 1

2026-04-16 23:42:45.166 [error] [LS Main stderr] I0416 23:42:45.166081 219487 http_helpers.go:123] URL: https://cloudcode-pa.googleapis.com/v1internal:streamGenerateContent?alt=sse Trace: 0x5351517ffd9e8a5e

2026-04-16 23:42:47.513 [error] [LS Main stderr] I0416 23:42:47.512752 219487 planner_generator.go:283] Requesting planner with 78 chat messages at model retry attempt 1 and API retry attempt 1

2026-04-16 23:42:52.722 [error] [LS Main stderr] I0416 23:42:52.721875 219487 http_helpers.go:123] URL: https://cloudcode-pa.googleapis.com/v1internal:streamGenerateContent?alt=sse Trace: 0xcade3b265ca0cd4e

2026-04-16 23:43:17.216 [error] [LS Main stderr] I0416 23:43:17.215913 219487 planner_generator.go:283] Requesting planner with 80 chat messages at model retry attempt 1 and API retry attempt 1

2026-04-16 23:43:22.269 [error] [LS Main stderr] I0416 23:43:22.269391 219487 http_helpers.go:123] URL: https://cloudcode-pa.googleapis.com/v1internal:streamGenerateContent?alt=sse Trace: 0x37b9fe3cce9d167b

2026-04-16 23:43:25.780 [error] [LS Main stderr] I0416 23:43:25.779707 219487 http_helpers.go:123] URL: https://cloudcode-pa.googleapis.com/v1internal:streamGenerateContent?alt=sse Trace: 0x59eacf04a51c1117

2026-04-16 23:43:27.840 [error] [LS Main stderr] I0416 23:43:27.839983 219487 planner_generator.go:283] Requesting planner with 82 chat messages at model retry attempt 1 and API retry attempt 1

2026-04-16 23:43:33.721 [error] [LS Main stderr] I0416 23:43:33.721299 219487 http_helpers.go:123] URL: https://cloudcode-pa.googleapis.com/v1internal:streamGenerateContent?alt=sse Trace: 0x77fbf007bb67c051

2026-04-16 23:43:35.121 [error] [LS Main stderr] I0416 23:43:35.121313 219487 planner_generator.go:283] Requesting planner with 84 chat messages at model retry attempt 1 and API retry attempt 1

2026-04-16 23:43:40.935 [error] [LS Main stderr] I0416 23:43:40.934842 219487 http_helpers.go:123] URL: https://cloudcode-pa.googleapis.com/v1internal:streamGenerateContent?alt=sse Trace: 0x9d727a2ca0d861dc

2026-04-16 23:43:43.850 [error] [LS Main stderr] I0416 23:43:43.850096 219487 planner_generator.go:283] Requesting planner with 86 chat messages at model retry attempt 1 and API retry attempt 1

2026-04-16 23:43:50.984 [error] [LS Main stderr] I0416 23:43:50.983988 219487 http_helpers.go:123] URL: https://cloudcode-pa.googleapis.com/v1internal:streamGenerateContent?alt=sse Trace: 0xf30011857d0af8ab

2026-04-16 23:43:58.251 [error] [LS Main stderr] I0416 23:43:58.250950 219487 http_helpers.go:123] URL: https://cloudcode-pa.googleapis.com/v1internal:streamGenerateContent?alt=sse Trace: 0xc760513fd73d68c1

2026-04-16 23:43:58.270 [error] [LS Main stderr] I0416 23:43:58.269881 219487 planner_generator.go:283] Requesting planner with 89 chat messages at model retry attempt 1 and API retry attempt 1

2026-04-16 23:44:03.363 [error] [LS Main stderr] I0416 23:44:03.362676 219487 http_helpers.go:123] URL: https://cloudcode-pa.googleapis.com/v1internal:streamGenerateContent?alt=sse Trace: 0xc2f705364c3bc7be

2026-04-16 23:44:04.766 [error] [LS Main stderr] I0416 23:44:04.766728 219487 planner_generator.go:283] Requesting planner with 91 chat messages at model retry attempt 1 and API retry attempt 1

2026-04-16 23:44:10.338 [error] [LS Main stderr] I0416 23:44:10.338083 219487 http_helpers.go:123] URL: https://cloudcode-pa.googleapis.com/v1internal:streamGenerateContent?alt=sse Trace: 0xee54da850484ff20

2026-04-16 23:44:16.244 [error] [LS Main stderr] I0416 23:44:16.244581 219487 planner_generator.go:283] Requesting planner with 93 chat messages at model retry attempt 1 and API retry attempt 1

2026-04-16 23:44:17.336 [error] [LS Main stderr] I0416 23:44:17.335683 219487 http_helpers.go:123] URL: https://cloudcode-pa.googleapis.com/v1internal:fetchAvailableModels Trace: 0x5fa394aecf45fe2d

2026-04-16 23:44:17.598 [error] [LS Main stderr] I0416 23:44:17.598303 219487 http_helpers.go:123] URL: https://cloudcode-pa.googleapis.com/v1internal:loadCodeAssist Trace: 0x7446036de79d90af

2026-04-16 23:44:22.688 [error] [LS Main stderr] I0416 23:44:22.688043 219487 http_helpers.go:123] URL: https://cloudcode-pa.googleapis.com/v1internal:streamGenerateContent?alt=sse Trace: 0x86ab46cc6e084cc7

2026-04-16 23:44:30.273 [error] [LS Main stderr] I0416 23:44:30.272764 219487 planner_generator.go:283] Requesting planner with 95 chat messages at model retry attempt 1 and API retry attempt 1

2026-04-16 23:44:37.789 [error] [LS Main stderr] I0416 23:44:37.789062 219487 http_helpers.go:123] URL: https://cloudcode-pa.googleapis.com/v1internal:streamGenerateContent?alt=sse Trace: 0xb973c4e5caf2d6c1

2026-04-17 00:00:33.416 [error] [LS Main stderr] I0417 00:00:33.416689 219487 http_helpers.go:123] URL: https://cloudcode-pa.googleapis.com/v1internal:fetchAvailableModels Trace: 0x47ee1bd5a68f317b

2026-04-17 00:00:34.194 [error] [LS Main stderr] I0417 00:00:34.193852 219487 http_helpers.go:123] URL: https://cloudcode-pa.googleapis.com/v1internal:loadCodeAssist Trace: 0xba434a89b1e32c80

2026-04-17 00:00:56.327 [error] [LS Main stderr] E0417 00:00:56.326719 219487 log.go:398] failed to check terminal shell support: internal: internal error

2026-04-17 00:00:56.350 [error] [LS Main stderr] I0417 00:00:56.350710 219487 planner_generator.go:283] Requesting planner with 5 chat messages at model retry attempt 1 and API retry attempt 1

2026-04-17 00:01:00.473 [error] [LS Main stderr] I0417 00:01:00.473628 219487 http_helpers.go:123] URL: https://cloudcode-pa.googleapis.com/v1internal:streamGenerateContent?alt=sse Trace: 0x7e81f6a227759884

2026-04-17 00:01:04.900 [error] [LS Main stderr] I0417 00:01:04.900347 219487 planner_generator.go:283] Requesting planner with 8 chat messages at model retry attempt 1 and API retry attempt 1

2026-04-17 00:01:06.119 [error] [LS Main stderr] I0417 00:01:06.118833 219487 http_helpers.go:123] URL: https://cloudcode-pa.googleapis.com/v1internal:streamGenerateContent?alt=sse Trace: 0x7ee66ca18919e892

2026-04-17 00:01:09.947 [error] [LS Main stderr] I0417 00:01:09.946819 219487 http_helpers.go:123] URL: https://cloudcode-pa.googleapis.com/v1internal:streamGenerateContent?alt=sse Trace: 0xecae48f96f089d8b

2026-04-17 00:01:12.258 [error] [LS Main stderr] I0417 00:01:12.258439 219487 planner_generator.go:283] Requesting planner with 12 chat messages at model retry attempt 1 and API retry attempt 1

2026-04-17 00:01:18.171 [error] [LS Main stderr] I0417 00:01:18.170791 219487 http_helpers.go:123] URL: https://cloudcode-pa.googleapis.com/v1internal:streamGenerateContent?alt=sse Trace: 0xde6040336128c8ad

2026-04-17 00:01:28.346 [error] [LS Main stderr] I0417 00:01:28.346511 219487 planner_generator.go:283] Requesting planner with 14 chat messages at model retry attempt 1 and API retry attempt 1

2026-04-17 00:01:32.446 [error] [LS Main stderr] I0417 00:01:32.445782 219487 http_helpers.go:123] URL: https://cloudcode-pa.googleapis.com/v1internal:streamGenerateContent?alt=sse Trace: 0x9219260349592165

2026-04-17 00:01:39.060 [error] [LS Main stderr] I0417 00:01:39.059816 219487 planner_generator.go:283] Requesting planner with 16 chat messages at model retry attempt 1 and API retry attempt 1

2026-04-17 00:01:43.420 [error] [LS Main stderr] I0417 00:01:43.420018 219487 http_helpers.go:123] URL: https://cloudcode-pa.googleapis.com/v1internal:streamGenerateContent?alt=sse Trace: 0x1d1c70f28ffe5661

2026-04-17 00:01:44.956 [error] [LS Main stderr] I0417 00:01:44.956359 219487 planner_generator.go:283] Requesting planner with 18 chat messages at model retry attempt 1 and API retry attempt 1

2026-04-17 00:01:50.168 [error] [LS Main stderr] I0417 00:01:50.167746 219487 http_helpers.go:123] URL: https://cloudcode-pa.googleapis.com/v1internal:streamGenerateContent?alt=sse Trace: 0xd6719bbbd3462bc7

2026-04-17 00:01:53.825 [error] [LS Main stderr] I0417 00:01:53.824898 219487 planner_generator.go:283] Requesting planner with 20 chat messages at model retry attempt 1 and API retry attempt 1

2026-04-17 00:01:57.842 [error] [LS Main stderr] I0417 00:01:57.841525 219487 http_helpers.go:123] URL: https://cloudcode-pa.googleapis.com/v1internal:streamGenerateContent?alt=sse Trace: 0xe0564725d7ba4f85

2026-04-17 00:02:01.395 [error] [LS Main stderr] E0417 00:02:01.394832 219487 log.go:398] failed to check terminal shell support: internal: internal error

2026-04-17 00:02:01.430 [error] [LS Main stderr] I0417 00:02:01.430411 219487 planner_generator.go:283] Requesting planner with 98 chat messages at model retry attempt 1 and API retry attempt 1

2026-04-17 00:02:07.808 [error] [LS Main stderr] I0417 00:02:07.808167 219487 http_helpers.go:123] URL: https://cloudcode-pa.googleapis.com/v1internal:streamGenerateContent?alt=sse Trace: 0x5088f5133a47dbf

2026-04-17 00:02:16.274 [error] [LS Main stderr] I0417 00:02:16.274379 219487 planner_generator.go:283] Requesting planner with 99 chat messages at model retry attempt 1 and API retry attempt 1

2026-04-17 00:02:17.972 [error] [LS Main stderr] I0417 00:02:17.972526 219487 http_helpers.go:123] URL: https://cloudcode-pa.googleapis.com/v1internal:streamGenerateContent?alt=sse Trace: 0x5c8afcda645048dc

2026-04-17 00:02:18.279 [error] [LS Main stderr] I0417 00:02:18.279374 219487 http_helpers.go:123] URL: https://cloudcode-pa.googleapis.com/v1internal:streamGenerateContent?alt=sse Trace: 0x6d42c487527785e

2026-04-17 00:02:18.520 [error] [LS Main stderr] I0417 00:02:18.520532 219487 http_helpers.go:123] URL: https://cloudcode-pa.googleapis.com/v1internal:streamGenerateContent?alt=sse Trace: 0x4845f99f46f78586

2026-04-17 00:02:22.332 [error] [LS Main stderr] I0417 00:02:22.331717 219487 http_helpers.go:123] URL: https://cloudcode-pa.googleapis.com/v1internal:streamGenerateContent?alt=sse Trace: 0x3bf7e9811424cc7b

2026-04-17 00:02:35.606 [error] [LS Main stderr] I0417 00:02:35.606742 219487 planner_generator.go:283] Requesting planner with 73 chat messages at model retry attempt 1 and API retry attempt 1

2026-04-17 00:02:41.763 [error] [LS Main stderr] I0417 00:02:41.763350 219487 http_helpers.go:123] URL: https://cloudcode-pa.googleapis.com/v1internal:streamGenerateContent?alt=sse Trace: 0x5b0b8b08b0ee3d88

2026-04-17 00:03:33.200 [error] [LS Main stderr] E0417 00:03:33.200218 219487 log.go:398] failed to check terminal shell support: internal: internal error

2026-04-17 00:03:33.227 [error] [LS Main stderr] I0417 00:03:33.227335 219487 planner_generator.go:283] Requesting planner with 23 chat messages at model retry attempt 1 and API retry attempt 1

2026-04-17 00:03:37.563 [error] [LS Main stderr] I0417 00:03:37.563096 219487 http_helpers.go:123] URL: https://cloudcode-pa.googleapis.com/v1internal:streamGenerateContent?alt=sse Trace: 0xb727ab7f5b8acfa7

2026-04-17 00:03:46.143 [error] [LS Main stderr] I0417 00:03:46.143598 219487 planner_generator.go:283] Requesting planner with 24 chat messages at model retry attempt 1 and API retry attempt 1

2026-04-17 00:03:50.942 [error] [LS Main stderr] I0417 00:03:50.942579 219487 http_helpers.go:123] URL: https://cloudcode-pa.googleapis.com/v1internal:streamGenerateContent?alt=sse Trace: 0xf5d6eb61b042a828

2026-04-17 00:06:00.500 [error] [LS Main stderr] E0417 00:06:00.499503 219487 log.go:398] failed to check terminal shell support: internal: internal error

2026-04-17 00:06:00.530 [error] [LS Main stderr] I0417 00:06:00.529816 219487 planner_generator.go:283] Requesting planner with 77 chat messages at model retry attempt 1 and API retry attempt 1

2026-04-17 00:06:01.729 [error] [LS Main stderr] I0417 00:06:01.729552 219487 http_helpers.go:123] URL: https://cloudcode-pa.googleapis.com/v1internal:fetchAvailableModels Trace: 0x87954d1427d8f303

2026-04-17 00:06:02.682 [error] [LS Main stderr] I0417 00:06:02.682090 219487 http_helpers.go:123] URL: https://cloudcode-pa.googleapis.com/v1internal:loadCodeAssist Trace: 0xb2c8c1c7a7cbe6e3

2026-04-17 00:06:05.525 [error] [LS Main stderr] I0417 00:06:05.525613 219487 http_helpers.go:123] URL: https://cloudcode-pa.googleapis.com/v1internal:streamGenerateContent?alt=sse Trace: 0xa3f3053b36b60067

2026-04-17 00:06:07.738 [error] [LS Main stderr] I0417 00:06:07.738297 219487 planner_generator.go:283] Requesting planner with 78 chat messages at model retry attempt 1 and API retry attempt 1

2026-04-17 00:06:14.157 [error] [LS Main stderr] I0417 00:06:14.156944 219487 http_helpers.go:123] URL: https://cloudcode-pa.googleapis.com/v1internal:streamGenerateContent?alt=sse Trace: 0xc26cb1423083876c

2026-04-17 00:06:15.923 [error] [LS Main stderr] I0417 00:06:15.923601 219487 planner_generator.go:283] Requesting planner with 80 chat messages at model retry attempt 1 and API retry attempt 1

2026-04-17 00:06:20.233 [error] [LS Main stderr] I0417 00:06:20.233382 219487 http_helpers.go:123] URL: https://cloudcode-pa.googleapis.com/v1internal:streamGenerateContent?alt=sse Trace: 0x34679e79f642f246

2026-04-17 00:06:22.718 [error] [LS Main stderr] I0417 00:06:22.717752 219487 planner_generator.go:283] Requesting planner with 82 chat messages at model retry attempt 1 and API retry attempt 1

2026-04-17 00:06:28.235 [error] [LS Main stderr] I0417 00:06:28.235389 219487 http_helpers.go:123] URL: https://cloudcode-pa.googleapis.com/v1internal:streamGenerateContent?alt=sse Trace: 0xcf774bdebc6c95da

2026-04-17 00:06:30.338 [error] [LS Main stderr] I0417 00:06:30.338221 219487 planner_generator.go:283] Requesting planner with 84 chat messages at model retry attempt 1 and API retry attempt 1

2026-04-17 00:06:35.149 [error] [LS Main stderr] I0417 00:06:35.149218 219487 http_helpers.go:123] URL: https://cloudcode-pa.googleapis.com/v1internal:streamGenerateContent?alt=sse Trace: 0x3ad8afadfb5878c4

2026-04-17 00:06:39.272 [error] [LS Main stderr] I0417 00:06:39.272612 219487 planner_generator.go:283] Requesting planner with 86 chat messages at model retry attempt 1 and API retry attempt 1

2026-04-17 00:06:45.592 [error] [LS Main stderr] I0417 00:06:45.592130 219487 http_helpers.go:123] URL: https://cloudcode-pa.googleapis.com/v1internal:streamGenerateContent?alt=sse Trace: 0xaff5efe6500a9ca6

2026-04-17 00:06:46.978 [error] [LS Main stderr] I0417 00:06:46.978068 219487 planner_generator.go:283] Requesting planner with 88 chat messages at model retry attempt 1 and API retry attempt 1

2026-04-17 00:06:52.390 [error] [LS Main stderr] I0417 00:06:52.390305 219487 http_helpers.go:123] URL: https://cloudcode-pa.googleapis.com/v1internal:streamGenerateContent?alt=sse Trace: 0xe177851301c6979b

2026-04-17 00:06:58.523 [error] [LS Main stderr] I0417 00:06:58.523197 219487 planner_generator.go:283] Requesting planner with 90 chat messages at model retry attempt 1 and API retry attempt 1

2026-04-17 00:07:04.561 [error] [LS Main stderr] I0417 00:07:04.560812 219487 http_helpers.go:123] URL: https://cloudcode-pa.googleapis.com/v1internal:streamGenerateContent?alt=sse Trace: 0x846844c3218a76e6

2026-04-17 00:07:09.115 [error] [LS Main stderr] I0417 00:07:09.115128 219487 planner_generator.go:283] Requesting planner with 92 chat messages at model retry attempt 1 and API retry attempt 1

2026-04-17 00:07:13.860 [error] [LS Main stderr] I0417 00:07:13.860117 219487 http_helpers.go:123] URL: https://cloudcode-pa.googleapis.com/v1internal:streamGenerateContent?alt=sse Trace: 0xe023e69fbd8aaedd

2026-04-17 00:07:17.614 [error] [LS Main stderr] I0417 00:07:17.614005 219487 http_helpers.go:123] URL: https://cloudcode-pa.googleapis.com/v1internal:streamGenerateContent?alt=sse Trace: 0x2422350dcd413e98

2026-04-17 00:07:21.441 [error] [LS Main stderr] I0417 00:07:21.441525 219487 planner_generator.go:283] Requesting planner with 94 chat messages at model retry attempt 1 and API retry attempt 1

2026-04-17 00:07:27.012 [error] [LS Main stderr] I0417 00:07:27.012108 219487 http_helpers.go:123] URL: https://cloudcode-pa.googleapis.com/v1internal:streamGenerateContent?alt=sse Trace: 0x67afd71b1ba35231

2026-04-17 00:07:40.015 [error] [LS Main stderr] I0417 00:07:40.014812 219487 planner_generator.go:283] Requesting planner with 96 chat messages at model retry attempt 1 and API retry attempt 1

2026-04-17 00:07:45.069 [error] [LS Main stderr] I0417 00:07:45.069021 219487 http_helpers.go:123] URL: https://cloudcode-pa.googleapis.com/v1internal:streamGenerateContent?alt=sse Trace: 0xc8240fb6ec409632

2026-04-17 00:07:50.718 [error] [LS Main stderr] I0417 00:07:50.718062 219487 http_helpers.go:123] URL: https://cloudcode-pa.googleapis.com/v1internal:loadCodeAssist Trace: 0xee5dc973da05219f

2026-04-17 00:07:51.209 [error] [LS Main stderr] I0417 00:07:51.209553 219487 http_helpers.go:123] URL: https://cloudcode-pa.googleapis.com/v1internal:fetchAvailableModels Trace: 0xa4d06dc55f0a4c73

2026-04-17 00:07:51.225 [error] [LS Main stderr] I0417 00:07:51.224979 219487 planner_generator.go:283] Requesting planner with 98 chat messages at model retry attempt 1 and API retry attempt 1

2026-04-17 00:07:56.192 [error] [LS Main stderr] I0417 00:07:56.192218 219487 http_helpers.go:123] URL: https://cloudcode-pa.googleapis.com/v1internal:streamGenerateContent?alt=sse Trace: 0xe93c39bd321cb9d3

2026-04-17 00:43:42.001 [error] [LS Main stderr] I0417 00:43:42.000761 219487 http_helpers.go:123] URL: https://cloudcode-pa.googleapis.com/v1internal:fetchAvailableModels Trace: 0x128161b779525c20

2026-04-17 00:43:42.545 [error] [LS Main stderr] I0417 00:43:42.545573 219487 http_helpers.go:123] URL: https://cloudcode-pa.googleapis.com/v1internal:loadCodeAssist Trace: 0xb5fc8f998a40b79d

2026-04-17 01:47:45.123 [error] [LS Main stderr] W0417 01:47:45.068457 219487 log_context.go:118] Cache(peopleInfo): Singleflight refresh failed: Get "https://www.googleapis.com/oauth2/v2/userinfo": dial tcp: lookup www.googleapis.com: Temporary failure in name resolution
W0417 01:47:45.068178 219487 log_context.go:118] Cache(userInfo): Singleflight refresh failed: Post "https://cloudcode-pa.googleapis.com/v1internal:fetchUserInfo": dial tcp: lookup cloudcode-pa.googleapis.com: Temporary failure in name resolution

2026-04-17 01:47:45.123 [error] [LS Main stderr] W0417 01:47:45.068142 219487 log_context.go:118] Cache(loadCodeAssistResponse): Singleflight refresh failed: Post "https://cloudcode-pa.googleapis.com/v1internal:loadCodeAssist": dial tcp: lookup cloudcode-pa.googleapis.com: Temporary failure in name resolution
W0417 01:47:45.123110 219487 log_context.go:118] Cache(availableModels): Singleflight refresh failed: failed to get load code assist response: Post "https://cloudcode-pa.googleapis.com/v1internal:loadCodeAssist": dial tcp: lookup cloudcode-pa.googleapis.com: Temporary failure in name resolution
W0417 01:47:45.123173 219487 log_context.go:118] Cache(fetchAdminControls): Singleflight refresh failed: failed to get load code assist response: Post "https://cloudcode-pa.googleapis.com/v1internal:loadCodeAssist": dial tcp: lookup cloudcode-pa.googleapis.com: Temporary failure in name resolution
W0417 01:47:45.122852 219487 log_context.go:118] Failed to refresh cache in background: Post "https://cloudcode-pa.googleapis.com/v1internal:fetchUserInfo": dial tcp: lookup cloudcode-pa.googleapis.com: Temporary failure in name resolution
W0417 01:47:45.123129 219487 log_context.go:118] Failed to refresh cache in background: failed to get load code assist response: Post "https://cloudcode-pa.googleapis.com/v1internal:loadCodeAssist": dial tcp: lookup cloudcode-pa.googleapis.com: Temporary failure in name resolution
W0417 01:47:45.123202 219487 log_context.go:118] Failed to refresh cache in background: failed to get load code assist response: Post "https://cloudcode-pa.googleapis.com/v1internal:loadCodeAssist": dial tcp: lookup cloudcode-pa.googleapis.com: Temporary failure in name resolution
W0417 01:47:45.122709 219487 log_context.go:118] Failed to refresh cache in background: Get "https://www.googleapis.com/oauth2/v2/userinfo": dial tcp: lookup www.googleapis.com: Temporary failure in name resolution
W0417 01:47:45.123463 219487 log_context.go:118] Failed to refresh cache in background: Post "https://cloudcode-pa.googleapis.com/v1internal:loadCodeAssist": dial tcp: lookup cloudcode-pa.googleapis.com: Temporary failure in name resolution

2026-04-17 01:47:46.715 [error] [LS Main stderr] ERROR: logging before google.Init: E0417 01:47:46.712208     134 g3syslog.go:23] [Post "https://play.googleapis.com/log": dial tcp: lookup play.googleapis.com: Temporary failure in name resolution]

2026-04-17 01:47:48.585 [error] [LS Main stderr] E0417 01:47:48.584965 219487 client.go:55] Post "https://play.googleapis.com/log": dial tcp: lookup play.googleapis.com: Temporary failure in name resolution

2026-04-17 01:47:51.718 [error] [LS Main stderr] ERROR: logging before google.Init: E0417 01:47:51.717489     134 g3syslog.go:23] [Post "https://play.googleapis.com/log": dial tcp: lookup play.googleapis.com: Temporary failure in name resolution]

2026-04-17 01:47:53.587 [error] [LS Main stderr] E0417 01:47:53.587160 219487 client.go:55] Post "https://play.googleapis.com/log": dial tcp: lookup play.googleapis.com: Temporary failure in name resolution

2026-04-17 01:47:56.719 [error] [LS Main stderr] ERROR: logging before google.Init: E0417 01:47:56.719214     134 g3syslog.go:23] [Post "https://play.googleapis.com/log": dial tcp: lookup play.googleapis.com: Temporary failure in name resolution]

2026-04-17 01:47:58.589 [error] [LS Main stderr] E0417 01:47:58.589168 219487 client.go:55] Post "https://play.googleapis.com/log": dial tcp: lookup play.googleapis.com: Temporary failure in name resolution

2026-04-17 01:48:01.722 [error] [LS Main stderr] ERROR: logging before google.Init: E0417 01:48:01.721539     134 g3syslog.go:23] [Post "https://play.googleapis.com/log": dial tcp: lookup play.googleapis.com: Temporary failure in name resolution]

2026-04-17 01:48:03.591 [error] [LS Main stderr] E0417 01:48:03.591021 219487 client.go:55] Post "https://play.googleapis.com/log": dial tcp: lookup play.googleapis.com: Temporary failure in name resolution

2026-04-17 01:48:06.724 [error] [LS Main stderr] ERROR: logging before google.Init: E0417 01:48:06.724164     134 g3syslog.go:23] [Post "https://play.googleapis.com/log": dial tcp: lookup play.googleapis.com: Temporary failure in name resolution]

2026-04-17 01:48:08.593 [error] [LS Main stderr] E0417 01:48:08.593396 219487 client.go:55] Post "https://play.googleapis.com/log": dial tcp: lookup play.googleapis.com: Temporary failure in name resolution

2026-04-17 01:48:11.726 [error] [LS Main stderr] ERROR: logging before google.Init: E0417 01:48:11.726117     134 g3syslog.go:23] [Post "https://play.googleapis.com/log": dial tcp: lookup play.googleapis.com: Temporary failure in name resolution]

2026-04-17 01:48:13.595 [error] [LS Main stderr] E0417 01:48:13.595009 219487 client.go:55] Post "https://play.googleapis.com/log": dial tcp: lookup play.googleapis.com: Temporary failure in name resolution

2026-04-17 01:48:16.728 [error] [LS Main stderr] ERROR: logging before google.Init: E0417 01:48:16.727715     134 g3syslog.go:23] [Post "https://play.googleapis.com/log": dial tcp: lookup play.googleapis.com: Temporary failure in name resolution]

2026-04-17 01:48:18.598 [error] [LS Main stderr] E0417 01:48:18.597853 219487 client.go:55] Post "https://play.googleapis.com/log": dial tcp: lookup play.googleapis.com: Temporary failure in name resolution

2026-04-17 01:48:21.730 [error] [LS Main stderr] ERROR: logging before google.Init: E0417 01:48:21.730334     134 g3syslog.go:23] [Post "https://play.googleapis.com/log": dial tcp: lookup play.googleapis.com: Temporary failure in name resolution]

2026-04-17 01:48:23.600 [error] [LS Main stderr] E0417 01:48:23.599922 219487 client.go:55] Post "https://play.googleapis.com/log": dial tcp: lookup play.googleapis.com: Temporary failure in name resolution

2026-04-17 01:48:26.733 [error] [LS Main stderr] ERROR: logging before google.Init: E0417 01:48:26.732638     134 g3syslog.go:23] [Post "https://play.googleapis.com/log": dial tcp: lookup play.googleapis.com: Temporary failure in name resolution]

2026-04-17 01:48:28.602 [error] [LS Main stderr] E0417 01:48:28.602394 219487 client.go:55] Post "https://play.googleapis.com/log": dial tcp: lookup play.googleapis.com: Temporary failure in name resolution

2026-04-17 01:48:31.735 [error] [LS Main stderr] ERROR: logging before google.Init: E0417 01:48:31.734955     134 g3syslog.go:23] [Post "https://play.googleapis.com/log": dial tcp: lookup play.googleapis.com: Temporary failure in name resolution]

2026-04-17 01:48:33.605 [error] [LS Main stderr] E0417 01:48:33.605254 219487 client.go:55] Post "https://play.googleapis.com/log": dial tcp: lookup play.googleapis.com: Temporary failure in name resolution

2026-04-17 01:48:36.737 [error] [LS Main stderr] ERROR: logging before google.Init: E0417 01:48:36.736849     134 g3syslog.go:23] [Post "https://play.googleapis.com/log": dial tcp: lookup play.googleapis.com: Temporary failure in name resolution]

2026-04-17 01:48:38.607 [error] [LS Main stderr] E0417 01:48:38.607263 219487 client.go:55] Post "https://play.googleapis.com/log": dial tcp: lookup play.googleapis.com: Temporary failure in name resolution

2026-04-17 01:48:41.739 [error] [LS Main stderr] ERROR: logging before google.Init: E0417 01:48:41.739267     134 g3syslog.go:23] [Post "https://play.googleapis.com/log": dial tcp: lookup play.googleapis.com: Temporary failure in name resolution]

2026-04-17 01:48:43.609 [error] [LS Main stderr] E0417 01:48:43.609192 219487 client.go:55] Post "https://play.googleapis.com/log": dial tcp: lookup play.googleapis.com: Temporary failure in name resolution

2026-04-17 01:48:46.741 [error] [LS Main stderr] ERROR: logging before google.Init: E0417 01:48:46.741056     134 g3syslog.go:23] [Post "https://play.googleapis.com/log": dial tcp: lookup play.googleapis.com: Temporary failure in name resolution]

2026-04-17 01:48:48.612 [error] [LS Main stderr] E0417 01:48:48.611674 219487 client.go:55] Post "https://play.googleapis.com/log": dial tcp: lookup play.googleapis.com: Temporary failure in name resolution

2026-04-17 01:48:51.743 [error] [LS Main stderr] ERROR: logging before google.Init: E0417 01:48:51.742641     134 g3syslog.go:23] [Post "https://play.googleapis.com/log": dial tcp: lookup play.googleapis.com: Temporary failure in name resolution]

2026-04-17 01:48:53.614 [error] [LS Main stderr] E0417 01:48:53.614198 219487 client.go:55] Post "https://play.googleapis.com/log": dial tcp: lookup play.googleapis.com: Temporary failure in name resolution

2026-04-17 01:48:56.744 [error] [LS Main stderr] ERROR: logging before google.Init: E0417 01:48:56.744116     134 g3syslog.go:23] [Post "https://play.googleapis.com/log": dial tcp: lookup play.googleapis.com: Temporary failure in name resolution]

2026-04-17 01:48:58.616 [error] [LS Main stderr] E0417 01:48:58.616133 219487 client.go:55] Post "https://play.googleapis.com/log": dial tcp: lookup play.googleapis.com: Temporary failure in name resolution

2026-04-17 01:49:01.747 [error] [LS Main stderr] ERROR: logging before google.Init: E0417 01:49:01.746399     134 g3syslog.go:23] [Post "https://play.googleapis.com/log": dial tcp: lookup play.googleapis.com: Temporary failure in name resolution]

2026-04-17 01:49:03.618 [error] [LS Main stderr] E0417 01:49:03.618006 219487 client.go:55] Post "https://play.googleapis.com/log": dial tcp: lookup play.googleapis.com: Temporary failure in name resolution

2026-04-17 01:49:06.749 [error] [LS Main stderr] ERROR: logging before google.Init: E0417 01:49:06.748701     134 g3syslog.go:23] [Post "https://play.googleapis.com/log": dial tcp: lookup play.googleapis.com: Temporary failure in name resolution]

2026-04-17 01:49:08.620 [error] [LS Main stderr] E0417 01:49:08.620026 219487 client.go:55] Post "https://play.googleapis.com/log": dial tcp: lookup play.googleapis.com: Temporary failure in name resolution

2026-04-17 01:49:11.751 [error] [LS Main stderr] ERROR: logging before google.Init: E0417 01:49:11.750905     134 g3syslog.go:23] [Post "https://play.googleapis.com/log": dial tcp: lookup play.googleapis.com: Temporary failure in name resolution]

2026-04-17 01:49:13.623 [error] [LS Main stderr] E0417 01:49:13.622982 219487 client.go:55] Post "https://play.googleapis.com/log": dial tcp: lookup play.googleapis.com: Temporary failure in name resolution

2026-04-17 01:49:16.753 [error] [LS Main stderr] ERROR: logging before google.Init: E0417 01:49:16.753313     134 g3syslog.go:23] [Post "https://play.googleapis.com/log": dial tcp: lookup play.googleapis.com: Temporary failure in name resolution]

2026-04-17 01:49:18.625 [error] [LS Main stderr] E0417 01:49:18.624896 219487 client.go:55] Post "https://play.googleapis.com/log": dial tcp: lookup play.googleapis.com: Temporary failure in name resolution

2026-04-17 01:49:21.755 [error] [LS Main stderr] ERROR: logging before google.Init: E0417 01:49:21.755065     134 g3syslog.go:23] [Post "https://play.googleapis.com/log": dial tcp: lookup play.googleapis.com: Temporary failure in name resolution]

2026-04-17 01:49:23.626 [error] [LS Main stderr] E0417 01:49:23.626497 219487 client.go:55] Post "https://play.googleapis.com/log": dial tcp: lookup play.googleapis.com: Temporary failure in name resolution

2026-04-17 01:49:26.757 [error] [LS Main stderr] ERROR: logging before google.Init: E0417 01:49:26.756878     134 g3syslog.go:23] [Post "https://play.googleapis.com/log": dial tcp: lookup play.googleapis.com: Temporary failure in name resolution]

2026-04-17 01:49:28.628 [error] [LS Main stderr] E0417 01:49:28.627998 219487 client.go:55] Post "https://play.googleapis.com/log": dial tcp: lookup play.googleapis.com: Temporary failure in name resolution

2026-04-17 01:49:31.759 [error] [LS Main stderr] ERROR: logging before google.Init: E0417 01:49:31.758471     134 g3syslog.go:23] [Post "https://play.googleapis.com/log": dial tcp: lookup play.googleapis.com: Temporary failure in name resolution]

2026-04-17 01:49:33.630 [error] [LS Main stderr] E0417 01:49:33.629972 219487 client.go:55] Post "https://play.googleapis.com/log": dial tcp: lookup play.googleapis.com: Temporary failure in name resolution

2026-04-17 01:49:36.760 [error] [LS Main stderr] ERROR: logging before google.Init: E0417 01:49:36.760250     134 g3syslog.go:23] [Post "https://play.googleapis.com/log": dial tcp: lookup play.googleapis.com: Temporary failure in name resolution]

2026-04-17 01:49:38.632 [error] [LS Main stderr] E0417 01:49:38.632054 219487 client.go:55] Post "https://play.googleapis.com/log": dial tcp: lookup play.googleapis.com: Temporary failure in name resolution

2026-04-17 01:49:41.762 [error] [LS Main stderr] ERROR: logging before google.Init: E0417 01:49:41.762223     134 g3syslog.go:23] [Post "https://play.googleapis.com/log": dial tcp: lookup play.googleapis.com: Temporary failure in name resolution]

2026-04-17 01:49:43.634 [error] [LS Main stderr] E0417 01:49:43.633884 219487 client.go:55] Post "https://play.googleapis.com/log": dial tcp: lookup play.googleapis.com: Temporary failure in name resolution

2026-04-17 01:49:46.765 [error] [LS Main stderr] ERROR: logging before google.Init: E0417 01:49:46.764578     134 g3syslog.go:23] [Post "https://play.googleapis.com/log": dial tcp: lookup play.googleapis.com: Temporary failure in name resolution]

2026-04-17 01:49:48.636 [error] [LS Main stderr] E0417 01:49:48.635840 219487 client.go:55] Post "https://play.googleapis.com/log": dial tcp: lookup play.googleapis.com: Temporary failure in name resolution

2026-04-17 01:49:51.767 [error] [LS Main stderr] ERROR: logging before google.Init: E0417 01:49:51.766489     134 g3syslog.go:23] [Post "https://play.googleapis.com/log": dial tcp: lookup play.googleapis.com: Temporary failure in name resolution]

2026-04-17 01:49:53.638 [error] [LS Main stderr] E0417 01:49:53.638030 219487 client.go:55] Post "https://play.googleapis.com/log": dial tcp: lookup play.googleapis.com: Temporary failure in name resolution

2026-04-17 01:49:56.769 [error] [LS Main stderr] ERROR: logging before google.Init: E0417 01:49:56.768624     134 g3syslog.go:23] [Post "https://play.googleapis.com/log": dial tcp: lookup play.googleapis.com: Temporary failure in name resolution]

2026-04-17 01:49:58.640 [error] [LS Main stderr] E0417 01:49:58.639798 219487 client.go:55] Post "https://play.googleapis.com/log": dial tcp: lookup play.googleapis.com: Temporary failure in name resolution

2026-04-17 01:50:01.770 [error] [LS Main stderr] ERROR: logging before google.Init: E0417 01:50:01.770115     134 g3syslog.go:23] [Post "https://play.googleapis.com/log": dial tcp: lookup play.googleapis.com: Temporary failure in name resolution]

2026-04-17 01:50:03.642 [error] [LS Main stderr] E0417 01:50:03.642273 219487 client.go:55] Post "https://play.googleapis.com/log": dial tcp: lookup play.googleapis.com: Temporary failure in name resolution

2026-04-17 01:50:06.773 [error] [LS Main stderr] ERROR: logging before google.Init: E0417 01:50:06.772596     134 g3syslog.go:23] [Post "https://play.googleapis.com/log": dial tcp: lookup play.googleapis.com: Temporary failure in name resolution]

2026-04-17 01:50:08.644 [error] [LS Main stderr] E0417 01:50:08.644094 219487 client.go:55] Post "https://play.googleapis.com/log": dial tcp: lookup play.googleapis.com: Temporary failure in name resolution

2026-04-17 01:50:11.775 [error] [LS Main stderr] ERROR: logging before google.Init: E0417 01:50:11.774535     134 g3syslog.go:23] [Post "https://play.googleapis.com/log": dial tcp: lookup play.googleapis.com: Temporary failure in name resolution]

2026-04-17 01:50:13.646 [error] [LS Main stderr] E0417 01:50:13.646193 219487 client.go:55] Post "https://play.googleapis.com/log": dial tcp: lookup play.googleapis.com: Temporary failure in name resolution

2026-04-17 01:50:16.777 [error] [LS Main stderr] ERROR: logging before google.Init: E0417 01:50:16.776595     134 g3syslog.go:23] [Post "https://play.googleapis.com/log": dial tcp: lookup play.googleapis.com: Temporary failure in name resolution]

2026-04-17 01:50:18.648 [error] [LS Main stderr] E0417 01:50:18.647965 219487 client.go:55] Post "https://play.googleapis.com/log": dial tcp: lookup play.googleapis.com: Temporary failure in name resolution

2026-04-17 01:50:21.779 [error] [LS Main stderr] ERROR: logging before google.Init: E0417 01:50:21.778658     134 g3syslog.go:23] [Post "https://play.googleapis.com/log": dial tcp: lookup play.googleapis.com: Temporary failure in name resolution]

2026-04-17 01:50:23.650 [error] [LS Main stderr] E0417 01:50:23.650214 219487 client.go:55] Post "https://play.googleapis.com/log": dial tcp: lookup play.googleapis.com: Temporary failure in name resolution

2026-04-17 01:50:26.781 [error] [LS Main stderr] ERROR: logging before google.Init: E0417 01:50:26.780584     134 g3syslog.go:23] [Post "https://play.googleapis.com/log": dial tcp: lookup play.googleapis.com: Temporary failure in name resolution]

2026-04-17 01:50:28.653 [error] [LS Main stderr] E0417 01:50:28.652666 219487 client.go:55] Post "https://play.googleapis.com/log": dial tcp: lookup play.googleapis.com: Temporary failure in name resolution

2026-04-17 01:50:31.783 [error] [LS Main stderr] ERROR: logging before google.Init: E0417 01:50:31.782898     134 g3syslog.go:23] [Post "https://play.googleapis.com/log": dial tcp: lookup play.googleapis.com: Temporary failure in name resolution]

2026-04-17 01:50:33.654 [error] [LS Main stderr] E0417 01:50:33.654185 219487 client.go:55] Post "https://play.googleapis.com/log": dial tcp: lookup play.googleapis.com: Temporary failure in name resolution

2026-04-17 01:50:36.786 [error] [LS Main stderr] ERROR: logging before google.Init: E0417 01:50:36.785552     134 g3syslog.go:23] [Post "https://play.googleapis.com/log": dial tcp: lookup play.googleapis.com: Temporary failure in name resolution]

2026-04-17 01:50:38.657 [error] [LS Main stderr] E0417 01:50:38.656876 219487 client.go:55] Post "https://play.googleapis.com/log": dial tcp: lookup play.googleapis.com: Temporary failure in name resolution

2026-04-17 01:50:41.787 [error] [LS Main stderr] ERROR: logging before google.Init: E0417 01:50:41.787227     134 g3syslog.go:23] [Post "https://play.googleapis.com/log": dial tcp: lookup play.googleapis.com: Temporary failure in name resolution]

2026-04-17 01:50:43.659 [error] [LS Main stderr] E0417 01:50:43.658987 219487 client.go:55] Post "https://play.googleapis.com/log": dial tcp: lookup play.googleapis.com: Temporary failure in name resolution

2026-04-17 01:50:45.069 [error] [LS Main stderr] W0417 01:50:45.068897 219487 log_context.go:118] Cache(userInfo): Singleflight refresh failed: Post "https://cloudcode-pa.googleapis.com/v1internal:fetchUserInfo": dial tcp: lookup cloudcode-pa.googleapis.com: Temporary failure in name resolution

2026-04-17 01:50:46.790 [error] [LS Main stderr] ERROR: logging before google.Init: E0417 01:50:46.789373     134 g3syslog.go:23] [Post "https://play.googleapis.com/log": dial tcp: lookup play.googleapis.com: Temporary failure in name resolution]

2026-04-17 01:50:48.662 [error] [LS Main stderr] E0417 01:50:48.661668 219487 client.go:55] Post "https://play.googleapis.com/log": dial tcp: lookup play.googleapis.com: Temporary failure in name resolution

2026-04-17 01:50:51.791 [error] [LS Main stderr] ERROR: logging before google.Init: E0417 01:50:51.790928     134 g3syslog.go:23] [Post "https://play.googleapis.com/log": dial tcp: lookup play.googleapis.com: Temporary failure in name resolution]

2026-04-17 01:50:53.663 [error] [LS Main stderr] E0417 01:50:53.663391 219487 client.go:55] Post "https://play.googleapis.com/log": dial tcp: lookup play.googleapis.com: Temporary failure in name resolution

2026-04-17 01:50:56.793 [error] [LS Main stderr] ERROR: logging before google.Init: E0417 01:50:56.792746     134 g3syslog.go:23] [Post "https://play.googleapis.com/log": dial tcp: lookup play.googleapis.com: Temporary failure in name resolution]

2026-04-17 01:50:58.666 [error] [LS Main stderr] E0417 01:50:58.665559 219487 client.go:55] Post "https://play.googleapis.com/log": dial tcp: lookup play.googleapis.com: Temporary failure in name resolution

2026-04-17 01:51:01.795 [error] [LS Main stderr] ERROR: logging before google.Init: E0417 01:51:01.794899     134 g3syslog.go:23] [Post "https://play.googleapis.com/log": dial tcp: lookup play.googleapis.com: Temporary failure in name resolution]

2026-04-17 01:51:03.668 [error] [LS Main stderr] E0417 01:51:03.668074 219487 client.go:55] Post "https://play.googleapis.com/log": dial tcp: lookup play.googleapis.com: Temporary failure in name resolution

2026-04-17 01:51:06.796 [error] [LS Main stderr] ERROR: logging before google.Init: E0417 01:51:06.796242     134 g3syslog.go:23] [Post "https://play.googleapis.com/log": dial tcp: lookup play.googleapis.com: Temporary failure in name resolution]

2026-04-17 01:51:08.670 [error] [LS Main stderr] E0417 01:51:08.669895 219487 client.go:55] Post "https://play.googleapis.com/log": dial tcp: lookup play.googleapis.com: Temporary failure in name resolution

2026-04-17 01:51:11.799 [error] [LS Main stderr] ERROR: logging before google.Init: E0417 01:51:11.798713     134 g3syslog.go:23] [Post "https://play.googleapis.com/log": dial tcp: lookup play.googleapis.com: Temporary failure in name resolution]

2026-04-17 01:51:13.672 [error] [LS Main stderr] E0417 01:51:13.672010 219487 client.go:55] Post "https://play.googleapis.com/log": dial tcp: lookup play.googleapis.com: Temporary failure in name resolution

2026-04-17 01:51:16.801 [error] [LS Main stderr] ERROR: logging before google.Init: E0417 01:51:16.801148     134 g3syslog.go:23] [Post "https://play.googleapis.com/log": dial tcp: lookup play.googleapis.com: Temporary failure in name resolution]

2026-04-17 01:51:18.674 [error] [LS Main stderr] E0417 01:51:18.673674 219487 client.go:55] Post "https://play.googleapis.com/log": dial tcp: lookup play.googleapis.com: Temporary failure in name resolution

2026-04-17 01:51:21.804 [error] [LS Main stderr] ERROR: logging before google.Init: E0417 01:51:21.803474     134 g3syslog.go:23] [Post "https://play.googleapis.com/log": dial tcp: lookup play.googleapis.com: Temporary failure in name resolution]

2026-04-17 01:51:23.676 [error] [LS Main stderr] E0417 01:51:23.675866 219487 client.go:55] Post "https://play.googleapis.com/log": dial tcp: lookup play.googleapis.com: Temporary failure in name resolution

2026-04-17 01:51:26.806 [error] [LS Main stderr] ERROR: logging before google.Init: E0417 01:51:26.805321     134 g3syslog.go:23] [Post "https://play.googleapis.com/log": dial tcp: lookup play.googleapis.com: Temporary failure in name resolution]

2026-04-17 01:51:28.678 [error] [LS Main stderr] E0417 01:51:28.677872 219487 client.go:55] Post "https://play.googleapis.com/log": dial tcp: lookup play.googleapis.com: Temporary failure in name resolution

2026-04-17 01:51:31.808 [error] [LS Main stderr] ERROR: logging before google.Init: E0417 01:51:31.807692     134 g3syslog.go:23] [Post "https://play.googleapis.com/log": dial tcp: lookup play.googleapis.com: Temporary failure in name resolution]

2026-04-17 01:51:33.681 [error] [LS Main stderr] E0417 01:51:33.680469 219487 client.go:55] Post "https://play.googleapis.com/log": dial tcp: lookup play.googleapis.com: Temporary failure in name resolution

2026-04-17 01:51:36.811 [error] [LS Main stderr] ERROR: logging before google.Init: E0417 01:51:36.810900     134 g3syslog.go:23] [Post "https://play.googleapis.com/log": dial tcp: lookup play.googleapis.com: Temporary failure in name resolution]

2026-04-17 01:51:38.682 [error] [LS Main stderr] E0417 01:51:38.681948 219487 client.go:55] Post "https://play.googleapis.com/log": dial tcp: lookup play.googleapis.com: Temporary failure in name resolution

2026-04-17 01:51:41.814 [error] [LS Main stderr] ERROR: logging before google.Init: E0417 01:51:41.813567     134 g3syslog.go:23] [Post "https://play.googleapis.com/log": dial tcp: lookup play.googleapis.com: Temporary failure in name resolution]

2026-04-17 01:51:43.684 [error] [LS Main stderr] E0417 01:51:43.683760 219487 client.go:55] Post "https://play.googleapis.com/log": dial tcp: lookup play.googleapis.com: Temporary failure in name resolution

2026-04-17 01:51:46.816 [error] [LS Main stderr] ERROR: logging before google.Init: E0417 01:51:46.816225     134 g3syslog.go:23] [Post "https://play.googleapis.com/log": dial tcp: lookup play.googleapis.com: Temporary failure in name resolution]

2026-04-17 01:51:48.686 [error] [LS Main stderr] E0417 01:51:48.685951 219487 client.go:55] Post "https://play.googleapis.com/log": dial tcp: lookup play.googleapis.com: Temporary failure in name resolution

2026-04-17 01:51:51.818 [error] [LS Main stderr] ERROR: logging before google.Init: E0417 01:51:51.818164     134 g3syslog.go:23] [Post "https://play.googleapis.com/log": dial tcp: lookup play.googleapis.com: Temporary failure in name resolution]

2026-04-17 01:51:53.688 [error] [LS Main stderr] E0417 01:51:53.687965 219487 client.go:55] Post "https://play.googleapis.com/log": dial tcp: lookup play.googleapis.com: Temporary failure in name resolution

2026-04-17 01:51:56.821 [error] [LS Main stderr] ERROR: logging before google.Init: E0417 01:51:56.820520     134 g3syslog.go:23] [Post "https://play.googleapis.com/log": dial tcp: lookup play.googleapis.com: Temporary failure in name resolution]

2026-04-17 01:51:58.691 [error] [LS Main stderr] E0417 01:51:58.690580 219487 client.go:55] Post "https://play.googleapis.com/log": dial tcp: lookup play.googleapis.com: Temporary failure in name resolution

2026-04-17 01:52:01.822 [error] [LS Main stderr] ERROR: logging before google.Init: E0417 01:52:01.822406     134 g3syslog.go:23] [Post "https://play.googleapis.com/log": dial tcp: lookup play.googleapis.com: Temporary failure in name resolution]

2026-04-17 01:52:03.693 [error] [LS Main stderr] E0417 01:52:03.692767 219487 client.go:55] Post "https://play.googleapis.com/log": dial tcp: lookup play.googleapis.com: Temporary failure in name resolution

2026-04-17 01:52:06.824 [error] [LS Main stderr] ERROR: logging before google.Init: E0417 01:52:06.824043     134 g3syslog.go:23] [Post "https://play.googleapis.com/log": dial tcp: lookup play.googleapis.com: Temporary failure in name resolution]

2026-04-17 01:52:08.695 [error] [LS Main stderr] E0417 01:52:08.694892 219487 client.go:55] Post "https://play.googleapis.com/log": dial tcp: lookup play.googleapis.com: Temporary failure in name resolution

2026-04-17 01:52:11.826 [error] [LS Main stderr] ERROR: logging before google.Init: E0417 01:52:11.826103     134 g3syslog.go:23] [Post "https://play.googleapis.com/log": dial tcp: lookup play.googleapis.com: Temporary failure in name resolution]

2026-04-17 01:52:13.697 [error] [LS Main stderr] E0417 01:52:13.696906 219487 client.go:55] Post "https://play.googleapis.com/log": dial tcp: lookup play.googleapis.com: Temporary failure in name resolution

2026-04-17 01:52:16.828 [error] [LS Main stderr] ERROR: logging before google.Init: E0417 01:52:16.828238     134 g3syslog.go:23] [Post "https://play.googleapis.com/log": dial tcp: lookup play.googleapis.com: Temporary failure in name resolution]

2026-04-17 01:52:18.699 [error] [LS Main stderr] E0417 01:52:18.698989 219487 client.go:55] Post "https://play.googleapis.com/log": dial tcp: lookup play.googleapis.com: Temporary failure in name resolution

2026-04-17 01:52:21.832 [error] [LS Main stderr] ERROR: logging before google.Init: E0417 01:52:21.831401     134 g3syslog.go:23] [Post "https://play.googleapis.com/log": dial tcp: lookup play.googleapis.com: Temporary failure in name resolution]

2026-04-17 01:52:23.701 [error] [LS Main stderr] E0417 01:52:23.701363 219487 client.go:55] Post "https://play.googleapis.com/log": dial tcp: lookup play.googleapis.com: Temporary failure in name resolution

2026-04-17 01:52:26.834 [error] [LS Main stderr] ERROR: logging before google.Init: E0417 01:52:26.834063     134 g3syslog.go:23] [Post "https://play.googleapis.com/log": dial tcp: lookup play.googleapis.com: Temporary failure in name resolution]

2026-04-17 01:52:28.705 [error] [LS Main stderr] E0417 01:52:28.704611 219487 client.go:55] Post "https://play.googleapis.com/log": dial tcp: lookup play.googleapis.com: Temporary failure in name resolution

2026-04-17 01:52:31.837 [error] [LS Main stderr] ERROR: logging before google.Init: E0417 01:52:31.836537     134 g3syslog.go:23] [Post "https://play.googleapis.com/log": dial tcp: lookup play.googleapis.com: Temporary failure in name resolution]

2026-04-17 01:52:33.707 [error] [LS Main stderr] E0417 01:52:33.706801 219487 client.go:55] Post "https://play.googleapis.com/log": dial tcp: lookup play.googleapis.com: Temporary failure in name resolution

2026-04-17 01:52:36.838 [error] [LS Main stderr] ERROR: logging before google.Init: E0417 01:52:36.838402     134 g3syslog.go:23] [Post "https://play.googleapis.com/log": dial tcp: lookup play.googleapis.com: Temporary failure in name resolution]

2026-04-17 01:52:38.710 [error] [LS Main stderr] E0417 01:52:38.709776 219487 client.go:55] Post "https://play.googleapis.com/log": dial tcp: lookup play.googleapis.com: Temporary failure in name resolution

2026-04-17 01:52:41.841 [error] [LS Main stderr] ERROR: logging before google.Init: E0417 01:52:41.840541     134 g3syslog.go:23] [Post "https://play.googleapis.com/log": dial tcp: lookup play.googleapis.com: Temporary failure in name resolution]

2026-04-17 01:52:43.712 [error] [LS Main stderr] E0417 01:52:43.712253 219487 client.go:55] Post "https://play.googleapis.com/log": dial tcp: lookup play.googleapis.com: Temporary failure in name resolution

2026-04-17 01:52:46.843 [error] [LS Main stderr] ERROR: logging before google.Init: E0417 01:52:46.842484     134 g3syslog.go:23] [Post "https://play.googleapis.com/log": dial tcp: lookup play.googleapis.com: Temporary failure in name resolution]

2026-04-17 01:52:48.714 [error] [LS Main stderr] E0417 01:52:48.714147 219487 client.go:55] Post "https://play.googleapis.com/log": dial tcp: lookup play.googleapis.com: Temporary failure in name resolution

2026-04-17 01:52:51.844 [error] [LS Main stderr] ERROR: logging before google.Init: E0417 01:52:51.844127     134 g3syslog.go:23] [Post "https://play.googleapis.com/log": dial tcp: lookup play.googleapis.com: Temporary failure in name resolution]

2026-04-17 01:52:53.716 [error] [LS Main stderr] E0417 01:52:53.715978 219487 client.go:55] Post "https://play.googleapis.com/log": dial tcp: lookup play.googleapis.com: Temporary failure in name resolution

2026-04-17 01:52:56.846 [error] [LS Main stderr] ERROR: logging before google.Init: E0417 01:52:56.846061     134 g3syslog.go:23] [Post "https://play.googleapis.com/log": dial tcp: lookup play.googleapis.com: Temporary failure in name resolution]

2026-04-17 01:52:58.719 [error] [LS Main stderr] E0417 01:52:58.718668 219487 client.go:55] Post "https://play.googleapis.com/log": dial tcp: lookup play.googleapis.com: Temporary failure in name resolution

2026-04-17 01:53:01.848 [error] [LS Main stderr] ERROR: logging before google.Init: E0417 01:53:01.847754     134 g3syslog.go:23] [Post "https://play.googleapis.com/log": dial tcp: lookup play.googleapis.com: Temporary failure in name resolution]

2026-04-17 01:53:03.721 [error] [LS Main stderr] E0417 01:53:03.721249 219487 client.go:55] Post "https://play.googleapis.com/log": dial tcp: lookup play.googleapis.com: Temporary failure in name resolution

2026-04-17 01:53:06.849 [error] [LS Main stderr] ERROR: logging before google.Init: E0417 01:53:06.849400     134 g3syslog.go:23] [Post "https://play.googleapis.com/log": dial tcp: lookup play.googleapis.com: Temporary failure in name resolution]

2026-04-17 01:53:08.724 [error] [LS Main stderr] E0417 01:53:08.723323 219487 client.go:55] Post "https://play.googleapis.com/log": dial tcp: lookup play.googleapis.com: Temporary failure in name resolution

2026-04-17 01:53:11.852 [error] [LS Main stderr] ERROR: logging before google.Init: E0417 01:53:11.851658     134 g3syslog.go:23] [Post "https://play.googleapis.com/log": dial tcp: lookup play.googleapis.com: Temporary failure in name resolution]

2026-04-17 01:53:13.726 [error] [LS Main stderr] E0417 01:53:13.725308 219487 client.go:55] Post "https://play.googleapis.com/log": dial tcp: lookup play.googleapis.com: Temporary failure in name resolution

2026-04-17 19:35:59.788 [error] [LS Main stderr] E0417 19:35:59.781057 219487 client.go:55] Post "https://play.googleapis.com/log": dial tcp: lookup play.googleapis.com: Temporary failure in name resolution
ERROR: logging before google.Init: E0417 19:35:59.780934     134 g3syslog.go:23] [Post "https://play.googleapis.com/log": dial tcp: lookup play.googleapis.com: Temporary failure in name resolution]

2026-04-17 19:36:05.037 [error] [LS Main stderr] E0417 19:36:05.037423 219487 client.go:55] Clearcut responded with HTTP code401

2026-04-17 20:34:27.965 [error] [LS Main stderr] I0417 20:34:27.964665 219487 http_helpers.go:123] URL: https://cloudcode-pa.googleapis.com/v1internal:loadCodeAssist Trace: 0x9b799005c268051f

2026-04-17 20:34:29.202 [error] [LS Main stderr] I0417 20:34:29.202515 219487 http_helpers.go:123] URL: https://cloudcode-pa.googleapis.com/v1internal:fetchAvailableModels Trace: 0x50e4c13254aa5d2a

2026-04-17 21:44:28.268 [error] [LS Main stderr] I0417 21:44:28.268218 219487 http_helpers.go:123] URL: https://cloudcode-pa.googleapis.com/v1internal:loadCodeAssist Trace: 0xd94a705cb62f872b

2026-04-17 21:44:29.643 [error] [LS Main stderr] I0417 21:44:29.642904 219487 http_helpers.go:123] URL: https://cloudcode-pa.googleapis.com/v1internal:fetchAvailableModels Trace: 0x32819ae4d7f75d4d

2026-04-18 23:44:48.088 [error] [LS Main stderr] I0418 23:44:48.088087 219487 http_helpers.go:123] URL: https://cloudcode-pa.googleapis.com/v1internal:loadCodeAssist Trace: 0xa0f963836ac85eb5

2026-04-18 23:44:49.216 [error] [LS Main stderr] I0418 23:44:49.215537 219487 http_helpers.go:123] URL: https://cloudcode-pa.googleapis.com/v1internal:fetchAvailableModels Trace: 0x273c46177cae76cb

2026-04-18 23:44:49.228 [error] [LS Main stderr] E0418 23:44:49.228246 219487 log.go:398] failed to check terminal shell support: internal: internal error

2026-04-18 23:44:49.294 [error] [LS Main stderr] I0418 23:44:49.294261 219487 planner_generator.go:283] Requesting planner with 5 chat messages at model retry attempt 1 and API retry attempt 1

2026-04-18 23:44:54.192 [error] [LS Main stderr] I0418 23:44:54.191758 219487 http_helpers.go:123] URL: https://cloudcode-pa.googleapis.com/v1internal:streamGenerateContent?alt=sse Trace: 0x88fac8a87a552e0d

2026-04-18 23:44:57.222 [error] [LS Main stderr] I0418 23:44:57.222142 219487 planner_generator.go:283] Requesting planner with 7 chat messages at model retry attempt 1 and API retry attempt 1

2026-04-18 23:44:58.602 [error] [LS Main stderr] I0418 23:44:58.601883 219487 http_helpers.go:123] URL: https://cloudcode-pa.googleapis.com/v1internal:streamGenerateContent?alt=sse Trace: 0xfb4424665eaf6169

2026-04-18 23:45:01.027 [error] [LS Main stderr] I0418 23:45:01.026540 219487 http_helpers.go:123] URL: https://cloudcode-pa.googleapis.com/v1internal:streamGenerateContent?alt=sse Trace: 0xfd5269e86d0241

2026-04-18 23:45:04.352 [error] [LS Main stderr] I0418 23:45:04.351721 219487 planner_generator.go:283] Requesting planner with 13 chat messages at model retry attempt 1 and API retry attempt 1

2026-04-18 23:45:08.437 [error] [LS Main stderr] I0418 23:45:08.437392 219487 http_helpers.go:123] URL: https://cloudcode-pa.googleapis.com/v1internal:streamGenerateContent?alt=sse Trace: 0x22ed00eaa07f3dda

2026-04-18 23:45:10.449 [error] [LS Main stderr] I0418 23:45:10.449461 219487 planner_generator.go:283] Requesting planner with 16 chat messages at model retry attempt 1 and API retry attempt 1

2026-04-18 23:45:14.712 [error] [LS Main stderr] I0418 23:45:14.712081 219487 http_helpers.go:123] URL: https://cloudcode-pa.googleapis.com/v1internal:streamGenerateContent?alt=sse Trace: 0xb4034218c9fa3971

2026-04-18 23:45:18.580 [error] [LS Main stderr] I0418 23:45:18.572537 219487 planner_generator.go:283] Requesting planner with 18 chat messages at model retry attempt 1 and API retry attempt 1

2026-04-18 23:45:22.290 [error] [LS Main stderr] I0418 23:45:22.290224 219487 http_helpers.go:123] URL: https://cloudcode-pa.googleapis.com/v1internal:streamGenerateContent?alt=sse Trace: 0x2c7422014d0e9f55

2026-04-18 23:45:24.154 [error] [LS Main stderr] I0418 23:45:24.154484 219487 planner_generator.go:283] Requesting planner with 20 chat messages at model retry attempt 1 and API retry attempt 1

2026-04-18 23:45:28.127 [error] [LS Main stderr] I0418 23:45:28.127284 219487 http_helpers.go:123] URL: https://cloudcode-pa.googleapis.com/v1internal:streamGenerateContent?alt=sse Trace: 0x40d154fdfc793782

2026-04-18 23:45:29.680 [error] [LS Main stderr] I0418 23:45:29.680395 219487 planner_generator.go:283] Requesting planner with 22 chat messages at model retry attempt 1 and API retry attempt 1

2026-04-18 23:45:33.862 [error] [LS Main stderr] I0418 23:45:33.862378 219487 http_helpers.go:123] URL: https://cloudcode-pa.googleapis.com/v1internal:streamGenerateContent?alt=sse Trace: 0x365636e7d2312022

2026-04-18 23:45:38.160 [error] [LS Main stderr] I0418 23:45:38.159824 219487 planner_generator.go:283] Requesting planner with 24 chat messages at model retry attempt 1 and API retry attempt 1

2026-04-18 23:45:42.054 [error] [LS Main stderr] I0418 23:45:42.053930 219487 http_helpers.go:123] URL: https://cloudcode-pa.googleapis.com/v1internal:streamGenerateContent?alt=sse Trace: 0x477a12f84d1de5b3

2026-04-18 23:45:51.606 [error] [LS Main stderr] E0418 23:45:51.606369 219487 log.go:398] failed to check terminal shell support: internal: internal error

2026-04-18 23:45:52.962 [error] [LS Main stderr] E0418 23:45:52.959976 219487 log.go:398] executor is not currently running

2026-04-18 23:45:52.966 [error] [LS Main stderr] E0418 23:45:52.966705 219487 log.go:398] failed to check terminal shell support: internal: internal error

2026-04-18 23:46:19.759 [error] [LS Main stderr] E0418 23:46:19.758986 219487 log.go:398] failed to check terminal shell support: internal: internal error

2026-04-18 23:46:19.801 [error] [LS Main stderr] I0418 23:46:19.801430 219487 planner_generator.go:283] Requesting planner with 5 chat messages at model retry attempt 1 and API retry attempt 1

2026-04-18 23:46:23.142 [error] [LS Main stderr] I0418 23:46:23.141648 219487 http_helpers.go:123] URL: https://cloudcode-pa.googleapis.com/v1internal:streamGenerateContent?alt=sse Trace: 0xf9398904244be475

2026-04-18 23:46:26.399 [error] [LS Main stderr] I0418 23:46:26.398785 219487 planner_generator.go:283] Requesting planner with 6 chat messages at model retry attempt 1 and API retry attempt 1

2026-04-18 23:46:27.518 [error] [LS Main stderr] I0418 23:46:27.518731 219487 http_helpers.go:123] URL: https://cloudcode-pa.googleapis.com/v1internal:streamGenerateContent?alt=sse Trace: 0xfb632af9305a0bdf

2026-04-18 23:46:30.080 [error] [LS Main stderr] I0418 23:46:30.080037 219487 http_helpers.go:123] URL: https://cloudcode-pa.googleapis.com/v1internal:streamGenerateContent?alt=sse Trace: 0xf728c744fe70003f

2026-04-18 23:46:31.716 [error] [LS Main stderr] I0418 23:46:31.716342 219487 planner_generator.go:283] Requesting planner with 10 chat messages at model retry attempt 1 and API retry attempt 1

2026-04-18 23:46:35.611 [error] [LS Main stderr] I0418 23:46:35.610785 219487 http_helpers.go:123] URL: https://cloudcode-pa.googleapis.com/v1internal:streamGenerateContent?alt=sse Trace: 0x40c0174f1f6a0fb3

2026-04-18 23:46:40.025 [error] [LS Main stderr] I0418 23:46:40.025551 219487 planner_generator.go:283] Requesting planner with 15 chat messages at model retry attempt 1 and API retry attempt 1

2026-04-18 23:46:43.699 [error] [LS Main stderr] I0418 23:46:43.699455 219487 http_helpers.go:123] URL: https://cloudcode-pa.googleapis.com/v1internal:streamGenerateContent?alt=sse Trace: 0xe4ce469174165fea

2026-04-18 23:46:45.515 [error] [LS Main stderr] I0418 23:46:45.515182 219487 planner_generator.go:283] Requesting planner with 18 chat messages at model retry attempt 1 and API retry attempt 1

2026-04-18 23:46:47.701 [error] [LS Main stderr] W0418 23:46:47.701562 219487 browser_liveness_utils.go:67] Connecting to browser via CDP: http://127.0.0.1:9222

2026-04-18 23:46:47.828 [error] [LS Main stderr] I0418 23:46:47.827690 219487 secure_credentials.go:21] No extension worker available, skipping secure credentials setup

2026-04-18 23:46:49.634 [error] [LS Main stderr] I0418 23:46:49.633836 219487 http_helpers.go:123] URL: https://cloudcode-pa.googleapis.com/v1internal:streamGenerateContent?alt=sse Trace: 0x71418ed0c82f70e3

2026-04-18 23:46:54.051 [error] [LS Main stderr] I0418 23:46:54.051602 219487 planner_generator.go:283] Requesting planner with 20 chat messages at model retry attempt 1 and API retry attempt 1

2026-04-18 23:46:57.600 [error] [LS Main stderr] I0418 23:46:57.600200 219487 http_helpers.go:123] URL: https://cloudcode-pa.googleapis.com/v1internal:streamGenerateContent?alt=sse Trace: 0xbd90cd17ba3fe299

2026-04-18 23:47:10.878 [error] [LS Main stderr] I0418 23:47:10.877668 219487 planner_generator.go:283] Requesting planner with 22 chat messages at model retry attempt 1 and API retry attempt 1

2026-04-18 23:47:14.425 [error] [LS Main stderr] I0418 23:47:14.425179 219487 http_helpers.go:123] URL: https://cloudcode-pa.googleapis.com/v1internal:streamGenerateContent?alt=sse Trace: 0xa2a412458592ec28

2026-04-18 23:47:15.968 [error] [LS Main stderr] I0418 23:47:15.967735 219487 planner_generator.go:283] Requesting planner with 25 chat messages at model retry attempt 1 and API retry attempt 1

2026-04-18 23:47:19.847 [error] [LS Main stderr] I0418 23:47:19.847433 219487 http_helpers.go:123] URL: https://cloudcode-pa.googleapis.com/v1internal:streamGenerateContent?alt=sse Trace: 0xea4bce2c1a5bd658

2026-04-18 23:47:22.652 [error] [LS Main stderr] I0418 23:47:22.651898 219487 planner_generator.go:283] Requesting planner with 27 chat messages at model retry attempt 1 and API retry attempt 1

2026-04-18 23:47:26.584 [error] [LS Main stderr] I0418 23:47:26.583579 219487 http_helpers.go:123] URL: https://cloudcode-pa.googleapis.com/v1internal:streamGenerateContent?alt=sse Trace: 0xa80b4a7a68ac8b61

2026-04-18 23:47:40.306 [error] [LS Main stderr] I0418 23:47:40.305677 219487 planner_generator.go:283] Requesting planner with 29 chat messages at model retry attempt 1 and API retry attempt 1

2026-04-18 23:47:43.912 [error] [LS Main stderr] I0418 23:47:43.912349 219487 http_helpers.go:123] URL: https://cloudcode-pa.googleapis.com/v1internal:streamGenerateContent?alt=sse Trace: 0x85e3bcc86341609b

2026-04-18 23:47:51.066 [error] [LS Main stderr] I0418 23:47:51.066207 219487 planner_generator.go:283] Requesting planner with 31 chat messages at model retry attempt 1 and API retry attempt 1

2026-04-18 23:47:55.483 [error] [LS Main stderr] I0418 23:47:55.483450 219487 http_helpers.go:123] URL: https://cloudcode-pa.googleapis.com/v1internal:streamGenerateContent?alt=sse Trace: 0xaf17793ff6d01c1b

2026-04-18 23:48:04.933 [error] [LS Main stderr] I0418 23:48:04.932805 219487 planner_generator.go:283] Requesting planner with 33 chat messages at model retry attempt 1 and API retry attempt 1

2026-04-18 23:48:08.796 [error] [LS Main stderr] I0418 23:48:08.796319 219487 http_helpers.go:123] URL: https://cloudcode-pa.googleapis.com/v1internal:streamGenerateContent?alt=sse Trace: 0xc046b55ae7154a62

2026-04-18 23:48:10.262 [error] [LS Main stderr] I0418 23:48:10.261735 219487 planner_generator.go:283] Requesting planner with 35 chat messages at model retry attempt 1 and API retry attempt 1

2026-04-18 23:48:14.019 [error] [LS Main stderr] I0418 23:48:14.019521 219487 http_helpers.go:123] URL: https://cloudcode-pa.googleapis.com/v1internal:streamGenerateContent?alt=sse Trace: 0x269d6d54c870d998

2026-04-18 23:48:14.856 [error] [LS Main stderr] I0418 23:48:14.856057 219487 planner_generator.go:283] Requesting planner with 37 chat messages at model retry attempt 1 and API retry attempt 1

2026-04-18 23:48:18.524 [error] [LS Main stderr] I0418 23:48:18.523796 219487 http_helpers.go:123] URL: https://cloudcode-pa.googleapis.com/v1internal:streamGenerateContent?alt=sse Trace: 0x1a2d1c72406d5e5d

2026-04-18 23:48:23.642 [error] [LS Main stderr] I0418 23:48:23.642018 219487 planner_generator.go:283] Requesting planner with 39 chat messages at model retry attempt 1 and API retry attempt 1

2026-04-18 23:48:27.376 [error] [LS Main stderr] I0418 23:48:27.375773 219487 http_helpers.go:123] URL: https://cloudcode-pa.googleapis.com/v1internal:streamGenerateContent?alt=sse Trace: 0x4b7a2f290b986a54

2026-04-18 23:48:35.169 [error] [LS Main stderr] I0418 23:48:35.169326 219487 planner_generator.go:283] Requesting planner with 42 chat messages at model retry attempt 1 and API retry attempt 1

2026-04-18 23:48:39.266 [error] [LS Main stderr] I0418 23:48:39.266344 219487 http_helpers.go:123] URL: https://cloudcode-pa.googleapis.com/v1internal:streamGenerateContent?alt=sse Trace: 0x202019597e462333

2026-04-18 23:48:40.367 [error] [LS Main stderr] I0418 23:48:40.367339 219487 planner_generator.go:283] Requesting planner with 44 chat messages at model retry attempt 1 and API retry attempt 1

2026-04-18 23:48:44.669 [error] [LS Main stderr] I0418 23:48:44.668847 219487 http_helpers.go:123] URL: https://cloudcode-pa.googleapis.com/v1internal:streamGenerateContent?alt=sse Trace: 0x28b180b4b4e0a8bc

2026-04-18 23:48:45.449 [error] [LS Main stderr] I0418 23:48:45.448773 219487 planner_generator.go:283] Requesting planner with 46 chat messages at model retry attempt 1 and API retry attempt 1

2026-04-18 23:48:49.243 [error] [LS Main stderr] I0418 23:48:49.243367 219487 http_helpers.go:123] URL: https://cloudcode-pa.googleapis.com/v1internal:streamGenerateContent?alt=sse Trace: 0x2968461fa945dc8f

2026-04-18 23:49:07.711 [error] [LS Main stderr] I0418 23:49:07.711444 219487 planner_generator.go:283] Requesting planner with 50 chat messages at model retry attempt 1 and API retry attempt 1

2026-04-18 23:49:11.260 [error] [LS Main stderr] I0418 23:49:11.260322 219487 http_helpers.go:123] URL: https://cloudcode-pa.googleapis.com/v1internal:streamGenerateContent?alt=sse Trace: 0x31535ac04255ef8c

2026-04-18 23:49:24.263 [error] [LS Main stderr] I0418 23:49:24.263378 219487 planner_generator.go:283] Requesting planner with 53 chat messages at model retry attempt 1 and API retry attempt 1

2026-04-18 23:49:27.951 [error] [LS Main stderr] I0418 23:49:27.950794 219487 http_helpers.go:123] URL: https://cloudcode-pa.googleapis.com/v1internal:streamGenerateContent?alt=sse Trace: 0x55d924ead185496e

2026-04-18 23:49:32.865 [error] [LS Main stderr] I0418 23:49:32.864693 219487 planner_generator.go:283] Requesting planner with 55 chat messages at model retry attempt 1 and API retry attempt 1

2026-04-18 23:49:37.025 [error] [LS Main stderr] I0418 23:49:37.025121 219487 http_helpers.go:123] URL: https://cloudcode-pa.googleapis.com/v1internal:streamGenerateContent?alt=sse Trace: 0x896ccfdf257a25d0

2026-04-18 23:49:39.108 [error] [LS Main stderr] I0418 23:49:39.108291 219487 planner_generator.go:283] Requesting planner with 57 chat messages at model retry attempt 1 and API retry attempt 1

2026-04-18 23:49:40.752 [error] [LS Main stderr] I0418 23:49:40.752252 219487 http_helpers.go:123] URL: https://cloudcode-pa.googleapis.com/v1internal:streamGenerateContent?alt=sse Trace: 0x89f5e45b9a63a94b

2026-04-18 23:49:40.856 [error] [LS Main stderr] I0418 23:49:40.856242 219487 http_helpers.go:123] URL: https://cloudcode-pa.googleapis.com/v1internal:streamGenerateContent?alt=sse Trace: 0xd63f471bb8838372

2026-04-18 23:49:41.846 [error] [LS Main stderr] I0418 23:49:41.846538 219487 http_helpers.go:123] URL: https://cloudcode-pa.googleapis.com/v1internal:streamGenerateContent?alt=sse Trace: 0xddab9263e8f484af

2026-04-18 23:49:43.990 [error] [LS Main stderr] I0418 23:49:43.990540 219487 http_helpers.go:123] URL: https://cloudcode-pa.googleapis.com/v1internal:streamGenerateContent?alt=sse Trace: 0x7764dc65e1b798a3

2026-04-18 23:49:45.586 [error] [LS Main stderr] I0418 23:49:45.585672 219487 planner_generator.go:283] Requesting planner with 59 chat messages at model retry attempt 1 and API retry attempt 1

2026-04-18 23:49:50.239 [error] [LS Main stderr] I0418 23:49:50.239361 219487 http_helpers.go:123] URL: https://cloudcode-pa.googleapis.com/v1internal:streamGenerateContent?alt=sse Trace: 0xbe04c541483c449c

2026-04-18 23:49:55.601 [error] [LS Main stderr] I0418 23:49:55.601145 219487 http_helpers.go:123] URL: https://cloudcode-pa.googleapis.com/v1internal:fetchAvailableModels Trace: 0xa34832bfefdb9e1b

2026-04-18 23:49:55.783 [error] [LS Main stderr] I0418 23:49:55.782618 219487 http_helpers.go:123] URL: https://cloudcode-pa.googleapis.com/v1internal:loadCodeAssist Trace: 0x52ca52b94ebf8d60

2026-04-18 23:49:56.866 [error] [LS Main stderr] I0418 23:49:56.865721 219487 planner_generator.go:283] Requesting planner with 61 chat messages at model retry attempt 1 and API retry attempt 1

2026-04-18 23:50:00.893 [error] [LS Main stderr] I0418 23:50:00.893375 219487 http_helpers.go:123] URL: https://cloudcode-pa.googleapis.com/v1internal:streamGenerateContent?alt=sse Trace: 0xafc93698178d1ccd

2026-04-18 23:50:12.067 [error] [LS Main stderr] I0418 23:50:12.066718 219487 planner_generator.go:283] Requesting planner with 63 chat messages at model retry attempt 1 and API retry attempt 1

2026-04-18 23:50:17.104 [error] [LS Main stderr] I0418 23:50:17.104622 219487 http_helpers.go:123] URL: https://cloudcode-pa.googleapis.com/v1internal:streamGenerateContent?alt=sse Trace: 0xafbd484906a50e6f

2026-04-18 23:50:19.763 [error] [LS Main stderr] I0418 23:50:19.762928 219487 planner_generator.go:283] Requesting planner with 66 chat messages at model retry attempt 1 and API retry attempt 1

2026-04-18 23:50:25.911 [error] [LS Main stderr] I0418 23:50:25.910584 219487 http_helpers.go:123] URL: https://cloudcode-pa.googleapis.com/v1internal:streamGenerateContent?alt=sse Trace: 0xd057c0185cf2724c

2026-04-18 23:50:27.573 [error] [LS Main stderr] I0418 23:50:27.573462 219487 planner_generator.go:283] Requesting planner with 68 chat messages at model retry attempt 1 and API retry attempt 1

2026-04-18 23:50:31.751 [error] [LS Main stderr] I0418 23:50:31.751098 219487 http_helpers.go:123] URL: https://cloudcode-pa.googleapis.com/v1internal:streamGenerateContent?alt=sse Trace: 0x5a55bb5ccb747ec0

2026-04-18 23:50:36.442 [error] [LS Main stderr] I0418 23:50:36.442417 219487 planner_generator.go:283] Requesting planner with 70 chat messages at model retry attempt 1 and API retry attempt 1

2026-04-18 23:50:41.178 [error] [LS Main stderr] I0418 23:50:41.178398 219487 http_helpers.go:123] URL: https://cloudcode-pa.googleapis.com/v1internal:streamGenerateContent?alt=sse Trace: 0xa52b1e77453b493b

2026-04-18 23:50:47.325 [error] [LS Main stderr] I0418 23:50:47.325517 219487 planner_generator.go:283] Requesting planner with 72 chat messages at model retry attempt 1 and API retry attempt 1

2026-04-18 23:50:51.579 [error] [LS Main stderr] I0418 23:50:51.579104 219487 http_helpers.go:123] URL: https://cloudcode-pa.googleapis.com/v1internal:streamGenerateContent?alt=sse Trace: 0xc611f68fd92bca6b

2026-04-18 23:50:56.511 [error] [LS Main stderr] I0418 23:50:56.511334 219487 planner_generator.go:283] Requesting planner with 74 chat messages at model retry attempt 1 and API retry attempt 1

2026-04-18 23:51:01.461 [error] [LS Main stderr] I0418 23:51:01.461237 219487 http_helpers.go:123] URL: https://cloudcode-pa.googleapis.com/v1internal:streamGenerateContent?alt=sse Trace: 0xd932d49369a5e17a

2026-04-18 23:51:07.923 [error] [LS Main stderr] E0418 23:51:07.921542 219487 log.go:398] failed to check terminal shell support: internal: internal error

2026-04-18 23:51:07.969 [error] [LS Main stderr] I0418 23:51:07.969222 219487 planner_generator.go:283] Requesting planner with 77 chat messages at model retry attempt 1 and API retry attempt 1

2026-04-18 23:51:12.114 [error] [LS Main stderr] I0418 23:51:12.113796 219487 http_helpers.go:123] URL: https://cloudcode-pa.googleapis.com/v1internal:streamGenerateContent?alt=sse Trace: 0x6848fcf144263ae4

2026-04-18 23:56:07.255 [error] [LS Main stderr] I0418 23:56:07.254648 219487 http_helpers.go:123] URL: https://cloudcode-pa.googleapis.com/v1internal:loadCodeAssist Trace: 0xc02d768945439777

2026-04-18 23:56:07.708 [error] [LS Main stderr] I0418 23:56:07.708014 219487 http_helpers.go:123] URL: https://cloudcode-pa.googleapis.com/v1internal:fetchAvailableModels Trace: 0x70cf1af389e14f5b

2026-04-18 23:56:24.554 [error] [LS Main stderr] E0418 23:56:24.554464 219487 log.go:398] failed to check terminal shell support: internal: internal error

2026-04-18 23:56:24.602 [error] [LS Main stderr] I0418 23:56:24.602384 219487 planner_generator.go:283] Requesting planner with 85 chat messages at model retry attempt 1 and API retry attempt 1

2026-04-18 23:56:28.652 [error] [LS Main stderr] I0418 23:56:28.652271 219487 http_helpers.go:123] URL: https://cloudcode-pa.googleapis.com/v1internal:streamGenerateContent?alt=sse Trace: 0x7baafd6e7f40722a

2026-04-18 23:56:33.106 [error] [LS Main stderr] I0418 23:56:33.106590 219487 planner_generator.go:283] Requesting planner with 86 chat messages at model retry attempt 1 and API retry attempt 1

2026-04-18 23:56:36.889 [error] [LS Main stderr] I0418 23:56:36.888825 219487 http_helpers.go:123] URL: https://cloudcode-pa.googleapis.com/v1internal:streamGenerateContent?alt=sse Trace: 0xf2ad30d9a65bb934

2026-04-18 23:57:35.283 [error] [LS Main stderr] E0418 23:57:35.283261 219487 log.go:398] failed to check terminal shell support: internal: internal error

2026-04-18 23:57:35.333 [error] [LS Main stderr] I0418 23:57:35.333141 219487 planner_generator.go:283] Requesting planner with 89 chat messages at model retry attempt 1 and API retry attempt 1

2026-04-18 23:57:39.029 [error] [LS Main stderr] I0418 23:57:39.029429 219487 http_helpers.go:123] URL: https://cloudcode-pa.googleapis.com/v1internal:streamGenerateContent?alt=sse Trace: 0xd17b0b8eabbf8ac6

2026-04-18 23:57:44.015 [error] [LS Main stderr] I0418 23:57:44.015534 219487 planner_generator.go:283] Requesting planner with 90 chat messages at model retry attempt 1 and API retry attempt 1

2026-04-18 23:57:44.027 [error] [LS Main stderr] I0418 23:57:44.027287 219487 planner_generator.go:318] Encountered retryable api error. retrying in 5s. Error (): request failed: Post "https://cloudcode-pa.googleapis.com/v1internal:streamGenerateContent?alt=sse": EOF: request failed: Post "https://cloudcode-pa.googleapis.com/v1internal:streamGenerateContent?alt=sse": EOF

2026-04-18 23:57:49.028 [error] [LS Main stderr] E0418 23:57:49.028108 219487 log.go:398] request failed: Post "https://cloudcode-pa.googleapis.com/v1internal:streamGenerateContent?alt=sse": EOF: request failed: Post "https://cloudcode-pa.googleapis.com/v1internal:streamGenerateContent?alt=sse": EOF

2026-04-18 23:57:49.038 [error] [LS Main stderr] I0418 23:57:49.038335 219487 planner_generator.go:283] Requesting planner with 91 chat messages at model retry attempt 1 and API retry attempt 2

2026-04-18 23:57:53.345 [error] [LS Main stderr] I0418 23:57:53.345120 219487 http_helpers.go:123] URL: https://cloudcode-pa.googleapis.com/v1internal:streamGenerateContent?alt=sse Trace: 0x6d8919cba39b697f

2026-04-18 23:57:54.667 [error] [LS Main stderr] I0418 23:57:54.666639 219487 planner_generator.go:283] Requesting planner with 93 chat messages at model retry attempt 1 and API retry attempt 1

2026-04-18 23:58:00.054 [error] [LS Main stderr] I0418 23:58:00.054274 219487 http_helpers.go:123] URL: https://cloudcode-pa.googleapis.com/v1internal:streamGenerateContent?alt=sse Trace: 0x363af42c222743

2026-04-18 23:58:05.252 [error] [LS Main stderr] I0418 23:58:05.252277 219487 planner_generator.go:283] Requesting planner with 95 chat messages at model retry attempt 1 and API retry attempt 1

2026-04-18 23:58:11.842 [error] [LS Main stderr] I0418 23:58:11.841622 219487 http_helpers.go:123] URL: https://cloudcode-pa.googleapis.com/v1internal:streamGenerateContent?alt=sse Trace: 0x81fc8cb6cf789021

2026-04-18 23:58:13.574 [error] [LS Main stderr] I0418 23:58:13.573741 219487 planner_generator.go:283] Requesting planner with 97 chat messages at model retry attempt 1 and API retry attempt 1

2026-04-18 23:58:17.978 [error] [LS Main stderr] I0418 23:58:17.977992 219487 http_helpers.go:123] URL: https://cloudcode-pa.googleapis.com/v1internal:streamGenerateContent?alt=sse Trace: 0xbd13fdb4eafe801a

2026-04-18 23:58:25.794 [error] [LS Main stderr] I0418 23:58:25.794156 219487 planner_generator.go:283] Requesting planner with 99 chat messages at model retry attempt 1 and API retry attempt 1

2026-04-18 23:58:31.699 [error] [LS Main stderr] I0418 23:58:31.699029 219487 http_helpers.go:123] URL: https://cloudcode-pa.googleapis.com/v1internal:streamGenerateContent?alt=sse Trace: 0x704e711edb878962

2026-04-18 23:58:44.033 [error] [LS Main stderr] I0418 23:58:44.033491 219487 planner_generator.go:283] Requesting planner with 101 chat messages at model retry attempt 1 and API retry attempt 1

2026-04-18 23:58:44.560 [error] [LS Main stderr] E0418 23:58:44.559525 219487 log.go:398] failed to check terminal shell support: internal: internal error

2026-04-18 23:58:47.929 [error] [LS Main stderr] I0418 23:58:47.928490 219487 http_helpers.go:123] URL: https://cloudcode-pa.googleapis.com/v1internal:streamGenerateContent?alt=sse Trace: 0x97bd7fa9f9f3b0a5

2026-04-18 23:58:48.552 [error] [LS Main stderr] I0418 23:58:48.551844 219487 planner_generator.go:283] Requesting planner with 104 chat messages at model retry attempt 1 and API retry attempt 1

2026-04-18 23:58:53.821 [error] [LS Main stderr] I0418 23:58:53.820717 219487 http_helpers.go:123] URL: https://cloudcode-pa.googleapis.com/v1internal:streamGenerateContent?alt=sse Trace: 0x4ff9c4b276a3be72

2026-04-18 23:59:04.447 [error] [LS Main stderr] I0418 23:59:04.446762 219487 planner_generator.go:283] Requesting planner with 106 chat messages at model retry attempt 1 and API retry attempt 1

2026-04-18 23:59:09.272 [error] [LS Main stderr] I0418 23:59:09.271836 219487 http_helpers.go:123] URL: https://cloudcode-pa.googleapis.com/v1internal:streamGenerateContent?alt=sse Trace: 0xaa99db3f01995d8f

2026-04-18 23:59:21.051 [error] [LS Main stderr] I0418 23:59:21.050805 219487 planner_generator.go:283] Requesting planner with 108 chat messages at model retry attempt 1 and API retry attempt 1

2026-04-18 23:59:25.972 [error] [LS Main stderr] I0418 23:59:25.971745 219487 http_helpers.go:123] URL: https://cloudcode-pa.googleapis.com/v1internal:streamGenerateContent?alt=sse Trace: 0xcfad81a7c57933c1

2026-04-18 23:59:32.019 [error] [LS Main stderr] I0418 23:59:32.018680 219487 planner_generator.go:283] Requesting planner with 110 chat messages at model retry attempt 1 and API retry attempt 1

2026-04-18 23:59:36.929 [error] [LS Main stderr] I0418 23:59:36.928759 219487 http_helpers.go:123] URL: https://cloudcode-pa.googleapis.com/v1internal:streamGenerateContent?alt=sse Trace: 0x442355fdd82e365b

2026-04-18 23:59:38.390 [error] [LS Main stderr] I0418 23:59:38.390123 219487 planner_generator.go:283] Requesting planner with 112 chat messages at model retry attempt 1 and API retry attempt 1

2026-04-18 23:59:42.546 [error] [LS Main stderr] I0418 23:59:42.546557 219487 http_helpers.go:123] URL: https://cloudcode-pa.googleapis.com/v1internal:streamGenerateContent?alt=sse Trace: 0x225124e12cf20618

2026-04-18 23:59:45.500 [error] [LS Main stderr] I0418 23:59:45.500140 219487 planner_generator.go:283] Requesting planner with 114 chat messages at model retry attempt 1 and API retry attempt 1

2026-04-18 23:59:51.997 [error] [LS Main stderr] I0418 23:59:51.997307 219487 http_helpers.go:123] URL: https://cloudcode-pa.googleapis.com/v1internal:streamGenerateContent?alt=sse Trace: 0x1372850c75ebe2f4

2026-04-19 00:00:04.167 [error] [LS Main stderr] I0419 00:00:04.166891 219487 planner_generator.go:283] Requesting planner with 116 chat messages at model retry attempt 1 and API retry attempt 1

2026-04-19 00:00:12.156 [error] [LS Main stderr] I0419 00:00:12.155574 219487 http_helpers.go:123] URL: https://cloudcode-pa.googleapis.com/v1internal:streamGenerateContent?alt=sse Trace: 0x16eac4215bd6de68

2026-04-19 00:00:16.563 [error] [LS Main stderr] I0419 00:00:16.563514 219487 planner_generator.go:283] Requesting planner with 118 chat messages at model retry attempt 1 and API retry attempt 1

2026-04-19 00:00:22.189 [error] [LS Main stderr] I0419 00:00:22.189624 219487 http_helpers.go:123] URL: https://cloudcode-pa.googleapis.com/v1internal:streamGenerateContent?alt=sse Trace: 0xf490bef6e4f2cbee

2026-04-19 00:00:25.422 [error] [LS Main stderr] I0419 00:00:25.421944 219487 planner_generator.go:283] Requesting planner with 121 chat messages at model retry attempt 1 and API retry attempt 1

2026-04-19 00:00:29.830 [error] [LS Main stderr] I0419 00:00:29.830134 219487 http_helpers.go:123] URL: https://cloudcode-pa.googleapis.com/v1internal:streamGenerateContent?alt=sse Trace: 0x1761ea2ed4785df5

2026-04-19 00:00:36.030 [error] [LS Main stderr] E0419 00:00:36.029472 219487 log.go:398] failed to check terminal shell support: internal: internal error

2026-04-19 00:00:36.087 [error] [LS Main stderr] I0419 00:00:36.086449 219487 planner_generator.go:283] Requesting planner with 124 chat messages at model retry attempt 1 and API retry attempt 1

2026-04-19 00:00:41.246 [error] [LS Main stderr] I0419 00:00:41.245754 219487 http_helpers.go:123] URL: https://cloudcode-pa.googleapis.com/v1internal:streamGenerateContent?alt=sse Trace: 0x7821403da4900fa

2026-04-19 00:00:47.109 [error] [LS Main stderr] E0419 00:00:47.109895 219487 log.go:398] failed to check terminal shell support: internal: internal error

2026-04-19 00:00:47.168 [error] [LS Main stderr] I0419 00:00:47.168032 219487 planner_generator.go:283] Requesting planner with 126 chat messages at model retry attempt 1 and API retry attempt 1

2026-04-19 00:00:52.488 [error] [LS Main stderr] I0419 00:00:52.488376 219487 http_helpers.go:123] URL: https://cloudcode-pa.googleapis.com/v1internal:streamGenerateContent?alt=sse Trace: 0x11cf7953698792d6

2026-04-19 00:00:56.126 [error] [LS Main stderr] I0419 00:00:56.126007 219487 planner_generator.go:283] Requesting planner with 127 chat messages at model retry attempt 1 and API retry attempt 1

2026-04-19 00:01:01.693 [error] [LS Main stderr] I0419 00:01:01.692586 219487 http_helpers.go:123] URL: https://cloudcode-pa.googleapis.com/v1internal:streamGenerateContent?alt=sse Trace: 0xff78e2c579459f54

2026-04-19 00:01:14.315 [error] [LS Main stderr] I0419 00:01:14.315339 219487 http_helpers.go:123] URL: https://cloudcode-pa.googleapis.com/v1internal:fetchAvailableModels Trace: 0x97f6c96982fe16ba

2026-04-19 00:01:14.825 [error] [LS Main stderr] I0419 00:01:14.825415 219487 http_helpers.go:123] URL: https://cloudcode-pa.googleapis.com/v1internal:loadCodeAssist Trace: 0xd803267964f2075a

2026-04-19 00:01:15.551 [error] [LS Main stderr] I0419 00:01:15.551549 219487 planner_generator.go:283] Requesting planner with 129 chat messages at model retry attempt 1 and API retry attempt 1

2026-04-19 00:01:17.015 [error] [LS Main stderr] I0419 00:01:17.015128 219487 http_helpers.go:123] URL: https://cloudcode-pa.googleapis.com/v1internal:streamGenerateContent?alt=sse Trace: 0xfae1946b632cdcf4

2026-04-19 00:01:17.243 [error] [LS Main stderr] I0419 00:01:17.243038 219487 http_helpers.go:123] URL: https://cloudcode-pa.googleapis.com/v1internal:streamGenerateContent?alt=sse Trace: 0x8c404a8af2cb0c67

2026-04-19 00:01:17.460 [error] [LS Main stderr] I0419 00:01:17.459728 219487 http_helpers.go:123] URL: https://cloudcode-pa.googleapis.com/v1internal:streamGenerateContent?alt=sse Trace: 0x39ef6b282ccc68d5

2026-04-19 00:01:21.175 [error] [LS Main stderr] I0419 00:01:21.174567 219487 http_helpers.go:123] URL: https://cloudcode-pa.googleapis.com/v1internal:streamGenerateContent?alt=sse Trace: 0x686ce500b2990e4e

2026-04-19 00:02:22.158 [error] [LS Main stderr] E0419 00:02:22.157764 219487 log.go:398] failed to check terminal shell support: internal: internal error

2026-04-19 00:02:22.219 [error] [LS Main stderr] I0419 00:02:22.219172 219487 planner_generator.go:283] Requesting planner with 81 chat messages at model retry attempt 1 and API retry attempt 1

2026-04-19 00:02:27.632 [error] [LS Main stderr] I0419 00:02:27.632143 219487 http_helpers.go:123] URL: https://cloudcode-pa.googleapis.com/v1internal:streamGenerateContent?alt=sse Trace: 0x2010c4efa8ad3aa3

2026-04-19 00:02:34.429 [error] [LS Main stderr] I0419 00:02:34.428862 219487 planner_generator.go:283] Requesting planner with 82 chat messages at model retry attempt 1 and API retry attempt 1

2026-04-19 00:02:38.747 [error] [LS Main stderr] I0419 00:02:38.747445 219487 http_helpers.go:123] URL: https://cloudcode-pa.googleapis.com/v1internal:streamGenerateContent?alt=sse Trace: 0x75bcf5e69bb5d97d

2026-04-19 00:02:46.553 [error] [LS Main stderr] I0419 00:02:46.553692 219487 planner_generator.go:283] Requesting planner with 84 chat messages at model retry attempt 1 and API retry attempt 1

2026-04-19 00:02:50.467 [error] [LS Main stderr] I0419 00:02:50.466766 219487 http_helpers.go:123] URL: https://cloudcode-pa.googleapis.com/v1internal:streamGenerateContent?alt=sse Trace: 0x27c6fce33e454a00

2026-04-19 00:02:54.260 [error] [LS Main stderr] I0419 00:02:54.260247 219487 planner_generator.go:283] Requesting planner with 86 chat messages at model retry attempt 1 and API retry attempt 1

2026-04-19 00:02:58.521 [error] [LS Main stderr] I0419 00:02:58.520970 219487 http_helpers.go:123] URL: https://cloudcode-pa.googleapis.com/v1internal:streamGenerateContent?alt=sse Trace: 0x73d464af42790762

2026-04-19 00:03:01.088 [error] [LS Main stderr] I0419 00:03:01.088254 219487 planner_generator.go:283] Requesting planner with 88 chat messages at model retry attempt 1 and API retry attempt 1

2026-04-19 00:03:05.322 [error] [LS Main stderr] I0419 00:03:05.321674 219487 http_helpers.go:123] URL: https://cloudcode-pa.googleapis.com/v1internal:streamGenerateContent?alt=sse Trace: 0xa8ca358d7192e0e2

2026-04-19 00:03:14.048 [error] [LS Main stderr] I0419 00:03:14.048334 219487 planner_generator.go:283] Requesting planner with 90 chat messages at model retry attempt 1 and API retry attempt 1

2026-04-19 00:03:19.415 [error] [LS Main stderr] I0419 00:03:19.415475 219487 http_helpers.go:123] URL: https://cloudcode-pa.googleapis.com/v1internal:streamGenerateContent?alt=sse Trace: 0xc87dbd33d2bb367a

2026-04-19 00:03:19.653 [error] [LS Main stderr] I0419 00:03:19.653527 219487 planner_generator.go:283] Requesting planner with 92 chat messages at model retry attempt 1 and API retry attempt 1

2026-04-19 00:03:24.081 [error] [LS Main stderr] I0419 00:03:24.080980 219487 http_helpers.go:123] URL: https://cloudcode-pa.googleapis.com/v1internal:streamGenerateContent?alt=sse Trace: 0xe26e83a4251685ba

2026-04-19 00:03:25.525 [error] [LS Main stderr] I0419 00:03:25.525015 219487 planner_generator.go:283] Requesting planner with 94 chat messages at model retry attempt 1 and API retry attempt 1

2026-04-19 00:03:29.538 [error] [LS Main stderr] I0419 00:03:29.538260 219487 http_helpers.go:123] URL: https://cloudcode-pa.googleapis.com/v1internal:streamGenerateContent?alt=sse Trace: 0xff630a664953e8e5

2026-04-19 00:03:31.566 [error] [LS Main stderr] I0419 00:03:31.565761 219487 planner_generator.go:283] Requesting planner with 96 chat messages at model retry attempt 1 and API retry attempt 1

2026-04-19 00:03:35.999 [error] [LS Main stderr] I0419 00:03:35.999555 219487 http_helpers.go:123] URL: https://cloudcode-pa.googleapis.com/v1internal:streamGenerateContent?alt=sse Trace: 0x53a8a569f6f8a8ff

2026-04-19 00:03:39.057 [error] [LS Main stderr] I0419 00:03:39.057521 219487 planner_generator.go:283] Requesting planner with 98 chat messages at model retry attempt 1 and API retry attempt 1

2026-04-19 00:03:43.495 [error] [LS Main stderr] I0419 00:03:43.494852 219487 http_helpers.go:123] URL: https://cloudcode-pa.googleapis.com/v1internal:streamGenerateContent?alt=sse Trace: 0x43a88957fbdac4bf

2026-04-19 00:03:45.286 [error] [LS Main stderr] I0419 00:03:45.286073 219487 planner_generator.go:283] Requesting planner with 100 chat messages at model retry attempt 1 and API retry attempt 1

2026-04-19 00:03:49.349 [error] [LS Main stderr] I0419 00:03:49.349571 219487 http_helpers.go:123] URL: https://cloudcode-pa.googleapis.com/v1internal:streamGenerateContent?alt=sse Trace: 0x9d0f242d094a4ecd

2026-04-19 00:03:53.323 [error] [LS Main stderr] I0419 00:03:53.323126 219487 planner_generator.go:283] Requesting planner with 102 chat messages at model retry attempt 1 and API retry attempt 1

2026-04-19 00:03:57.233 [error] [LS Main stderr] I0419 00:03:57.232809 219487 http_helpers.go:123] URL: https://cloudcode-pa.googleapis.com/v1internal:streamGenerateContent?alt=sse Trace: 0xd6328bf12dbc174e

2026-04-19 00:03:59.212 [error] [LS Main stderr] I0419 00:03:59.212092 219487 planner_generator.go:283] Requesting planner with 104 chat messages at model retry attempt 1 and API retry attempt 1

2026-04-19 00:04:04.501 [error] [LS Main stderr] I0419 00:04:04.501365 219487 http_helpers.go:123] URL: https://cloudcode-pa.googleapis.com/v1internal:streamGenerateContent?alt=sse Trace: 0xf38056d3e71361a2

2026-04-19 00:04:14.052 [error] [LS Main stderr] I0419 00:04:14.052010 219487 planner_generator.go:283] Requesting planner with 106 chat messages at model retry attempt 1 and API retry attempt 1

2026-04-19 00:04:18.223 [error] [LS Main stderr] I0419 00:04:18.222928 219487 http_helpers.go:123] URL: https://cloudcode-pa.googleapis.com/v1internal:streamGenerateContent?alt=sse Trace: 0x5e31aef54550fe4

2026-04-19 00:04:35.726 [error] [LS Main stderr] I0419 00:04:35.726047 219487 planner_generator.go:283] Requesting planner with 108 chat messages at model retry attempt 1 and API retry attempt 1

2026-04-19 00:04:41.367 [error] [LS Main stderr] I0419 00:04:41.367224 219487 http_helpers.go:123] URL: https://cloudcode-pa.googleapis.com/v1internal:streamGenerateContent?alt=sse Trace: 0x86f26f0d5d469742

2026-04-19 00:04:43.236 [error] [LS Main stderr] I0419 00:04:43.235724 219487 planner_generator.go:283] Requesting planner with 110 chat messages at model retry attempt 1 and API retry attempt 1

2026-04-19 00:04:49.254 [error] [LS Main stderr] I0419 00:04:49.253462 219487 http_helpers.go:123] URL: https://cloudcode-pa.googleapis.com/v1internal:streamGenerateContent?alt=sse Trace: 0x66b3d9257776aebd

2026-04-19 00:07:07.461 [error] [LS Main stderr] E0419 00:07:07.460647 219487 log.go:398] failed to check terminal shell support: internal: internal error

2026-04-19 00:07:07.532 [error] [LS Main stderr] I0419 00:07:07.531929 219487 planner_generator.go:283] Requesting planner with 113 chat messages at model retry attempt 1 and API retry attempt 1

2026-04-19 00:07:08.325 [error] [LS Main stderr] I0419 00:07:08.325088 219487 http_helpers.go:123] URL: https://cloudcode-pa.googleapis.com/v1internal:fetchAvailableModels Trace: 0xf4f5f225ed405058

2026-04-19 00:07:09.415 [error] [LS Main stderr] I0419 00:07:09.415291 219487 http_helpers.go:123] URL: https://cloudcode-pa.googleapis.com/v1internal:loadCodeAssist Trace: 0x150f3f88be9fc830

2026-04-19 00:07:12.085 [error] [LS Main stderr] I0419 00:07:12.084580 219487 http_helpers.go:123] URL: https://cloudcode-pa.googleapis.com/v1internal:streamGenerateContent?alt=sse Trace: 0x8365537b7a83a57c

2026-04-19 00:10:39.996 [error] [LS Main stderr] E0419 00:10:39.995876 219487 log.go:398] failed to check terminal shell support: internal: internal error

2026-04-19 00:10:40.054 [error] [LS Main stderr] I0419 00:10:40.053911 219487 planner_generator.go:283] Requesting planner with 115 chat messages at model retry attempt 1 and API retry attempt 1

2026-04-19 00:10:45.299 [error] [LS Main stderr] I0419 00:10:45.298831 219487 http_helpers.go:123] URL: https://cloudcode-pa.googleapis.com/v1internal:streamGenerateContent?alt=sse Trace: 0x85900d147d059ec7

2026-04-19 00:13:43.406 [error] [LS Main stderr] E0419 00:13:43.404624 219487 log.go:398] failed to check terminal shell support: internal: internal error

2026-04-19 00:13:43.463 [error] [LS Main stderr] I0419 00:13:43.462546 219487 planner_generator.go:283] Requesting planner with 117 chat messages at model retry attempt 1 and API retry attempt 1

2026-04-19 00:13:44.192 [error] [LS Main stderr] I0419 00:13:44.192358 219487 http_helpers.go:123] URL: https://cloudcode-pa.googleapis.com/v1internal:fetchAvailableModels Trace: 0x788fa96e7763b535

2026-04-19 00:13:44.613 [error] [LS Main stderr] I0419 00:13:44.613417 219487 http_helpers.go:123] URL: https://cloudcode-pa.googleapis.com/v1internal:loadCodeAssist Trace: 0x68144a4e74318373

2026-04-19 00:13:47.983 [error] [LS Main stderr] I0419 00:13:47.983207 219487 http_helpers.go:123] URL: https://cloudcode-pa.googleapis.com/v1internal:streamGenerateContent?alt=sse Trace: 0xd320535dc76e5b87

2026-04-19 00:14:11.586 [error] [LS Main stderr] E0419 00:14:11.586066 219487 log.go:398] failed to check terminal shell support: internal: internal error

2026-04-19 00:14:11.667 [error] [LS Main stderr] I0419 00:14:11.667139 219487 planner_generator.go:283] Requesting planner with 119 chat messages at model retry attempt 1 and API retry attempt 1

2026-04-19 00:14:16.654 [error] [LS Main stderr] I0419 00:14:16.654419 219487 http_helpers.go:123] URL: https://cloudcode-pa.googleapis.com/v1internal:streamGenerateContent?alt=sse Trace: 0x1132fcec4e49a4c6

2026-04-19 00:14:22.251 [error] [LS Main stderr] I0419 00:14:22.250868 219487 planner_generator.go:283] Requesting planner with 120 chat messages at model retry attempt 1 and API retry attempt 1

2026-04-19 00:14:26.893 [error] [LS Main stderr] I0419 00:14:26.893266 219487 http_helpers.go:123] URL: https://cloudcode-pa.googleapis.com/v1internal:streamGenerateContent?alt=sse Trace: 0x7b9a86f8702ae379

2026-04-19 00:14:35.961 [error] [LS Main stderr] I0419 00:14:35.961259 219487 planner_generator.go:283] Requesting planner with 122 chat messages at model retry attempt 1 and API retry attempt 1

2026-04-19 00:14:40.291 [error] [LS Main stderr] I0419 00:14:40.291516 219487 http_helpers.go:123] URL: https://cloudcode-pa.googleapis.com/v1internal:streamGenerateContent?alt=sse Trace: 0x3be6dae8f0b4949c

2026-04-19 00:14:42.700 [error] [LS Main stderr] I0419 00:14:42.699826 219487 planner_generator.go:283] Requesting planner with 124 chat messages at model retry attempt 1 and API retry attempt 1

2026-04-19 00:14:47.129 [error] [LS Main stderr] I0419 00:14:47.128860 219487 http_helpers.go:123] URL: https://cloudcode-pa.googleapis.com/v1internal:streamGenerateContent?alt=sse Trace: 0x6f6c5db39c58b7e8

2026-04-19 00:14:47.900 [error] [LS Main stderr] I0419 00:14:47.900632 219487 planner_generator.go:283] Requesting planner with 126 chat messages at model retry attempt 1 and API retry attempt 1

2026-04-19 00:14:53.676 [error] [LS Main stderr] I0419 00:14:53.675769 219487 http_helpers.go:123] URL: https://cloudcode-pa.googleapis.com/v1internal:streamGenerateContent?alt=sse Trace: 0xb8a325da9ae3f71d

2026-04-19 00:14:55.319 [error] [LS Main stderr] I0419 00:14:55.319060 219487 planner_generator.go:283] Requesting planner with 128 chat messages at model retry attempt 1 and API retry attempt 1

2026-04-19 00:15:00.182 [error] [LS Main stderr] I0419 00:15:00.181922 219487 http_helpers.go:123] URL: https://cloudcode-pa.googleapis.com/v1internal:streamGenerateContent?alt=sse Trace: 0x9d173c5277f7d1c8

2026-04-19 00:15:12.413 [error] [LS Main stderr] I0419 00:15:12.412734 219487 planner_generator.go:283] Requesting planner with 130 chat messages at model retry attempt 1 and API retry attempt 1

2026-04-19 00:15:18.830 [error] [LS Main stderr] I0419 00:15:18.830496 219487 http_helpers.go:123] URL: https://cloudcode-pa.googleapis.com/v1internal:streamGenerateContent?alt=sse Trace: 0x8b72c9c2a8a32a82

2026-04-19 00:15:24.876 [error] [LS Main stderr] I0419 00:15:24.875604 219487 planner_generator.go:283] Requesting planner with 132 chat messages at model retry attempt 1 and API retry attempt 1

2026-04-19 00:15:32.123 [error] [LS Main stderr] I0419 00:15:32.122582 219487 http_helpers.go:123] URL: https://cloudcode-pa.googleapis.com/v1internal:streamGenerateContent?alt=sse Trace: 0x11d40723024a7d44

2026-04-19 00:15:33.299 [error] [LS Main stderr] I0419 00:15:33.298927 219487 planner_generator.go:283] Requesting planner with 134 chat messages at model retry attempt 1 and API retry attempt 1

2026-04-19 00:15:38.519 [error] [LS Main stderr] I0419 00:15:38.519148 219487 http_helpers.go:123] URL: https://cloudcode-pa.googleapis.com/v1internal:streamGenerateContent?alt=sse Trace: 0x93b81504d90ae418

2026-04-19 00:15:42.021 [error] [LS Main stderr] I0419 00:15:42.021121 219487 planner_generator.go:283] Requesting planner with 136 chat messages at model retry attempt 1 and API retry attempt 1

2026-04-19 00:15:48.074 [error] [LS Main stderr] I0419 00:15:48.074020 219487 http_helpers.go:123] URL: https://cloudcode-pa.googleapis.com/v1internal:streamGenerateContent?alt=sse Trace: 0xcc4f29e8a9110bbf

2026-04-19 00:15:55.133 [error] [LS Main stderr] I0419 00:15:55.133369 219487 planner_generator.go:283] Requesting planner with 138 chat messages at model retry attempt 1 and API retry attempt 1

2026-04-19 00:16:02.229 [error] [LS Main stderr] I0419 00:16:02.228579 219487 http_helpers.go:123] URL: https://cloudcode-pa.googleapis.com/v1internal:streamGenerateContent?alt=sse Trace: 0x9f1157b3db80ec87

2026-04-19 00:16:08.048 [error] [LS Main stderr] I0419 00:16:08.047576 219487 planner_generator.go:283] Requesting planner with 140 chat messages at model retry attempt 1 and API retry attempt 1

2026-04-19 00:16:13.799 [error] [LS Main stderr] I0419 00:16:13.799199 219487 http_helpers.go:123] URL: https://cloudcode-pa.googleapis.com/v1internal:streamGenerateContent?alt=sse Trace: 0x2b0dc84e1f8e462a

2026-04-19 00:16:14.768 [error] [LS Main stderr] I0419 00:16:14.768196 219487 planner_generator.go:283] Requesting planner with 142 chat messages at model retry attempt 1 and API retry attempt 1

2026-04-19 00:16:19.566 [error] [LS Main stderr] I0419 00:16:19.565797 219487 http_helpers.go:123] URL: https://cloudcode-pa.googleapis.com/v1internal:streamGenerateContent?alt=sse Trace: 0x884e655a5be84ab5

2026-04-19 00:16:32.716 [error] [LS Main stderr] I0419 00:16:32.715933 219487 planner_generator.go:283] Requesting planner with 144 chat messages at model retry attempt 1 and API retry attempt 1

2026-04-19 00:16:38.104 [error] [LS Main stderr] I0419 00:16:38.103361 219487 http_helpers.go:123] URL: https://cloudcode-pa.googleapis.com/v1internal:streamGenerateContent?alt=sse Trace: 0x30560ead006b3b3f

2026-04-19 00:16:44.950 [error] [LS Main stderr] I0419 00:16:44.950603 219487 planner_generator.go:283] Requesting planner with 146 chat messages at model retry attempt 1 and API retry attempt 1

2026-04-19 00:16:53.792 [error] [LS Main stderr] I0419 00:16:53.792451 219487 http_helpers.go:123] URL: https://cloudcode-pa.googleapis.com/v1internal:streamGenerateContent?alt=sse Trace: 0x5524a6be456f5078

2026-04-19 00:17:08.386 [error] [LS Main stderr] I0419 00:17:08.385577 219487 planner_generator.go:283] Requesting planner with 148 chat messages at model retry attempt 1 and API retry attempt 1

2026-04-19 00:17:14.814 [error] [LS Main stderr] I0419 00:17:14.814167 219487 http_helpers.go:123] URL: https://cloudcode-pa.googleapis.com/v1internal:streamGenerateContent?alt=sse Trace: 0x39d24daffd0541ad

2026-04-19 00:17:15.797 [error] [LS Main stderr] I0419 00:17:15.797410 219487 planner_generator.go:283] Requesting planner with 150 chat messages at model retry attempt 1 and API retry attempt 1

2026-04-19 00:17:17.391 [error] [LS Main stderr] I0419 00:17:17.390775 219487 http_helpers.go:123] URL: https://cloudcode-pa.googleapis.com/v1internal:streamGenerateContent?alt=sse Trace: 0xb26317b3df4eba85

2026-04-19 00:17:17.483 [error] [LS Main stderr] I0419 00:17:17.482670 219487 http_helpers.go:123] URL: https://cloudcode-pa.googleapis.com/v1internal:streamGenerateContent?alt=sse Trace: 0x92aaaa694601d715

2026-04-19 00:17:17.485 [error] [LS Main stderr] I0419 00:17:17.484806 219487 http_helpers.go:123] URL: https://cloudcode-pa.googleapis.com/v1internal:streamGenerateContent?alt=sse Trace: 0x8889009acce508c8

2026-04-19 00:17:21.383 [error] [LS Main stderr] I0419 00:17:21.383145 219487 http_helpers.go:123] URL: https://cloudcode-pa.googleapis.com/v1internal:streamGenerateContent?alt=sse Trace: 0x91df4d38eeba8b29

2026-04-19 00:17:25.596 [error] [LS Main stderr] I0419 00:17:25.596317 219487 planner_generator.go:283] Requesting planner with 153 chat messages at model retry attempt 1 and API retry attempt 1

2026-04-19 00:17:30.498 [error] [LS Main stderr] I0419 00:17:30.498113 219487 http_helpers.go:123] URL: https://cloudcode-pa.googleapis.com/v1internal:streamGenerateContent?alt=sse Trace: 0x80478859a18f749

2026-04-19 00:21:17.371 [error] [LS Main stderr] I0419 00:21:17.370996 219487 http_helpers.go:123] URL: https://cloudcode-pa.googleapis.com/v1internal:fetchAvailableModels Trace: 0xc228e1ca76e043f7

2026-04-19 00:21:18.032 [error] [LS Main stderr] I0419 00:21:18.031526 219487 http_helpers.go:123] URL: https://cloudcode-pa.googleapis.com/v1internal:loadCodeAssist Trace: 0xafd90b882585d892

2026-04-19 00:23:06.090 [error] [LS Main stderr] E0419 00:23:06.090470 219487 log.go:398] failed to check terminal shell support: internal: internal error

2026-04-19 00:23:06.162 [error] [LS Main stderr] I0419 00:23:06.161694 219487 planner_generator.go:283] Requesting planner with 156 chat messages at model retry attempt 1 and API retry attempt 1

2026-04-19 00:23:12.102 [error] [LS Main stderr] I0419 00:23:12.102247 219487 http_helpers.go:123] URL: https://cloudcode-pa.googleapis.com/v1internal:streamGenerateContent?alt=sse Trace: 0xd1ff4a8388362e52

2026-04-19 00:23:15.748 [error] [LS Main stderr] I0419 00:23:15.747846 219487 planner_generator.go:283] Requesting planner with 157 chat messages at model retry attempt 1 and API retry attempt 1

2026-04-19 00:23:22.348 [error] [LS Main stderr] I0419 00:23:22.347966 219487 http_helpers.go:123] URL: https://cloudcode-pa.googleapis.com/v1internal:streamGenerateContent?alt=sse Trace: 0xa9bab0414acc4376

2026-04-19 00:23:24.337 [error] [LS Main stderr] I0419 00:23:24.337274 219487 planner_generator.go:283] Requesting planner with 86 chat messages at model retry attempt 1 and API retry attempt 1

2026-04-19 00:23:30.196 [error] [LS Main stderr] I0419 00:23:30.196500 219487 http_helpers.go:123] URL: https://cloudcode-pa.googleapis.com/v1internal:streamGenerateContent?alt=sse Trace: 0x21a7e38df7468a97

2026-04-19 00:25:00.036 [error] [LS Main stderr] I0419 00:25:00.035564 219487 http_helpers.go:123] URL: https://cloudcode-pa.googleapis.com/v1internal:streamGenerateContent?alt=sse Trace: 0x8d2f2cf2ffb0d21a

2026-04-19 00:25:09.228 [error] [LS Main stderr] I0419 00:25:09.228504 219487 http_helpers.go:123] URL: https://cloudcode-pa.googleapis.com/v1internal:streamGenerateContent?alt=sse Trace: 0x64a4073a7e0a2440

2026-04-19 00:25:10.273 [error] [LS Main stderr] I0419 00:25:10.273375 219487 http_helpers.go:123] URL: https://cloudcode-pa.googleapis.com/v1internal:streamGenerateContent?alt=sse Trace: 0xd6c443cc37eb5bd6

2026-04-19 00:25:11.542 [error] [LS Main stderr] I0419 00:25:11.541802 219487 http_helpers.go:123] URL: https://cloudcode-pa.googleapis.com/v1internal:streamGenerateContent?alt=sse Trace: 0xc65507ed71e53434

2026-04-19 00:25:13.042 [error] [LS Main stderr] I0419 00:25:13.041619 219487 http_helpers.go:123] URL: https://cloudcode-pa.googleapis.com/v1internal:streamGenerateContent?alt=sse Trace: 0x334430044c8948f6

2026-04-19 00:26:14.092 [error] [LS Main stderr] E0419 00:26:14.091393 219487 log.go:398] failed to check terminal shell support: internal: internal error

2026-04-19 00:26:14.177 [error] [LS Main stderr] I0419 00:26:14.177329 219487 planner_generator.go:283] Requesting planner with 98 chat messages at model retry attempt 1 and API retry attempt 1

2026-04-19 00:26:19.047 [error] [LS Main stderr] I0419 00:26:19.047165 219487 http_helpers.go:123] URL: https://cloudcode-pa.googleapis.com/v1internal:streamGenerateContent?alt=sse Trace: 0xd7096985930d5f14

2026-04-19 00:26:24.068 [error] [LS Main stderr] I0419 00:26:24.067857 219487 planner_generator.go:283] Requesting planner with 99 chat messages at model retry attempt 1 and API retry attempt 1

2026-04-19 00:26:24.883 [error] [LS Main stderr] I0419 00:26:24.883395 219487 http_helpers.go:123] URL: https://cloudcode-pa.googleapis.com/v1internal:fetchAvailableModels Trace: 0x630f7dcab1b1c2bf

2026-04-19 00:26:25.839 [error] [LS Main stderr] I0419 00:26:25.838982 219487 http_helpers.go:123] URL: https://cloudcode-pa.googleapis.com/v1internal:loadCodeAssist Trace: 0xb1f47da7be0da973

2026-04-19 00:26:28.382 [error] [LS Main stderr] I0419 00:26:28.382496 219487 http_helpers.go:123] URL: https://cloudcode-pa.googleapis.com/v1internal:streamGenerateContent?alt=sse Trace: 0x711dd2eec244e1e8

2026-04-19 00:26:32.967 [error] [LS Main stderr] I0419 00:26:32.967247 219487 planner_generator.go:283] Requesting planner with 101 chat messages at model retry attempt 1 and API retry attempt 1

2026-04-19 00:26:37.216 [error] [LS Main stderr] I0419 00:26:37.215580 219487 http_helpers.go:123] URL: https://cloudcode-pa.googleapis.com/v1internal:streamGenerateContent?alt=sse Trace: 0x9badb19f33bb28a4

2026-04-19 00:26:51.169 [error] [LS Main stderr] I0419 00:26:51.169530 219487 http_helpers.go:123] URL: https://cloudcode-pa.googleapis.com/v1internal:streamGenerateContent?alt=sse Trace: 0xf17b2bf0e21a877e

2026-04-19 00:26:51.896 [error] [LS Main stderr] I0419 00:26:51.896592 219487 planner_generator.go:283] Requesting planner with 103 chat messages at model retry attempt 1 and API retry attempt 1

2026-04-19 00:26:56.691 [error] [LS Main stderr] I0419 00:26:56.690480 219487 http_helpers.go:123] URL: https://cloudcode-pa.googleapis.com/v1internal:streamGenerateContent?alt=sse Trace: 0x1b8bad548aba9671

2026-04-19 00:27:03.884 [error] [LS Main stderr] I0419 00:27:03.883755 219487 planner_generator.go:283] Requesting planner with 105 chat messages at model retry attempt 1 and API retry attempt 1

2026-04-19 00:27:08.094 [error] [LS Main stderr] I0419 00:27:08.093881 219487 http_helpers.go:123] URL: https://cloudcode-pa.googleapis.com/v1internal:streamGenerateContent?alt=sse Trace: 0x4e2114cf7846873b

2026-04-19 00:27:09.200 [error] [LS Main stderr] I0419 00:27:09.199962 219487 planner_generator.go:283] Requesting planner with 107 chat messages at model retry attempt 1 and API retry attempt 1

2026-04-19 00:27:13.310 [error] [LS Main stderr] I0419 00:27:13.309590 219487 http_helpers.go:123] URL: https://cloudcode-pa.googleapis.com/v1internal:streamGenerateContent?alt=sse Trace: 0xd9e2daf0247607e8

2026-04-19 00:27:19.908 [error] [LS Main stderr] I0419 00:27:19.908003 219487 planner_generator.go:283] Requesting planner with 109 chat messages at model retry attempt 1 and API retry attempt 1

2026-04-19 00:27:24.278 [error] [LS Main stderr] I0419 00:27:24.278248 219487 http_helpers.go:123] URL: https://cloudcode-pa.googleapis.com/v1internal:streamGenerateContent?alt=sse Trace: 0x276e3071451d4adf

2026-04-19 00:27:32.182 [error] [LS Main stderr] I0419 00:27:32.182366 219487 planner_generator.go:283] Requesting planner with 111 chat messages at model retry attempt 1 and API retry attempt 1

2026-04-19 00:27:36.504 [error] [LS Main stderr] I0419 00:27:36.504107 219487 http_helpers.go:123] URL: https://cloudcode-pa.googleapis.com/v1internal:streamGenerateContent?alt=sse Trace: 0x6ff9b76893dba84

2026-04-19 00:27:38.780 [error] [LS Main stderr] I0419 00:27:38.779971 219487 planner_generator.go:283] Requesting planner with 113 chat messages at model retry attempt 1 and API retry attempt 1

2026-04-19 00:27:43.054 [error] [LS Main stderr] I0419 00:27:43.054360 219487 http_helpers.go:123] URL: https://cloudcode-pa.googleapis.com/v1internal:streamGenerateContent?alt=sse Trace: 0xb736286bf8e9a4c8

2026-04-19 00:28:21.311 [error] [LS Main stderr] I0419 00:28:21.310718 219487 http_helpers.go:123] URL: https://cloudcode-pa.googleapis.com/v1internal:streamGenerateContent?alt=sse Trace: 0x7e1f62dbaa7cfd2e

2026-04-19 00:29:08.527 [error] [LS Main stderr] E0419 00:29:08.526748 219487 log.go:398] failed to check terminal shell support: internal: internal error

2026-04-19 00:29:08.587 [error] [LS Main stderr] I0419 00:29:08.587101 219487 planner_generator.go:283] Requesting planner with 119 chat messages at model retry attempt 1 and API retry attempt 1

2026-04-19 00:29:13.172 [error] [LS Main stderr] I0419 00:29:13.171614 219487 http_helpers.go:123] URL: https://cloudcode-pa.googleapis.com/v1internal:streamGenerateContent?alt=sse Trace: 0x7f4e691577358e62

2026-04-19 00:30:17.550 [error] [LS Main stderr] E0419 00:30:17.548460 219487 log.go:398] failed to check terminal shell support: internal: internal error

2026-04-19 00:30:17.610 [error] [LS Main stderr] I0419 00:30:17.609927 219487 planner_generator.go:283] Requesting planner with 121 chat messages at model retry attempt 1 and API retry attempt 1

2026-04-19 00:30:24.344 [error] [LS Main stderr] I0419 00:30:24.343569 219487 http_helpers.go:123] URL: https://cloudcode-pa.googleapis.com/v1internal:streamGenerateContent?alt=sse Trace: 0x7eac8a87e20dc8ca

2026-04-19 00:30:35.158 [error] [LS Main stderr] I0419 00:30:35.157928 219487 planner_generator.go:283] Requesting planner with 122 chat messages at model retry attempt 1 and API retry attempt 1

2026-04-19 00:30:40.724 [error] [LS Main stderr] I0419 00:30:40.723911 219487 http_helpers.go:123] URL: https://cloudcode-pa.googleapis.com/v1internal:streamGenerateContent?alt=sse Trace: 0xee39380bf98791a6

2026-04-19 00:30:41.527 [error] [LS Main stderr] I0419 00:30:41.527009 219487 planner_generator.go:283] Requesting planner with 124 chat messages at model retry attempt 1 and API retry attempt 1

2026-04-19 00:30:46.889 [error] [LS Main stderr] I0419 00:30:46.889193 219487 http_helpers.go:123] URL: https://cloudcode-pa.googleapis.com/v1internal:streamGenerateContent?alt=sse Trace: 0x98aa17adfcfb60ac

2026-04-19 00:31:28.428 [error] [LS Main stderr] E0419 00:31:28.428084 219487 log.go:398] failed to check terminal shell support: internal: internal error

2026-04-19 00:31:28.491 [error] [LS Main stderr] I0419 00:31:28.491048 219487 planner_generator.go:283] Requesting planner with 127 chat messages at model retry attempt 1 and API retry attempt 1

2026-04-19 00:31:28.874 [error] [LS Main stderr] I0419 00:31:28.874049 219487 http_helpers.go:123] URL: https://cloudcode-pa.googleapis.com/v1internal:fetchAvailableModels Trace: 0x30ba8a861626151a

2026-04-19 00:31:30.184 [error] [LS Main stderr] I0419 00:31:30.183822 219487 http_helpers.go:123] URL: https://cloudcode-pa.googleapis.com/v1internal:loadCodeAssist Trace: 0xfff808d491d942f

2026-04-19 00:31:33.232 [error] [LS Main stderr] I0419 00:31:33.232103 219487 http_helpers.go:123] URL: https://cloudcode-pa.googleapis.com/v1internal:streamGenerateContent?alt=sse Trace: 0x4dbcc87f94c52ccc

2026-04-19 00:34:38.191 [error] [LS Main stderr] I0419 00:34:38.191259 219487 http_helpers.go:123] URL: https://cloudcode-pa.googleapis.com/v1internal:streamGenerateContent?alt=sse Trace: 0x59816de3312b277a

2026-04-19 00:34:39.522 [error] [LS Main stderr] I0419 00:34:39.521697 219487 http_helpers.go:123] URL: https://cloudcode-pa.googleapis.com/v1internal:streamGenerateContent?alt=sse Trace: 0x4372c01a46c27474

2026-04-19 00:34:41.483 [error] [LS Main stderr] I0419 00:34:41.483476 219487 http_helpers.go:123] URL: https://cloudcode-pa.googleapis.com/v1internal:streamGenerateContent?alt=sse Trace: 0xf0f562bc0349a8ee

2026-04-19 00:35:13.695 [error] [LS Main stderr] E0419 00:35:13.694729 219487 log.go:398] failed to check terminal shell support: internal: internal error

2026-04-19 00:35:13.754 [error] [LS Main stderr] I0419 00:35:13.754478 219487 planner_generator.go:283] Requesting planner with 129 chat messages at model retry attempt 1 and API retry attempt 1

2026-04-19 00:35:20.699 [error] [LS Main stderr] I0419 00:35:20.699427 219487 http_helpers.go:123] URL: https://cloudcode-pa.googleapis.com/v1internal:streamGenerateContent?alt=sse Trace: 0x2a01ee76185d8ee7

2026-04-19 00:35:23.505 [error] [LS Main stderr] I0419 00:35:23.504626 219487 planner_generator.go:283] Requesting planner with 130 chat messages at model retry attempt 1 and API retry attempt 1

2026-04-19 00:35:27.986 [error] [LS Main stderr] I0419 00:35:27.986369 219487 http_helpers.go:123] URL: https://cloudcode-pa.googleapis.com/v1internal:streamGenerateContent?alt=sse Trace: 0x5bdac1afe2755242

2026-04-19 00:35:34.474 [error] [LS Main stderr] I0419 00:35:34.473833 219487 planner_generator.go:283] Requesting planner with 132 chat messages at model retry attempt 1 and API retry attempt 1

2026-04-19 00:35:39.292 [error] [LS Main stderr] I0419 00:35:39.292070 219487 http_helpers.go:123] URL: https://cloudcode-pa.googleapis.com/v1internal:streamGenerateContent?alt=sse Trace: 0x4dac6d262942bc58

2026-04-19 00:35:42.460 [error] [LS Main stderr] ERROR: logging before google.Init: E0419 00:35:42.459819     134 g3syslog.go:23] [Post "https://play.googleapis.com/log": unexpected EOF]

2026-04-19 00:36:53.528 [error] [LS Main stderr] I0419 00:36:53.527626 219487 http_helpers.go:123] URL: https://cloudcode-pa.googleapis.com/v1internal:fetchAvailableModels Trace: 0x3b059148a891b43

2026-04-19 00:36:54.691 [error] [LS Main stderr] I0419 00:36:54.691220 219487 http_helpers.go:123] URL: https://cloudcode-pa.googleapis.com/v1internal:loadCodeAssist Trace: 0xae2a866ba2f7e90a

2026-04-19 00:38:10.822 [error] [LS Main stderr] E0419 00:38:10.822424 219487 log.go:398] failed to check terminal shell support: internal: internal error

2026-04-19 00:38:10.899 [error] [LS Main stderr] I0419 00:38:10.898417 219487 planner_generator.go:283] Requesting planner with 141 chat messages at model retry attempt 1 and API retry attempt 1

2026-04-19 00:38:18.454 [error] [LS Main stderr] I0419 00:38:18.453785 219487 http_helpers.go:123] URL: https://cloudcode-pa.googleapis.com/v1internal:streamGenerateContent?alt=sse Trace: 0x91c2d0f4f4484eb5

2026-04-19 00:38:34.701 [error] [LS Main stderr] I0419 00:38:34.701135 219487 planner_generator.go:283] Requesting planner with 142 chat messages at model retry attempt 1 and API retry attempt 1

2026-04-19 00:38:39.456 [error] [LS Main stderr] I0419 00:38:39.455539 219487 http_helpers.go:123] URL: https://cloudcode-pa.googleapis.com/v1internal:streamGenerateContent?alt=sse Trace: 0x97e5cbf0d9b61287

2026-04-19 00:38:41.948 [error] [LS Main stderr] I0419 00:38:41.948205 219487 planner_generator.go:283] Requesting planner with 144 chat messages at model retry attempt 1 and API retry attempt 1

2026-04-19 00:38:47.305 [error] [LS Main stderr] I0419 00:38:47.305045 219487 http_helpers.go:123] URL: https://cloudcode-pa.googleapis.com/v1internal:streamGenerateContent?alt=sse Trace: 0xa168da11014562ce

2026-04-19 00:40:21.513 [error] [LS Main stderr] E0419 00:40:21.510705 219487 log.go:398] failed to check terminal shell support: internal: internal error

2026-04-19 00:40:21.598 [error] [LS Main stderr] I0419 00:40:21.597611 219487 planner_generator.go:283] Requesting planner with 147 chat messages at model retry attempt 1 and API retry attempt 1

2026-04-19 00:40:27.088 [error] [LS Main stderr] I0419 00:40:27.088245 219487 http_helpers.go:123] URL: https://cloudcode-pa.googleapis.com/v1internal:streamGenerateContent?alt=sse Trace: 0x5c0ddd67eaaf35f8

2026-04-19 00:40:30.599 [error] [LS Main stderr] I0419 00:40:30.599109 219487 planner_generator.go:283] Requesting planner with 148 chat messages at model retry attempt 1 and API retry attempt 1

2026-04-19 00:40:35.877 [error] [LS Main stderr] I0419 00:40:35.876743 219487 http_helpers.go:123] URL: https://cloudcode-pa.googleapis.com/v1internal:streamGenerateContent?alt=sse Trace: 0xf6dd2f295bc542c1

2026-04-19 00:40:37.917 [error] [LS Main stderr] I0419 00:40:37.917182 219487 planner_generator.go:283] Requesting planner with 150 chat messages at model retry attempt 1 and API retry attempt 1

2026-04-19 00:40:43.146 [error] [LS Main stderr] I0419 00:40:43.146051 219487 http_helpers.go:123] URL: https://cloudcode-pa.googleapis.com/v1internal:streamGenerateContent?alt=sse Trace: 0x97a788ce66f4793c

2026-04-19 00:44:03.943 [error] [LS Main stderr] I0419 00:44:03.936659 219487 http_helpers.go:123] URL: https://cloudcode-pa.googleapis.com/v1internal:fetchAvailableModels Trace: 0xc1548004a60cd0de

2026-04-19 00:44:04.340 [error] [LS Main stderr] I0419 00:44:04.339840 219487 http_helpers.go:123] URL: https://cloudcode-pa.googleapis.com/v1internal:loadCodeAssist Trace: 0x28ceb49a56ee3e98

2026-04-19 00:45:25.074 [error] [LS Main stderr] E0419 00:45:25.073583 219487 log.go:398] failed to check terminal shell support: internal: internal error

2026-04-19 00:45:25.152 [error] [LS Main stderr] I0419 00:45:25.152640 219487 planner_generator.go:283] Requesting planner with 157 chat messages at model retry attempt 1 and API retry attempt 1

2026-04-19 00:45:31.711 [error] [LS Main stderr] I0419 00:45:31.710616 219487 http_helpers.go:123] URL: https://cloudcode-pa.googleapis.com/v1internal:streamGenerateContent?alt=sse Trace: 0x3ddd6430ee63f431

2026-04-19 00:45:35.442 [error] [LS Main stderr] I0419 00:45:35.442084 219487 planner_generator.go:283] Requesting planner with 160 chat messages at model retry attempt 1 and API retry attempt 1

2026-04-19 00:45:39.577 [error] [LS Main stderr] I0419 00:45:39.576718 219487 http_helpers.go:123] URL: https://cloudcode-pa.googleapis.com/v1internal:streamGenerateContent?alt=sse Trace: 0x9c2599f8f95b9309

2026-04-19 00:45:42.826 [error] [LS Main stderr] I0419 00:45:42.826448 219487 planner_generator.go:283] Requesting planner with 162 chat messages at model retry attempt 1 and API retry attempt 1

2026-04-19 00:45:48.022 [error] [LS Main stderr] I0419 00:45:48.022045 219487 http_helpers.go:123] URL: https://cloudcode-pa.googleapis.com/v1internal:streamGenerateContent?alt=sse Trace: 0x50b2062229fc241e

2026-04-19 00:45:51.505 [error] [LS Main stderr] I0419 00:45:51.505228 219487 planner_generator.go:283] Requesting planner with 165 chat messages at model retry attempt 1 and API retry attempt 1

2026-04-19 00:45:52.907 [error] [LS Main stderr] I0419 00:45:52.907443 219487 http_helpers.go:123] URL: https://cloudcode-pa.googleapis.com/v1internal:streamGenerateContent?alt=sse Trace: 0x79e3b7981d9f442a

2026-04-19 00:45:53.077 [error] [LS Main stderr] I0419 00:45:53.076546 219487 http_helpers.go:123] URL: https://cloudcode-pa.googleapis.com/v1internal:streamGenerateContent?alt=sse Trace: 0xeb906539866a1124

2026-04-19 00:45:53.975 [error] [LS Main stderr] I0419 00:45:53.975108 219487 http_helpers.go:123] URL: https://cloudcode-pa.googleapis.com/v1internal:streamGenerateContent?alt=sse Trace: 0x6a5cb170c229d14d

2026-04-19 00:45:57.414 [error] [LS Main stderr] I0419 00:45:57.413695 219487 http_helpers.go:123] URL: https://cloudcode-pa.googleapis.com/v1internal:streamGenerateContent?alt=sse Trace: 0xb97e3bf379718a4b

2026-04-19 00:46:00.341 [error] [LS Main stderr] I0419 00:46:00.341522 219487 planner_generator.go:283] Requesting planner with 93 chat messages at model retry attempt 1 and API retry attempt 1

2026-04-19 00:46:04.818 [error] [LS Main stderr] I0419 00:46:04.817814 219487 http_helpers.go:123] URL: https://cloudcode-pa.googleapis.com/v1internal:streamGenerateContent?alt=sse Trace: 0xefa9106137afe95e

2026-04-19 00:46:24.338 [error] [LS Main stderr] I0419 00:46:24.337981 219487 planner_generator.go:283] Requesting planner with 96 chat messages at model retry attempt 1 and API retry attempt 1

2026-04-19 00:46:30.189 [error] [LS Main stderr] I0419 00:46:30.189076 219487 http_helpers.go:123] URL: https://cloudcode-pa.googleapis.com/v1internal:streamGenerateContent?alt=sse Trace: 0xd88b83e42851a9e8

2026-04-19 00:48:41.482 [error] [LS Main stderr] I0419 00:48:41.482196 219487 http_helpers.go:123] URL: https://cloudcode-pa.googleapis.com/v1internal:loadCodeAssist Trace: 0x1bcab5fa3434a93

2026-04-19 00:48:41.932 [error] [LS Main stderr] I0419 00:48:41.932515 219487 http_helpers.go:123] URL: https://cloudcode-pa.googleapis.com/v1internal:fetchAvailableModels Trace: 0x345c4bcf65e5eefe

2026-04-19 00:53:39.935 [error] [LS Main stderr] E0419 00:53:39.934216 219487 log.go:398] failed to check terminal shell support: internal: internal error

2026-04-19 00:53:39.959 [error] [LS Main stderr] I0419 00:53:39.959565 219487 planner_generator.go:283] Requesting planner with 5 chat messages at model retry attempt 1 and API retry attempt 1

2026-04-19 00:53:43.922 [error] [LS Main stderr] I0419 00:53:43.921848 219487 http_helpers.go:123] URL: https://cloudcode-pa.googleapis.com/v1internal:streamGenerateContent?alt=sse Trace: 0x84e46eec0081694f

2026-04-19 00:53:46.995 [error] [LS Main stderr] I0419 00:53:46.995698 219487 planner_generator.go:283] Requesting planner with 6 chat messages at model retry attempt 1 and API retry attempt 1

2026-04-19 00:53:47.998 [error] [LS Main stderr] I0419 00:53:47.998496 219487 http_helpers.go:123] URL: https://cloudcode-pa.googleapis.com/v1internal:fetchAvailableModels Trace: 0x3e9eb06031f511db

2026-04-19 00:53:48.410 [error] [LS Main stderr] I0419 00:53:48.410494 219487 http_helpers.go:123] URL: https://cloudcode-pa.googleapis.com/v1internal:streamGenerateContent?alt=sse Trace: 0x6764184d974b5818

2026-04-19 00:53:48.892 [error] [LS Main stderr] I0419 00:53:48.891772 219487 http_helpers.go:123] URL: https://cloudcode-pa.googleapis.com/v1internal:loadCodeAssist Trace: 0x8bb08028c982fd24

2026-04-19 00:53:51.044 [error] [LS Main stderr] I0419 00:53:51.044545 219487 http_helpers.go:123] URL: https://cloudcode-pa.googleapis.com/v1internal:streamGenerateContent?alt=sse Trace: 0xc518b535ab97e29f

2026-04-19 00:53:54.705 [error] [LS Main stderr] I0419 00:53:54.704925 219487 planner_generator.go:283] Requesting planner with 8 chat messages at model retry attempt 1 and API retry attempt 1

2026-04-19 00:53:58.439 [error] [LS Main stderr] I0419 00:53:58.438668 219487 http_helpers.go:123] URL: https://cloudcode-pa.googleapis.com/v1internal:streamGenerateContent?alt=sse Trace: 0x9eff2a77bcbd2330

2026-04-19 00:54:00.117 [error] [LS Main stderr] I0419 00:54:00.117087 219487 planner_generator.go:283] Requesting planner with 10 chat messages at model retry attempt 1 and API retry attempt 1

2026-04-19 00:54:03.824 [error] [LS Main stderr] I0419 00:54:03.824108 219487 http_helpers.go:123] URL: https://cloudcode-pa.googleapis.com/v1internal:streamGenerateContent?alt=sse Trace: 0x506e4261962c732

2026-04-19 00:54:03.837 [error] [LS Main stderr] I0419 00:54:03.837176 219487 planner_generator.go:283] Requesting planner with 12 chat messages at model retry attempt 1 and API retry attempt 1

2026-04-19 00:54:07.201 [error] [LS Main stderr] I0419 00:54:07.201136 219487 http_helpers.go:123] URL: https://cloudcode-pa.googleapis.com/v1internal:streamGenerateContent?alt=sse Trace: 0xf98cd6a5bac33dc8

2026-04-19 00:54:07.219 [error] [LS Main stderr] I0419 00:54:07.219178 219487 planner_generator.go:283] Requesting planner with 14 chat messages at model retry attempt 1 and API retry attempt 1

2026-04-19 00:54:11.040 [error] [LS Main stderr] I0419 00:54:11.039983 219487 http_helpers.go:123] URL: https://cloudcode-pa.googleapis.com/v1internal:streamGenerateContent?alt=sse Trace: 0x9bfb03d7f9d3ea9f

2026-04-19 00:54:27.172 [error] [LS Main stderr] I0419 00:54:27.172796 219487 planner_generator.go:283] Requesting planner with 16 chat messages at model retry attempt 1 and API retry attempt 1

2026-04-19 00:54:31.044 [error] [LS Main stderr] I0419 00:54:31.043862 219487 http_helpers.go:123] URL: https://cloudcode-pa.googleapis.com/v1internal:streamGenerateContent?alt=sse Trace: 0xeb7d9f9543881414

2026-04-19 00:54:33.091 [error] [LS Main stderr] I0419 00:54:33.091102 219487 planner_generator.go:283] Requesting planner with 19 chat messages at model retry attempt 1 and API retry attempt 1

2026-04-19 00:54:36.525 [error] [LS Main stderr] I0419 00:54:36.525510 219487 http_helpers.go:123] URL: https://cloudcode-pa.googleapis.com/v1internal:streamGenerateContent?alt=sse Trace: 0x93e724eba5b997

2026-04-19 00:54:44.882 [error] [LS Main stderr] I0419 00:54:44.882731 219487 planner_generator.go:283] Requesting planner with 20 chat messages at model retry attempt 1 and API retry attempt 1

2026-04-19 00:54:49.265 [error] [LS Main stderr] I0419 00:54:49.264773 219487 http_helpers.go:123] URL: https://cloudcode-pa.googleapis.com/v1internal:streamGenerateContent?alt=sse Trace: 0xbd72260771785411

2026-04-19 00:54:50.016 [error] [LS Main stderr] I0419 00:54:50.016690 219487 planner_generator.go:283] Requesting planner with 22 chat messages at model retry attempt 1 and API retry attempt 1

2026-04-19 00:54:53.808 [error] [LS Main stderr] I0419 00:54:53.808559 219487 http_helpers.go:123] URL: https://cloudcode-pa.googleapis.com/v1internal:streamGenerateContent?alt=sse Trace: 0xa141caa09f8462f4

2026-04-19 00:55:02.534 [error] [LS Main stderr] I0419 00:55:02.534519 219487 planner_generator.go:283] Requesting planner with 24 chat messages at model retry attempt 1 and API retry attempt 1

2026-04-19 00:55:06.261 [error] [LS Main stderr] I0419 00:55:06.260809 219487 http_helpers.go:123] URL: https://cloudcode-pa.googleapis.com/v1internal:streamGenerateContent?alt=sse Trace: 0x4a0cd7f937cf3b41

2026-04-19 00:55:07.729 [error] [LS Main stderr] I0419 00:55:07.729654 219487 planner_generator.go:283] Requesting planner with 26 chat messages at model retry attempt 1 and API retry attempt 1

2026-04-19 00:55:12.297 [error] [LS Main stderr] I0419 00:55:12.296668 219487 http_helpers.go:123] URL: https://cloudcode-pa.googleapis.com/v1internal:streamGenerateContent?alt=sse Trace: 0x50d98b5b58425fa3

2026-04-19 00:55:27.057 [error] [LS Main stderr] I0419 00:55:27.057167 219487 planner_generator.go:283] Requesting planner with 28 chat messages at model retry attempt 1 and API retry attempt 1

2026-04-19 00:55:30.333 [error] [LS Main stderr] I0419 00:55:30.332794 219487 http_helpers.go:123] URL: https://cloudcode-pa.googleapis.com/v1internal:streamGenerateContent?alt=sse Trace: 0x94efd9ed90b2f3e8

2026-04-19 00:55:33.005 [error] [LS Main stderr] I0419 00:55:33.004872 219487 planner_generator.go:283] Requesting planner with 30 chat messages at model retry attempt 1 and API retry attempt 1

2026-04-19 00:55:37.276 [error] [LS Main stderr] I0419 00:55:37.275903 219487 http_helpers.go:123] URL: https://cloudcode-pa.googleapis.com/v1internal:streamGenerateContent?alt=sse Trace: 0xe954ab256b5c28e8

2026-04-19 00:55:45.739 [error] [LS Main stderr] I0419 00:55:45.739206 219487 planner_generator.go:283] Requesting planner with 32 chat messages at model retry attempt 1 and API retry attempt 1

2026-04-19 00:55:50.679 [error] [LS Main stderr] I0419 00:55:50.679233 219487 http_helpers.go:123] URL: https://cloudcode-pa.googleapis.com/v1internal:streamGenerateContent?alt=sse Trace: 0x76b00a161a990d6c

2026-04-19 00:55:55.736 [error] [LS Main stderr] I0419 00:55:55.735869 219487 planner_generator.go:283] Requesting planner with 34 chat messages at model retry attempt 1 and API retry attempt 1

2026-04-19 00:55:59.999 [error] [LS Main stderr] I0419 00:55:59.999253 219487 http_helpers.go:123] URL: https://cloudcode-pa.googleapis.com/v1internal:streamGenerateContent?alt=sse Trace: 0x2e573b3e3e4bd58f

2026-04-19 00:56:10.494 [error] [LS Main stderr] I0419 00:56:10.493798 219487 planner_generator.go:283] Requesting planner with 36 chat messages at model retry attempt 1 and API retry attempt 1

2026-04-19 00:56:14.095 [error] [LS Main stderr] I0419 00:56:14.094922 219487 http_helpers.go:123] URL: https://cloudcode-pa.googleapis.com/v1internal:streamGenerateContent?alt=sse Trace: 0x2c2a2b680bee8c82

2026-04-19 00:56:14.115 [error] [LS Main stderr] I0419 00:56:14.115012 219487 planner_generator.go:283] Requesting planner with 38 chat messages at model retry attempt 1 and API retry attempt 1

2026-04-19 00:56:18.344 [error] [LS Main stderr] I0419 00:56:18.343741 219487 http_helpers.go:123] URL: https://cloudcode-pa.googleapis.com/v1internal:streamGenerateContent?alt=sse Trace: 0x83c9dc738885b0c7

2026-04-19 00:56:27.764 [error] [LS Main stderr] I0419 00:56:27.764452 219487 planner_generator.go:283] Requesting planner with 40 chat messages at model retry attempt 1 and API retry attempt 1

2026-04-19 00:56:31.388 [error] [LS Main stderr] I0419 00:56:31.388093 219487 http_helpers.go:123] URL: https://cloudcode-pa.googleapis.com/v1internal:streamGenerateContent?alt=sse Trace: 0x9cc8e95e4242aab8

2026-04-19 00:56:34.618 [error] [LS Main stderr] I0419 00:56:34.618602 219487 planner_generator.go:283] Requesting planner with 42 chat messages at model retry attempt 1 and API retry attempt 1

2026-04-19 00:56:38.684 [error] [LS Main stderr] I0419 00:56:38.684562 219487 http_helpers.go:123] URL: https://cloudcode-pa.googleapis.com/v1internal:streamGenerateContent?alt=sse Trace: 0x9dbb38bfbac1d188

2026-04-19 00:56:42.462 [error] [LS Main stderr] I0419 00:56:42.462062 219487 planner_generator.go:283] Requesting planner with 44 chat messages at model retry attempt 1 and API retry attempt 1

2026-04-19 00:56:46.987 [error] [LS Main stderr] I0419 00:56:46.987184 219487 http_helpers.go:123] URL: https://cloudcode-pa.googleapis.com/v1internal:streamGenerateContent?alt=sse Trace: 0x8441a24e13896e81

2026-04-19 00:56:57.214 [error] [LS Main stderr] I0419 00:56:57.214315 219487 planner_generator.go:283] Requesting planner with 46 chat messages at model retry attempt 1 and API retry attempt 1

2026-04-19 00:57:02.047 [error] [LS Main stderr] I0419 00:57:02.046752 219487 http_helpers.go:123] URL: https://cloudcode-pa.googleapis.com/v1internal:streamGenerateContent?alt=sse Trace: 0xb7d03bf3bb7a62bb

2026-04-19 00:57:05.489 [error] [LS Main stderr] I0419 00:57:05.489425 219487 planner_generator.go:283] Requesting planner with 48 chat messages at model retry attempt 1 and API retry attempt 1

2026-04-19 00:57:09.041 [error] [LS Main stderr] I0419 00:57:09.041411 219487 http_helpers.go:123] URL: https://cloudcode-pa.googleapis.com/v1internal:streamGenerateContent?alt=sse Trace: 0x22c82c15020af45a

2026-04-19 00:57:21.126 [error] [LS Main stderr] I0419 00:57:21.126193 219487 planner_generator.go:283] Requesting planner with 50 chat messages at model retry attempt 1 and API retry attempt 1

2026-04-19 00:57:26.244 [error] [LS Main stderr] I0419 00:57:26.244431 219487 http_helpers.go:123] URL: https://cloudcode-pa.googleapis.com/v1internal:streamGenerateContent?alt=sse Trace: 0xd0d47501486c1b63

2026-04-19 00:57:27.532 [error] [LS Main stderr] I0419 00:57:27.532367 219487 planner_generator.go:283] Requesting planner with 52 chat messages at model retry attempt 1 and API retry attempt 1

2026-04-19 00:57:32.832 [error] [LS Main stderr] I0419 00:57:32.832627 219487 http_helpers.go:123] URL: https://cloudcode-pa.googleapis.com/v1internal:streamGenerateContent?alt=sse Trace: 0x3e559cd6c203647b

2026-04-19 00:57:42.018 [error] [LS Main stderr] I0419 00:57:42.017834 219487 planner_generator.go:283] Requesting planner with 54 chat messages at model retry attempt 1 and API retry attempt 1

2026-04-19 00:57:46.802 [error] [LS Main stderr] I0419 00:57:46.801729 219487 http_helpers.go:123] URL: https://cloudcode-pa.googleapis.com/v1internal:streamGenerateContent?alt=sse Trace: 0x5bad2cf9cc419e13

2026-04-19 00:57:48.704 [error] [LS Main stderr] I0419 00:57:48.704035 219487 planner_generator.go:283] Requesting planner with 56 chat messages at model retry attempt 1 and API retry attempt 1

2026-04-19 00:57:53.238 [error] [LS Main stderr] I0419 00:57:53.238070 219487 http_helpers.go:123] URL: https://cloudcode-pa.googleapis.com/v1internal:streamGenerateContent?alt=sse Trace: 0x74404db99ad6ed44

2026-04-19 00:58:05.190 [error] [LS Main stderr] I0419 00:58:05.190567 219487 planner_generator.go:283] Requesting planner with 58 chat messages at model retry attempt 1 and API retry attempt 1

2026-04-19 00:58:09.151 [error] [LS Main stderr] I0419 00:58:09.151038 219487 http_helpers.go:123] URL: https://cloudcode-pa.googleapis.com/v1internal:streamGenerateContent?alt=sse Trace: 0xcee98e920d2f4c4b

2026-04-19 00:58:15.150 [error] [LS Main stderr] I0419 00:58:15.150723 219487 planner_generator.go:283] Requesting planner with 60 chat messages at model retry attempt 1 and API retry attempt 1

2026-04-19 00:58:19.378 [error] [LS Main stderr] I0419 00:58:19.377937 219487 http_helpers.go:123] URL: https://cloudcode-pa.googleapis.com/v1internal:streamGenerateContent?alt=sse Trace: 0xf9e6cd8176b8f9cf

2026-04-19 00:58:24.450 [error] [LS Main stderr] I0419 00:58:24.450567 219487 planner_generator.go:283] Requesting planner with 62 chat messages at model retry attempt 1 and API retry attempt 1

2026-04-19 00:58:28.934 [error] [LS Main stderr] I0419 00:58:28.934641 219487 http_helpers.go:123] URL: https://cloudcode-pa.googleapis.com/v1internal:streamGenerateContent?alt=sse Trace: 0x8563cc4e3ff5f01b

2026-04-19 00:58:33.321 [error] [LS Main stderr] I0419 00:58:33.321096 219487 planner_generator.go:283] Requesting planner with 64 chat messages at model retry attempt 1 and API retry attempt 1

2026-04-19 00:58:35.048 [error] [LS Main stderr] I0419 00:58:35.048534 219487 http_helpers.go:123] URL: https://cloudcode-pa.googleapis.com/v1internal:streamGenerateContent?alt=sse Trace: 0x1a04ccd99fc415c

2026-04-19 00:58:35.194 [error] [LS Main stderr] I0419 00:58:35.194279 219487 http_helpers.go:123] URL: https://cloudcode-pa.googleapis.com/v1internal:streamGenerateContent?alt=sse Trace: 0x8c99ebd29568210a

2026-04-19 00:58:35.479 [error] [LS Main stderr] I0419 00:58:35.479569 219487 http_helpers.go:123] URL: https://cloudcode-pa.googleapis.com/v1internal:streamGenerateContent?alt=sse Trace: 0xab3a3a5624e631a6

2026-04-19 00:58:37.568 [error] [LS Main stderr] I0419 00:58:37.568716 219487 http_helpers.go:123] URL: https://cloudcode-pa.googleapis.com/v1internal:streamGenerateContent?alt=sse Trace: 0x1a12977171961d0a

2026-04-19 00:58:43.793 [error] [LS Main stderr] I0419 00:58:43.793709 219487 planner_generator.go:283] Requesting planner with 66 chat messages at model retry attempt 1 and API retry attempt 1

2026-04-19 00:58:48.027 [error] [LS Main stderr] I0419 00:58:48.027120 219487 http_helpers.go:123] URL: https://cloudcode-pa.googleapis.com/v1internal:streamGenerateContent?alt=sse Trace: 0x887bf6def54050f

2026-04-19 00:58:49.724 [error] [LS Main stderr] I0419 00:58:49.723968 219487 planner_generator.go:283] Requesting planner with 68 chat messages at model retry attempt 1 and API retry attempt 1

2026-04-19 00:58:50.429 [error] [LS Main stderr] I0419 00:58:50.429582 219487 http_helpers.go:123] URL: https://cloudcode-pa.googleapis.com/v1internal:fetchAvailableModels Trace: 0x649ab8374eceb578

2026-04-19 00:58:51.082 [error] [LS Main stderr] I0419 00:58:51.082513 219487 http_helpers.go:123] URL: https://cloudcode-pa.googleapis.com/v1internal:loadCodeAssist Trace: 0x3fffa32cd4ee05ea

2026-04-19 00:58:53.987 [error] [LS Main stderr] I0419 00:58:53.987165 219487 http_helpers.go:123] URL: https://cloudcode-pa.googleapis.com/v1internal:streamGenerateContent?alt=sse Trace: 0x1efd0661be16d8aa

2026-04-19 00:58:57.820 [error] [LS Main stderr] I0419 00:58:57.820623 219487 planner_generator.go:283] Requesting planner with 70 chat messages at model retry attempt 1 and API retry attempt 1

2026-04-19 00:59:01.946 [error] [LS Main stderr] I0419 00:59:01.945849 219487 http_helpers.go:123] URL: https://cloudcode-pa.googleapis.com/v1internal:streamGenerateContent?alt=sse Trace: 0xfb5f18dcb97fa9ce

2026-04-19 00:59:08.067 [error] [LS Main stderr] I0419 00:59:08.067520 219487 planner_generator.go:283] Requesting planner with 72 chat messages at model retry attempt 1 and API retry attempt 1

2026-04-19 00:59:12.891 [error] [LS Main stderr] I0419 00:59:12.891234 219487 http_helpers.go:123] URL: https://cloudcode-pa.googleapis.com/v1internal:streamGenerateContent?alt=sse Trace: 0xc9f054e1b6b9e82c

2026-04-19 00:59:20.395 [error] [LS Main stderr] E0419 00:59:20.393535 219487 log.go:398] failed to check terminal shell support: internal: internal error

2026-04-19 00:59:20.453 [error] [LS Main stderr] I0419 00:59:20.453288 219487 planner_generator.go:283] Requesting planner with 75 chat messages at model retry attempt 1 and API retry attempt 1

2026-04-19 00:59:24.795 [error] [LS Main stderr] I0419 00:59:24.795610 219487 http_helpers.go:123] URL: https://cloudcode-pa.googleapis.com/v1internal:streamGenerateContent?alt=sse Trace: 0xd4cfd72233f7bf80

2026-04-19 00:59:41.481 [error] [LS Main stderr] E0419 00:59:41.480517 219487 log.go:398] failed to check terminal shell support: internal: internal error

2026-04-19 00:59:41.510 [error] [LS Main stderr] I0419 00:59:41.510378 219487 planner_generator.go:283] Requesting planner with 77 chat messages at model retry attempt 1 and API retry attempt 1

2026-04-19 00:59:46.029 [error] [LS Main stderr] I0419 00:59:46.029472 219487 http_helpers.go:123] URL: https://cloudcode-pa.googleapis.com/v1internal:streamGenerateContent?alt=sse Trace: 0x5c18fe33804e2b64

2026-04-19 00:59:47.765 [error] [LS Main stderr] I0419 00:59:47.765056 219487 planner_generator.go:283] Requesting planner with 78 chat messages at model retry attempt 1 and API retry attempt 1

2026-04-19 00:59:51.431 [error] [LS Main stderr] I0419 00:59:51.430862 219487 http_helpers.go:123] URL: https://cloudcode-pa.googleapis.com/v1internal:streamGenerateContent?alt=sse Trace: 0xcf68914fd8ddeeaa

2026-04-19 00:59:52.456 [error] [LS Main stderr] I0419 00:59:52.456285 219487 planner_generator.go:283] Requesting planner with 80 chat messages at model retry attempt 1 and API retry attempt 1

2026-04-19 00:59:56.988 [error] [LS Main stderr] I0419 00:59:56.987834 219487 http_helpers.go:123] URL: https://cloudcode-pa.googleapis.com/v1internal:streamGenerateContent?alt=sse Trace: 0x57a703479dae6ef1

2026-04-19 01:00:00.387 [error] [LS Main stderr] I0419 01:00:00.387128 219487 planner_generator.go:283] Requesting planner with 82 chat messages at model retry attempt 1 and API retry attempt 1

2026-04-19 01:00:04.546 [error] [LS Main stderr] I0419 01:00:04.545756 219487 http_helpers.go:123] URL: https://cloudcode-pa.googleapis.com/v1internal:streamGenerateContent?alt=sse Trace: 0x5408efb6aadd13ee

2026-04-19 01:00:05.841 [error] [LS Main stderr] I0419 01:00:05.840752 219487 planner_generator.go:283] Requesting planner with 84 chat messages at model retry attempt 1 and API retry attempt 1

2026-04-19 01:00:10.362 [error] [LS Main stderr] I0419 01:00:10.361741 219487 http_helpers.go:123] URL: https://cloudcode-pa.googleapis.com/v1internal:streamGenerateContent?alt=sse Trace: 0x396d9048ba49242c

2026-04-19 01:00:14.303 [error] [LS Main stderr] I0419 01:00:14.303120 219487 planner_generator.go:283] Requesting planner with 86 chat messages at model retry attempt 1 and API retry attempt 1

2026-04-19 01:00:19.465 [error] [LS Main stderr] I0419 01:00:19.465274 219487 http_helpers.go:123] URL: https://cloudcode-pa.googleapis.com/v1internal:streamGenerateContent?alt=sse Trace: 0xd013081d2ccf7607

2026-04-19 01:01:02.255 [error] [LS Main stderr] E0419 01:01:02.255194 219487 log.go:398] failed to check terminal shell support: internal: internal error

2026-04-19 01:01:02.291 [error] [LS Main stderr] I0419 01:01:02.291204 219487 planner_generator.go:283] Requesting planner with 89 chat messages at model retry attempt 1 and API retry attempt 1

2026-04-19 01:01:07.058 [error] [LS Main stderr] I0419 01:01:07.057842 219487 http_helpers.go:123] URL: https://cloudcode-pa.googleapis.com/v1internal:streamGenerateContent?alt=sse Trace: 0xc71d7ba424690604

2026-04-19 01:01:08.920 [error] [LS Main stderr] I0419 01:01:08.919785 219487 planner_generator.go:283] Requesting planner with 90 chat messages at model retry attempt 1 and API retry attempt 1

2026-04-19 01:01:14.456 [error] [LS Main stderr] I0419 01:01:14.456178 219487 http_helpers.go:123] URL: https://cloudcode-pa.googleapis.com/v1internal:streamGenerateContent?alt=sse Trace: 0x4038caba339c2e2c

2026-04-19 01:01:25.719 [error] [LS Main stderr] I0419 01:01:25.718856 219487 planner_generator.go:283] Requesting planner with 92 chat messages at model retry attempt 1 and API retry attempt 1

2026-04-19 01:01:30.681 [error] [LS Main stderr] I0419 01:01:30.681162 219487 http_helpers.go:123] URL: https://cloudcode-pa.googleapis.com/v1internal:streamGenerateContent?alt=sse Trace: 0x9e8188c2ea9be65d

2026-04-19 01:02:34.346 [error] [LS Main stderr] E0419 01:02:34.345926 219487 log.go:398] failed to check terminal shell support: internal: internal error

2026-04-19 01:02:34.378 [error] [LS Main stderr] I0419 01:02:34.378331 219487 planner_generator.go:283] Requesting planner with 95 chat messages at model retry attempt 1 and API retry attempt 1

2026-04-19 01:02:34.548 [error] [LS Main stderr] E0419 01:02:34.548130 219487 client.go:55] Post "https://play.googleapis.com/log": unexpected EOF

2026-04-19 01:02:39.858 [error] [LS Main stderr] I0419 01:02:39.858704 219487 http_helpers.go:123] URL: https://cloudcode-pa.googleapis.com/v1internal:streamGenerateContent?alt=sse Trace: 0x6e6979f7bcbcd8e4

2026-04-19 01:02:46.725 [error] [LS Main stderr] I0419 01:02:46.724813 219487 planner_generator.go:283] Requesting planner with 96 chat messages at model retry attempt 1 and API retry attempt 1

2026-04-19 01:02:51.811 [error] [LS Main stderr] I0419 01:02:51.811066 219487 http_helpers.go:123] URL: https://cloudcode-pa.googleapis.com/v1internal:streamGenerateContent?alt=sse Trace: 0x6736fc9d31176646

2026-04-19 01:02:55.192 [error] [LS Main stderr] E0419 01:02:55.192003 219487 log.go:398] failed to check terminal shell support: internal: internal error

2026-04-19 01:02:58.960 [error] [LS Main stderr] I0419 01:02:58.960006 219487 planner_generator.go:283] Requesting planner with 98 chat messages at model retry attempt 1 and API retry attempt 1

2026-04-19 01:03:03.478 [error] [LS Main stderr] I0419 01:03:03.478610 219487 http_helpers.go:123] URL: https://cloudcode-pa.googleapis.com/v1internal:streamGenerateContent?alt=sse Trace: 0x567233394e4401bf

2026-04-19 01:03:23.015 [error] [LS Main stderr] E0419 01:03:23.015190 219487 log.go:398] failed to check terminal shell support: internal: internal error

2026-04-19 01:03:23.049 [error] [LS Main stderr] I0419 01:03:23.049203 219487 planner_generator.go:283] Requesting planner with 101 chat messages at model retry attempt 1 and API retry attempt 1

2026-04-19 01:03:27.486 [error] [LS Main stderr] I0419 01:03:27.486337 219487 http_helpers.go:123] URL: https://cloudcode-pa.googleapis.com/v1internal:streamGenerateContent?alt=sse Trace: 0x3bdaabb698ca76b8

2026-04-19 01:03:28.807 [error] [LS Main stderr] I0419 01:03:28.807008 219487 planner_generator.go:283] Requesting planner with 102 chat messages at model retry attempt 1 and API retry attempt 1

2026-04-19 01:03:33.326 [error] [LS Main stderr] I0419 01:03:33.326226 219487 http_helpers.go:123] URL: https://cloudcode-pa.googleapis.com/v1internal:streamGenerateContent?alt=sse Trace: 0x38f5ec6a862db91c

2026-04-19 01:03:51.078 [error] [LS Main stderr] I0419 01:03:51.078500 219487 http_helpers.go:123] URL: https://cloudcode-pa.googleapis.com/v1internal:fetchAvailableModels Trace: 0x40834cebd66483cf

2026-04-19 01:03:51.260 [error] [LS Main stderr] I0419 01:03:51.260470 219487 planner_generator.go:283] Requesting planner with 104 chat messages at model retry attempt 1 and API retry attempt 1

2026-04-19 01:03:52.148 [error] [LS Main stderr] I0419 01:03:52.148246 219487 http_helpers.go:123] URL: https://cloudcode-pa.googleapis.com/v1internal:loadCodeAssist Trace: 0x2a9c515ca2d99d8

2026-04-19 01:03:57.185 [error] [LS Main stderr] I0419 01:03:57.185610 219487 http_helpers.go:123] URL: https://cloudcode-pa.googleapis.com/v1internal:streamGenerateContent?alt=sse Trace: 0x6d2b39c27efb98d1

2026-04-19 01:04:04.347 [error] [LS Main stderr] E0419 01:04:04.347247 219487 log.go:398] failed to check terminal shell support: internal: internal error

2026-04-19 01:04:04.381 [error] [LS Main stderr] I0419 01:04:04.381011 219487 planner_generator.go:283] Requesting planner with 107 chat messages at model retry attempt 1 and API retry attempt 1

2026-04-19 01:04:09.139 [error] [LS Main stderr] I0419 01:04:09.138973 219487 http_helpers.go:123] URL: https://cloudcode-pa.googleapis.com/v1internal:streamGenerateContent?alt=sse Trace: 0x116f75734284c3da

2026-04-19 01:04:18.955 [error] [LS Main stderr] I0419 01:04:18.954739 219487 planner_generator.go:283] Requesting planner with 108 chat messages at model retry attempt 1 and API retry attempt 1

2026-04-19 01:04:24.264 [error] [LS Main stderr] I0419 01:04:24.264104 219487 http_helpers.go:123] URL: https://cloudcode-pa.googleapis.com/v1internal:streamGenerateContent?alt=sse Trace: 0x218b218ad43666f7

2026-04-19 01:04:32.012 [error] [LS Main stderr] I0419 01:04:32.011816 219487 planner_generator.go:283] Requesting planner with 110 chat messages at model retry attempt 1 and API retry attempt 1

2026-04-19 01:04:38.066 [error] [LS Main stderr] I0419 01:04:38.066094 219487 http_helpers.go:123] URL: https://cloudcode-pa.googleapis.com/v1internal:streamGenerateContent?alt=sse Trace: 0x630a6dbacf627f22

2026-04-19 01:04:41.139 [error] [LS Main stderr] I0419 01:04:41.139568 219487 planner_generator.go:283] Requesting planner with 52 chat messages at model retry attempt 1 and API retry attempt 1

2026-04-19 01:04:42.664 [error] [LS Main stderr] I0419 01:04:42.663837 219487 http_helpers.go:123] URL: https://cloudcode-pa.googleapis.com/v1internal:streamGenerateContent?alt=sse Trace: 0x308c8fe64c81af15

2026-04-19 01:04:43.097 [error] [LS Main stderr] I0419 01:04:43.097098 219487 http_helpers.go:123] URL: https://cloudcode-pa.googleapis.com/v1internal:streamGenerateContent?alt=sse Trace: 0x5bbbb5cfc6217b5b

2026-04-19 01:04:43.422 [error] [LS Main stderr] I0419 01:04:43.422660 219487 http_helpers.go:123] URL: https://cloudcode-pa.googleapis.com/v1internal:streamGenerateContent?alt=sse Trace: 0x2f74cb233479b89c

2026-04-19 01:04:46.604 [error] [LS Main stderr] I0419 01:04:46.604382 219487 http_helpers.go:123] URL: https://cloudcode-pa.googleapis.com/v1internal:streamGenerateContent?alt=sse Trace: 0x5820ec4d3c93e072

2026-04-19 01:04:57.583 [error] [LS Main stderr] I0419 01:04:57.583044 219487 planner_generator.go:283] Requesting planner with 54 chat messages at model retry attempt 1 and API retry attempt 1

2026-04-19 01:05:01.941 [error] [LS Main stderr] I0419 01:05:01.941015 219487 http_helpers.go:123] URL: https://cloudcode-pa.googleapis.com/v1internal:streamGenerateContent?alt=sse Trace: 0x2bedaf6084351e75

2026-04-19 01:05:09.479 [error] [LS Main stderr] I0419 01:05:09.479630 219487 planner_generator.go:283] Requesting planner with 56 chat messages at model retry attempt 1 and API retry attempt 1

2026-04-19 01:05:11.240 [error] [LS Main stderr] E0419 01:05:11.240278 219487 log.go:398] failed to check terminal shell support: internal: internal error

2026-04-19 01:05:13.591 [error] [LS Main stderr] I0419 01:05:13.591663 219487 http_helpers.go:123] URL: https://cloudcode-pa.googleapis.com/v1internal:streamGenerateContent?alt=sse Trace: 0x29cdf9d0d01047c7

2026-04-19 01:05:28.314 [error] [LS Main stderr] E0419 01:05:28.314683 219487 log.go:398] failed to check terminal shell support: internal: internal error

2026-04-19 01:05:28.347 [error] [LS Main stderr] I0419 01:05:28.347200 219487 planner_generator.go:283] Requesting planner with 59 chat messages at model retry attempt 1 and API retry attempt 1

2026-04-19 01:05:33.207 [error] [LS Main stderr] I0419 01:05:33.207277 219487 http_helpers.go:123] URL: https://cloudcode-pa.googleapis.com/v1internal:streamGenerateContent?alt=sse Trace: 0xa4290fef734050bb

2026-04-19 01:06:01.858 [error] [LS Main stderr] I0419 01:06:01.857889 219487 planner_generator.go:283] Requesting planner with 60 chat messages at model retry attempt 1 and API retry attempt 1

2026-04-19 01:06:06.357 [error] [LS Main stderr] I0419 01:06:06.357591 219487 http_helpers.go:123] URL: https://cloudcode-pa.googleapis.com/v1internal:streamGenerateContent?alt=sse Trace: 0xc6217885ec59f79

2026-04-19 01:06:14.184 [error] [LS Main stderr] E0419 01:06:14.183327 219487 log.go:398] failed to check terminal shell support: internal: internal error

2026-04-19 01:06:14.214 [error] [LS Main stderr] I0419 01:06:14.214304 219487 planner_generator.go:283] Requesting planner with 63 chat messages at model retry attempt 1 and API retry attempt 1

2026-04-19 01:06:18.318 [error] [LS Main stderr] I0419 01:06:18.318493 219487 http_helpers.go:123] URL: https://cloudcode-pa.googleapis.com/v1internal:streamGenerateContent?alt=sse Trace: 0x8c159b89795c2821

2026-04-19 01:06:21.014 [error] [LS Main stderr] I0419 01:06:21.014315 219487 planner_generator.go:283] Requesting planner with 64 chat messages at model retry attempt 1 and API retry attempt 1

2026-04-19 01:06:25.544 [error] [LS Main stderr] I0419 01:06:25.543855 219487 http_helpers.go:123] URL: https://cloudcode-pa.googleapis.com/v1internal:streamGenerateContent?alt=sse Trace: 0x872817aeb42085b4

2026-04-19 01:06:28.512 [error] [LS Main stderr] I0419 01:06:28.511757 219487 planner_generator.go:283] Requesting planner with 66 chat messages at model retry attempt 1 and API retry attempt 1

2026-04-19 01:06:32.700 [error] [LS Main stderr] I0419 01:06:32.700553 219487 http_helpers.go:123] URL: https://cloudcode-pa.googleapis.com/v1internal:streamGenerateContent?alt=sse Trace: 0x2a6f110c6a5a4456

2026-04-19 01:06:40.167 [error] [LS Main stderr] I0419 01:06:40.166886 219487 planner_generator.go:283] Requesting planner with 68 chat messages at model retry attempt 1 and API retry attempt 1

2026-04-19 01:06:44.928 [error] [LS Main stderr] I0419 01:06:44.928636 219487 http_helpers.go:123] URL: https://cloudcode-pa.googleapis.com/v1internal:streamGenerateContent?alt=sse Trace: 0xbeb9338a9a9ba209

2026-04-19 01:06:54.609 [error] [LS Main stderr] I0419 01:06:54.609619 219487 planner_generator.go:283] Requesting planner with 70 chat messages at model retry attempt 1 and API retry attempt 1

2026-04-19 01:06:58.535 [error] [LS Main stderr] I0419 01:06:58.535132 219487 http_helpers.go:123] URL: https://cloudcode-pa.googleapis.com/v1internal:streamGenerateContent?alt=sse Trace: 0xa56311642c314e2

2026-04-19 01:07:01.584 [error] [LS Main stderr] E0419 01:07:01.584674 219487 log.go:398] failed to check terminal shell support: internal: internal error

2026-04-19 01:07:01.618 [error] [LS Main stderr] I0419 01:07:01.617957 219487 planner_generator.go:283] Requesting planner with 73 chat messages at model retry attempt 1 and API retry attempt 1

2026-04-19 01:07:05.896 [error] [LS Main stderr] I0419 01:07:05.895836 219487 http_helpers.go:123] URL: https://cloudcode-pa.googleapis.com/v1internal:streamGenerateContent?alt=sse Trace: 0x109e7f30e41b5ad9

2026-04-19 01:07:11.602 [error] [LS Main stderr] I0419 01:07:11.601906 219487 planner_generator.go:283] Requesting planner with 74 chat messages at model retry attempt 1 and API retry attempt 1

2026-04-19 01:07:16.011 [error] [LS Main stderr] I0419 01:07:16.011377 219487 http_helpers.go:123] URL: https://cloudcode-pa.googleapis.com/v1internal:streamGenerateContent?alt=sse Trace: 0x6631296f1aa32bc1

2026-04-19 01:09:06.310 [error] [LS Main stderr] E0419 01:09:06.310661 219487 log.go:398] failed to check terminal shell support: internal: internal error

2026-04-19 01:09:06.347 [error] [LS Main stderr] I0419 01:09:06.347139 219487 planner_generator.go:283] Requesting planner with 77 chat messages at model retry attempt 1 and API retry attempt 1

2026-04-19 01:09:07.188 [error] [LS Main stderr] I0419 01:09:07.188025 219487 http_helpers.go:123] URL: https://cloudcode-pa.googleapis.com/v1internal:fetchAvailableModels Trace: 0x66745b9b0d24c20d

2026-04-19 01:09:08.250 [error] [LS Main stderr] I0419 01:09:08.250020 219487 http_helpers.go:123] URL: https://cloudcode-pa.googleapis.com/v1internal:loadCodeAssist Trace: 0x190ae4755b3bc1c6

2026-04-19 01:09:11.757 [error] [LS Main stderr] I0419 01:09:11.756764 219487 http_helpers.go:123] URL: https://cloudcode-pa.googleapis.com/v1internal:streamGenerateContent?alt=sse Trace: 0xfcc2948b2293c6c0

2026-04-19 01:09:20.153 [error] [LS Main stderr] I0419 01:09:20.152910 219487 planner_generator.go:283] Requesting planner with 78 chat messages at model retry attempt 1 and API retry attempt 1

2026-04-19 01:09:24.972 [error] [LS Main stderr] I0419 01:09:24.972513 219487 http_helpers.go:123] URL: https://cloudcode-pa.googleapis.com/v1internal:streamGenerateContent?alt=sse Trace: 0x26e02656660fc480

2026-04-19 01:09:28.601 [error] [LS Main stderr] I0419 01:09:28.601022 219487 planner_generator.go:283] Requesting planner with 80 chat messages at model retry attempt 1 and API retry attempt 1

2026-04-19 01:09:32.955 [error] [LS Main stderr] I0419 01:09:32.955241 219487 http_helpers.go:123] URL: https://cloudcode-pa.googleapis.com/v1internal:streamGenerateContent?alt=sse Trace: 0x1b00a4c0db44a6b9

2026-04-19 01:09:33.260 [error] [LS Main stderr] I0419 01:09:33.260612 219487 planner_generator.go:283] Requesting planner with 82 chat messages at model retry attempt 1 and API retry attempt 1

2026-04-19 01:09:40.493 [error] [LS Main stderr] I0419 01:09:40.493524 219487 http_helpers.go:123] URL: https://cloudcode-pa.googleapis.com/v1internal:streamGenerateContent?alt=sse Trace: 0x1d0a44803b3fb775

2026-04-19 01:09:46.117 [error] [LS Main stderr] I0419 01:09:46.117691 219487 planner_generator.go:283] Requesting planner with 84 chat messages at model retry attempt 1 and API retry attempt 1

2026-04-19 01:09:49.511 [error] [LS Main stderr] E0419 01:09:49.511111 219487 log.go:398] agent executor error: RESOURCE_EXHAUSTED (code 429): You have exhausted your capacity on this model. Your quota will reset after 3h35m0s.: RESOURCE_EXHAUSTED (code 429): You have exhausted your capacity on this model. Your quota will reset after 3h35m0s.

2026-04-19 01:09:49.514 [error] [LS Main stderr] E0419 01:09:49.514417 219487 log.go:398] RESOURCE_EXHAUSTED (code 429): You have exhausted your capacity on this model. Your quota will reset after 3h35m0s.: RESOURCE_EXHAUSTED (code 429): You have exhausted your capacity on this model. Your quota will reset after 3h35m0s.

2026-04-19 01:13:03.086 [error] [LS Main stderr] E0419 01:13:03.085864 219487 log.go:398] failed to check terminal shell support: internal: internal error

2026-04-19 01:13:03.119 [error] [LS Main stderr] I0419 01:13:03.119083 219487 planner_generator.go:283] Requesting planner with 86 chat messages at model retry attempt 1 and API retry attempt 1

2026-04-19 01:13:08.296 [error] [LS Main stderr] I0419 01:13:08.296364 219487 http_helpers.go:123] URL: https://cloudcode-pa.googleapis.com/v1internal:streamGenerateContent?alt=sse Trace: 0x4a2df8697495054

2026-04-19 01:13:12.189 [error] [LS Main stderr] I0419 01:13:12.189141 219487 planner_generator.go:283] Requesting planner with 88 chat messages at model retry attempt 1 and API retry attempt 1

2026-04-19 01:13:17.017 [error] [LS Main stderr] I0419 01:13:17.017252 219487 http_helpers.go:123] URL: https://cloudcode-pa.googleapis.com/v1internal:streamGenerateContent?alt=sse Trace: 0x1d08956491b7a995

2026-04-19 01:13:18.435 [error] [LS Main stderr] I0419 01:13:18.435433 219487 planner_generator.go:283] Requesting planner with 90 chat messages at model retry attempt 1 and API retry attempt 1

2026-04-19 01:13:23.941 [error] [LS Main stderr] I0419 01:13:23.941368 219487 http_helpers.go:123] URL: https://cloudcode-pa.googleapis.com/v1internal:streamGenerateContent?alt=sse Trace: 0x46c2b65d60cc4684

2026-04-19 01:13:24.744 [error] [LS Main stderr] I0419 01:13:24.744478 219487 planner_generator.go:283] Requesting planner with 92 chat messages at model retry attempt 1 and API retry attempt 1

2026-04-19 01:13:28.225 [error] [LS Main stderr] I0419 01:13:28.224949 219487 http_helpers.go:123] URL: https://cloudcode-pa.googleapis.com/v1internal:streamGenerateContent?alt=sse Trace: 0xa64e92d0c038f5f0

2026-04-19 01:13:29.897 [error] [LS Main stderr] I0419 01:13:29.897073 219487 planner_generator.go:283] Requesting planner with 94 chat messages at model retry attempt 1 and API retry attempt 1

2026-04-19 01:13:34.115 [error] [LS Main stderr] I0419 01:13:34.110817 219487 http_helpers.go:123] URL: https://cloudcode-pa.googleapis.com/v1internal:streamGenerateContent?alt=sse Trace: 0xd77cca85aee9dfe5

2026-04-19 01:13:51.142 [error] [LS Main stderr] I0419 01:13:51.142645 219487 planner_generator.go:283] Requesting planner with 96 chat messages at model retry attempt 1 and API retry attempt 1

2026-04-19 01:13:55.334 [error] [LS Main stderr] I0419 01:13:55.334134 219487 http_helpers.go:123] URL: https://cloudcode-pa.googleapis.com/v1internal:streamGenerateContent?alt=sse Trace: 0xb5aab6d457aa04b1

2026-04-19 01:14:02.947 [error] [LS Main stderr] I0419 01:14:02.947051 219487 planner_generator.go:283] Requesting planner with 98 chat messages at model retry attempt 1 and API retry attempt 1

2026-04-19 01:14:07.526 [error] [LS Main stderr] I0419 01:14:07.526207 219487 http_helpers.go:123] URL: https://cloudcode-pa.googleapis.com/v1internal:streamGenerateContent?alt=sse Trace: 0x60a9b81c13c90b47

2026-04-19 01:14:11.945 [error] [LS Main stderr] I0419 01:14:11.945216 219487 http_helpers.go:123] URL: https://cloudcode-pa.googleapis.com/v1internal:fetchAvailableModels Trace: 0xbc40f8cbb0fd6d4d

2026-04-19 01:14:12.915 [error] [LS Main stderr] I0419 01:14:12.915287 219487 http_helpers.go:123] URL: https://cloudcode-pa.googleapis.com/v1internal:loadCodeAssist Trace: 0x1905cda08274d6d4

2026-04-19 01:14:13.182 [error] [LS Main stderr] I0419 01:14:13.182719 219487 planner_generator.go:283] Requesting planner with 100 chat messages at model retry attempt 1 and API retry attempt 1

2026-04-19 01:14:16.610 [error] [LS Main stderr] I0419 01:14:16.610346 219487 http_helpers.go:123] URL: https://cloudcode-pa.googleapis.com/v1internal:streamGenerateContent?alt=sse Trace: 0x6aeb33597d326b21

2026-04-19 01:14:34.859 [error] [LS Main stderr] I0419 01:14:34.859524 219487 planner_generator.go:283] Requesting planner with 102 chat messages at model retry attempt 1 and API retry attempt 1

2026-04-19 01:14:36.962 [error] [LS Main stderr] I0419 01:14:36.962586 219487 http_helpers.go:123] URL: https://cloudcode-pa.googleapis.com/v1internal:streamGenerateContent?alt=sse Trace: 0x25fed047aa16a79e

2026-04-19 01:14:37.060 [error] [LS Main stderr] I0419 01:14:37.060037 219487 http_helpers.go:123] URL: https://cloudcode-pa.googleapis.com/v1internal:streamGenerateContent?alt=sse Trace: 0x4d88f62139d839d

2026-04-19 01:14:37.172 [error] [LS Main stderr] I0419 01:14:37.172420 219487 http_helpers.go:123] URL: https://cloudcode-pa.googleapis.com/v1internal:streamGenerateContent?alt=sse Trace: 0x474b38ef9a1d7149

2026-04-19 01:14:39.869 [error] [LS Main stderr] I0419 01:14:39.868964 219487 http_helpers.go:123] URL: https://cloudcode-pa.googleapis.com/v1internal:streamGenerateContent?alt=sse Trace: 0x39d176903ad9d623

2026-04-19 01:14:47.940 [error] [LS Main stderr] I0419 01:14:47.940377 219487 planner_generator.go:283] Requesting planner with 104 chat messages at model retry attempt 1 and API retry attempt 1

2026-04-19 01:14:50.753 [error] [LS Main stderr] I0419 01:14:50.753129 219487 http_helpers.go:123] URL: https://cloudcode-pa.googleapis.com/v1internal:streamGenerateContent?alt=sse Trace: 0x7e69011cc166e040

2026-04-19 01:15:23.622 [error] [LS Main stderr] I0419 01:15:23.622543 219487 planner_generator.go:283] Requesting planner with 106 chat messages at model retry attempt 1 and API retry attempt 1

2026-04-19 01:15:26.932 [error] [LS Main stderr] I0419 01:15:26.932037 219487 http_helpers.go:123] URL: https://cloudcode-pa.googleapis.com/v1internal:streamGenerateContent?alt=sse Trace: 0x61650bfdac595098

2026-04-19 01:15:30.024 [error] [LS Main stderr] I0419 01:15:30.023675 219487 planner_generator.go:283] Requesting planner with 108 chat messages at model retry attempt 1 and API retry attempt 1

2026-04-19 01:15:34.246 [error] [LS Main stderr] I0419 01:15:34.246130 219487 http_helpers.go:123] URL: https://cloudcode-pa.googleapis.com/v1internal:streamGenerateContent?alt=sse Trace: 0xb35e267100c5b783

2026-04-19 01:15:39.799 [error] [LS Main stderr] I0419 01:15:39.798829 219487 planner_generator.go:283] Requesting planner with 110 chat messages at model retry attempt 1 and API retry attempt 1

2026-04-19 01:15:42.596 [error] [LS Main stderr] I0419 01:15:42.596049 219487 http_helpers.go:123] URL: https://cloudcode-pa.googleapis.com/v1internal:streamGenerateContent?alt=sse Trace: 0xbbee71840818d5d

2026-04-19 01:16:55.437 [error] [LS Main stderr] E0419 01:16:55.436930 219487 log.go:398] failed to check terminal shell support: internal: internal error

2026-04-19 01:16:55.476 [error] [LS Main stderr] I0419 01:16:55.475837 219487 planner_generator.go:283] Requesting planner with 112 chat messages at model retry attempt 1 and API retry attempt 1

2026-04-19 01:16:59.233 [error] [LS Main stderr] I0419 01:16:59.232791 219487 http_helpers.go:123] URL: https://cloudcode-pa.googleapis.com/v1internal:streamGenerateContent?alt=sse Trace: 0x67761d4a51d01131

2026-04-19 01:16:59.412 [error] [LS Main stderr] E0419 01:16:59.411983 219487 client.go:55] Post "https://play.googleapis.com/log": unexpected EOF

2026-04-19 01:17:03.715 [error] [LS Main stderr] I0419 01:17:03.714773 219487 planner_generator.go:283] Requesting planner with 114 chat messages at model retry attempt 1 and API retry attempt 1

2026-04-19 01:17:07.758 [error] [LS Main stderr] I0419 01:17:07.758427 219487 http_helpers.go:123] URL: https://cloudcode-pa.googleapis.com/v1internal:streamGenerateContent?alt=sse Trace: 0xe147a46afb1dbfd6

2026-04-19 01:17:21.221 [error] [LS Main stderr] I0419 01:17:21.221543 219487 planner_generator.go:283] Requesting planner with 116 chat messages at model retry attempt 1 and API retry attempt 1

2026-04-19 01:17:26.916 [error] [LS Main stderr] I0419 01:17:26.916447 219487 http_helpers.go:123] URL: https://cloudcode-pa.googleapis.com/v1internal:streamGenerateContent?alt=sse Trace: 0x555c146ad3dafbe6

2026-04-19 01:17:34.397 [error] [LS Main stderr] I0419 01:17:34.397668 219487 planner_generator.go:283] Requesting planner with 118 chat messages at model retry attempt 1 and API retry attempt 1

2026-04-19 01:17:39.360 [error] [LS Main stderr] I0419 01:17:39.359997 219487 http_helpers.go:123] URL: https://cloudcode-pa.googleapis.com/v1internal:streamGenerateContent?alt=sse Trace: 0xbb9ce077c576103a

2026-04-19 01:18:12.695 [error] [LS Main stderr] E0419 01:18:12.695496 219487 log.go:398] failed to check terminal shell support: internal: internal error

2026-04-19 01:18:12.735 [error] [LS Main stderr] I0419 01:18:12.735037 219487 planner_generator.go:283] Requesting planner with 120 chat messages at model retry attempt 1 and API retry attempt 1

2026-04-19 01:18:16.856 [error] [LS Main stderr] I0419 01:18:16.855772 219487 http_helpers.go:123] URL: https://cloudcode-pa.googleapis.com/v1internal:streamGenerateContent?alt=sse Trace: 0x601c2a739bbf92d6

2026-04-19 01:18:31.062 [error] [LS Main stderr] I0419 01:18:31.061811 219487 planner_generator.go:283] Requesting planner with 122 chat messages at model retry attempt 1 and API retry attempt 1

2026-04-19 01:18:35.768 [error] [LS Main stderr] I0419 01:18:35.768059 219487 http_helpers.go:123] URL: https://cloudcode-pa.googleapis.com/v1internal:streamGenerateContent?alt=sse Trace: 0x2ad6689f729300e

2026-04-19 01:18:37.256 [error] [LS Main stderr] I0419 01:18:37.256024 219487 planner_generator.go:283] Requesting planner with 124 chat messages at model retry attempt 1 and API retry attempt 1

2026-04-19 01:18:40.116 [error] [LS Main stderr] I0419 01:18:40.116554 219487 http_helpers.go:123] URL: https://cloudcode-pa.googleapis.com/v1internal:streamGenerateContent?alt=sse Trace: 0xa64764bfefd14fe

2026-04-19 01:18:43.138 [error] [LS Main stderr] I0419 01:18:43.138142 219487 planner_generator.go:283] Requesting planner with 126 chat messages at model retry attempt 1 and API retry attempt 1

2026-04-19 01:18:48.269 [error] [LS Main stderr] I0419 01:18:48.268919 219487 http_helpers.go:123] URL: https://cloudcode-pa.googleapis.com/v1internal:streamGenerateContent?alt=sse Trace: 0x7b03f1c93e5437f3

2026-04-19 01:18:49.752 [error] [LS Main stderr] I0419 01:18:49.752136 219487 planner_generator.go:283] Requesting planner with 128 chat messages at model retry attempt 1 and API retry attempt 1

2026-04-19 01:18:52.416 [error] [LS Main stderr] I0419 01:18:52.416638 219487 http_helpers.go:123] URL: https://cloudcode-pa.googleapis.com/v1internal:streamGenerateContent?alt=sse Trace: 0x2fe384518fcb8f23

2026-04-19 01:19:10.972 [error] [LS Main stderr] I0419 01:19:10.971961 219487 planner_generator.go:283] Requesting planner with 130 chat messages at model retry attempt 1 and API retry attempt 1

2026-04-19 01:19:14.276 [error] [LS Main stderr] I0419 01:19:14.275748 219487 http_helpers.go:123] URL: https://cloudcode-pa.googleapis.com/v1internal:streamGenerateContent?alt=sse Trace: 0x3c0d2469c5aefb60

2026-04-19 01:19:28.646 [error] [LS Main stderr] I0419 01:19:28.646107 219487 http_helpers.go:123] URL: https://cloudcode-pa.googleapis.com/v1internal:fetchAvailableModels Trace: 0x32dbfcf3a7b18c2

2026-04-19 01:19:29.517 [error] [LS Main stderr] I0419 01:19:29.516939 219487 http_helpers.go:123] URL: https://cloudcode-pa.googleapis.com/v1internal:loadCodeAssist Trace: 0xf49a245333c7dab2

2026-04-19 01:19:30.108 [error] [LS Main stderr] I0419 01:19:30.108422 219487 planner_generator.go:283] Requesting planner with 132 chat messages at model retry attempt 1 and API retry attempt 1

2026-04-19 01:19:34.609 [error] [LS Main stderr] I0419 01:19:34.608915 219487 http_helpers.go:123] URL: https://cloudcode-pa.googleapis.com/v1internal:streamGenerateContent?alt=sse Trace: 0x472d351a960f40a6

2026-04-19 01:19:40.963 [error] [LS Main stderr] I0419 01:19:40.963395 219487 planner_generator.go:283] Requesting planner with 134 chat messages at model retry attempt 1 and API retry attempt 1

2026-04-19 01:19:43.684 [error] [LS Main stderr] I0419 01:19:43.684150 219487 http_helpers.go:123] URL: https://cloudcode-pa.googleapis.com/v1internal:streamGenerateContent?alt=sse Trace: 0x1c5c71abf1db5b63

2026-04-19 01:19:48.313 [error] [LS Main stderr] I0419 01:19:48.312888 219487 planner_generator.go:283] Requesting planner with 136 chat messages at model retry attempt 1 and API retry attempt 1

2026-04-19 01:19:51.315 [error] [LS Main stderr] I0419 01:19:51.314763 219487 http_helpers.go:123] URL: https://cloudcode-pa.googleapis.com/v1internal:streamGenerateContent?alt=sse Trace: 0x7ca723ce1a687b8d

2026-04-19 01:20:01.034 [error] [LS Main stderr] I0419 01:20:01.034115 219487 planner_generator.go:283] Requesting planner with 138 chat messages at model retry attempt 1 and API retry attempt 1

2026-04-19 01:20:04.481 [error] [LS Main stderr] I0419 01:20:04.481130 219487 http_helpers.go:123] URL: https://cloudcode-pa.googleapis.com/v1internal:streamGenerateContent?alt=sse Trace: 0x80ca4467cf1296ac

2026-04-19 01:20:14.725 [error] [LS Main stderr] I0419 01:20:14.725112 219487 planner_generator.go:283] Requesting planner with 140 chat messages at model retry attempt 1 and API retry attempt 1

2026-04-19 01:20:17.312 [error] [LS Main stderr] I0419 01:20:17.311916 219487 http_helpers.go:123] URL: https://cloudcode-pa.googleapis.com/v1internal:streamGenerateContent?alt=sse Trace: 0xc99ae10280f5ba11

2026-04-19 01:21:41.226 [error] [LS Main stderr] E0419 01:21:41.225953 219487 log.go:398] failed to check terminal shell support: internal: internal error

2026-04-19 01:21:41.270 [error] [LS Main stderr] I0419 01:21:41.269976 219487 planner_generator.go:283] Requesting planner with 142 chat messages at model retry attempt 1 and API retry attempt 1

2026-04-19 01:21:47.135 [error] [LS Main stderr] I0419 01:21:47.135341 219487 http_helpers.go:123] URL: https://cloudcode-pa.googleapis.com/v1internal:streamGenerateContent?alt=sse Trace: 0x7a3f385006bd25d9

2026-04-19 01:21:54.779 [error] [LS Main stderr] I0419 01:21:54.779364 219487 planner_generator.go:283] Requesting planner with 144 chat messages at model retry attempt 1 and API retry attempt 1

2026-04-19 01:21:59.739 [error] [LS Main stderr] I0419 01:21:59.739624 219487 http_helpers.go:123] URL: https://cloudcode-pa.googleapis.com/v1internal:streamGenerateContent?alt=sse Trace: 0x7381c14efadc362f

2026-04-19 01:22:45.897 [error] [LS Main stderr] I0419 01:22:45.897606 219487 planner_generator.go:283] Requesting planner with 146 chat messages at model retry attempt 1 and API retry attempt 1

2026-04-19 01:22:49.866 [error] [LS Main stderr] I0419 01:22:49.866544 219487 http_helpers.go:123] URL: https://cloudcode-pa.googleapis.com/v1internal:streamGenerateContent?alt=sse Trace: 0xe020b633dc97bee6

2026-04-19 01:23:12.526 [error] [LS Main stderr] E0419 01:23:12.526198 219487 log.go:398] failed to check terminal shell support: internal: internal error

2026-04-19 01:23:12.569 [error] [LS Main stderr] I0419 01:23:12.569197 219487 planner_generator.go:283] Requesting planner with 148 chat messages at model retry attempt 1 and API retry attempt 1

2026-04-19 01:23:18.404 [error] [LS Main stderr] I0419 01:23:18.404546 219487 http_helpers.go:123] URL: https://cloudcode-pa.googleapis.com/v1internal:streamGenerateContent?alt=sse Trace: 0x8eca6923f208dd71

2026-04-19 01:23:57.379 [error] [LS Main stderr] E0419 01:23:57.379884 219487 log.go:398] failed to check terminal shell support: internal: internal error

2026-04-19 01:23:57.426 [error] [LS Main stderr] I0419 01:23:57.426344 219487 planner_generator.go:283] Requesting planner with 150 chat messages at model retry attempt 1 and API retry attempt 1

2026-04-19 01:24:02.652 [error] [LS Main stderr] I0419 01:24:02.651898 219487 http_helpers.go:123] URL: https://cloudcode-pa.googleapis.com/v1internal:streamGenerateContent?alt=sse Trace: 0xae86b9d56d50886a

2026-04-19 01:24:26.681 [error] [LS Main stderr] W0419 01:24:26.681387 219487 launchmanager.go:128] Browser connection died, reconnecting.

2026-04-19 01:24:26.682 [error] [LS Main stderr] W0419 01:24:26.682479 219487 browser_context.go:113] Failed to close cached BrowserPage FDFA69C38C68A8E193833F8D20C60321: rpcc: the connection is closing: websocket: close 1006 (abnormal closure): unexpected EOF
W0419 01:24:26.682520 219487 browser_context.go:121] Failed to close CDP client: rpcc: the connection is closing: websocket: close 1006 (abnormal closure): unexpected EOF

2026-04-19 01:24:26.684 [error] [LS Main stderr] W0419 01:24:26.684770 219487 browser_context.go:128] Failed to close playwright context: playwright: target closed: Target page, context or browser has been closed

2026-04-19 01:24:28.095 [error] [LS Main stderr] W0419 01:24:28.094970 219487 browser_liveness_utils.go:67] Connecting to browser via CDP: http://127.0.0.1:9222

2026-04-19 01:24:28.193 [error] [LS Main stderr] I0419 01:24:28.193280 219487 secure_credentials.go:21] No extension worker available, skipping secure credentials setup

2026-04-19 01:24:28.201 [error] [LS Main stderr] E0419 01:24:28.201478 219487 log.go:398] failed DOM for browser ephemeral message: no browser session active
E0419 01:24:28.201523 219487 log.go:398] failed page view for browser ephemeral message: no browser session active

2026-04-19 01:24:28.203 [error] [LS Main stderr] I0419 01:24:28.203288 219487 planner_generator.go:283] Requesting planner with 2 chat messages at model retry attempt 1 and API retry attempt 1

2026-04-19 01:24:31.266 [error] [LS Main stderr] I0419 01:24:31.266242 219487 http_helpers.go:123] URL: https://cloudcode-pa.googleapis.com/v1internal:streamGenerateContent?alt=sse Trace: 0x9f4058429eea8ce3

2026-04-19 01:24:32.846 [error] [LS Main stderr] E0419 01:24:32.845809 219487 log.go:398] failed DOM for browser ephemeral message: no browser session active
E0419 01:24:32.845845 219487 log.go:398] failed page view for browser ephemeral message: no browser session active

2026-04-19 01:24:32.846 [error] [LS Main stderr] I0419 01:24:32.846756 219487 planner_generator.go:283] Requesting planner with 4 chat messages at model retry attempt 1 and API retry attempt 1

2026-04-19 01:24:33.720 [error] [LS Main stderr] I0419 01:24:33.720641 219487 http_helpers.go:123] URL: https://cloudcode-pa.googleapis.com/v1internal:fetchAvailableModels Trace: 0x4fb698d82ea5f87b

2026-04-19 01:24:34.566 [error] [LS Main stderr] I0419 01:24:34.566732 219487 http_helpers.go:123] URL: https://cloudcode-pa.googleapis.com/v1internal:loadCodeAssist Trace: 0xd8ba5e8b60478f30

2026-04-19 01:24:36.358 [error] [LS Main stderr] I0419 01:24:36.358586 219487 http_helpers.go:123] URL: https://cloudcode-pa.googleapis.com/v1internal:streamGenerateContent?alt=sse Trace: 0x7a607899c7d77fe

2026-04-19 01:24:36.894 [error] [LS Main stderr] E0419 01:24:36.894555 219487 log.go:398] error executing cascade step: CORTEX_STEP_TYPE_CODE_ACTION: Could not successfully apply any edits. Please review the file and try smaller edits that you are more confident about.: chunk 0: cannot have nonempty target content in empty file

2026-04-19 01:24:36.895 [error] [LS Main stderr] E0419 01:24:36.895515 219487 log.go:398] failed DOM for browser ephemeral message: no browser session active
E0419 01:24:36.895559 219487 log.go:398] failed page view for browser ephemeral message: no browser session active

2026-04-19 01:24:36.896 [error] [LS Main stderr] I0419 01:24:36.896594 219487 planner_generator.go:283] Requesting planner with 6 chat messages at model retry attempt 1 and API retry attempt 1

2026-04-19 01:24:39.699 [error] [LS Main stderr] I0419 01:24:39.698849 219487 http_helpers.go:123] URL: https://cloudcode-pa.googleapis.com/v1internal:streamGenerateContent?alt=sse Trace: 0x44e950b8efe68cf2

2026-04-19 01:24:41.576 [error] [LS Main stderr] I0419 01:24:41.576363 219487 operator.go:870] Updating actuation overlay for page 47398886312308D54EBAB78484170428
I0419 01:24:41.576416 219487 operator.go:899] [overlay] Running JS: window.updateActuationOverlay({"cascadeId":"b8ecad7a-1d17-4554-890d-5b10c0e01bbe","displayString":"Opening URL...","passthroughEnabled":false})

2026-04-19 01:24:41.578 [error] [LS Main stderr] I0419 01:24:41.578022 219487 operator.go:902] Actuation overlay not injected yet for page 47398886312308D54EBAB78484170428

2026-04-19 01:24:41.657 [error] [LS Main stderr] E0419 01:24:41.657322 219487 operator.go:910] Failed to update actuation overlay for page 47398886312308D54EBAB78484170428: isolated world not initialized - executionContextID is nil
(1) attached stack trace
  -- stack trace:
  | google3/third_party/jetski/language_server/browser/browserabstractions/browserabstractions.(*BrowserPage).EvaluateInIsolatedWorld
  | 	third_party/jetski/language_server/browser/browserabstractions/browser_page.go:308
  | google3/third_party/jetski/language_server/browser/browser.(*Operator).AddActuationOverlay
  | 	third_party/jetski/language_server/browser/operator.go:908
  | google3/third_party/jetski/cortex/handlers/handlers.(*CommonBrowserHandler[...]).handleInternal
  | 	third_party/jetski/cortex/handlers/common_browser_handler.go:252
  | google3/third_party/jetski/cortex/handlers/handlers.(*CommonBrowserHandler[...]).Handle
  | 	third_party/jetski/cortex/handlers/common_browser_handler.go:131
  | google3/third_party/gemini_coder/framework/executor/executor.(*Executor).handleStep
  | 	third_party/gemini_coder/framework/executor/executor.go:192
  | google3/third_party/gemini_coder/framework/executor/executor.(*ExecutionWrapper).asyncHandleStep.func1
  | 	third_party/gemini_coder/framework/executor/execution_wrapper.go:289
  | runtime.goexit
  | 	third_party/go/gc/src/runtime/asm_amd64.s:1774
Wraps: (2) isolated world not initialized - executionContextID is nil
Error types: (1) *withstack.withStack (2) *errutil.leafError

2026-04-19 01:24:41.867 [error] [LS Main stderr] I0419 01:24:41.866967 219487 operator.go:870] Updating actuation overlay for page 47398886312308D54EBAB78484170428
I0419 01:24:41.867032 219487 operator.go:899] [overlay] Running JS: window.updateActuationOverlay({"cascadeId":"b8ecad7a-1d17-4554-890d-5b10c0e01bbe","displayString":"Getting DOM...","passthroughEnabled":true})

2026-04-19 01:24:41.868 [error] [LS Main stderr] I0419 01:24:41.868246 219487 operator.go:870] Updating actuation overlay for page 47398886312308D54EBAB78484170428
I0419 01:24:41.868271 219487 operator.go:899] [overlay] Running JS: window.updateActuationOverlay({"capturingScreenshot":true})

2026-04-19 01:24:41.937 [error] [LS Main stderr] I0419 01:24:41.936800 219487 operator.go:870] Updating actuation overlay for page 47398886312308D54EBAB78484170428
I0419 01:24:41.936846 219487 operator.go:899] [overlay] Running JS: window.updateActuationOverlay({"cascadeId":"b8ecad7a-1d17-4554-890d-5b10c0e01bbe","displayString":"Getting DOM...","passthroughEnabled":false})

2026-04-19 01:24:42.195 [error] [LS Main stderr] I0419 01:24:42.194824 219487 operator.go:870] Updating actuation overlay for page 47398886312308D54EBAB78484170428
I0419 01:24:42.194870 219487 operator.go:899] [overlay] Running JS: window.updateActuationOverlay({"capturingScreenshot":false})

2026-04-19 01:24:42.198 [error] [LS Main stderr] I0419 01:24:42.198415 219487 planner_generator.go:283] Requesting planner with 8 chat messages at model retry attempt 1 and API retry attempt 1

2026-04-19 01:24:45.802 [error] [LS Main stderr] I0419 01:24:45.801948 219487 http_helpers.go:123] URL: https://cloudcode-pa.googleapis.com/v1internal:streamGenerateContent?alt=sse Trace: 0x3bdcfc7941094510

2026-04-19 01:24:48.803 [error] [LS Main stderr] I0419 01:24:48.803682 219487 operator.go:870] Updating actuation overlay for page 47398886312308D54EBAB78484170428
I0419 01:24:48.803724 219487 operator.go:899] [overlay] Running JS: window.updateActuationOverlay({"cascadeId":"b8ecad7a-1d17-4554-890d-5b10c0e01bbe","displayString":"Getting DOM...","passthroughEnabled":true})

2026-04-19 01:24:48.809 [error] [LS Main stderr] I0419 01:24:48.809076 219487 operator.go:870] Updating actuation overlay for page 47398886312308D54EBAB78484170428
I0419 01:24:48.809115 219487 operator.go:899] [overlay] Running JS: window.updateActuationOverlay({"capturingScreenshot":true})

2026-04-19 01:24:48.857 [error] [LS Main stderr] I0419 01:24:48.856977 219487 operator.go:870] Updating actuation overlay for page 47398886312308D54EBAB78484170428
I0419 01:24:48.857014 219487 operator.go:899] [overlay] Running JS: window.updateActuationOverlay({"cascadeId":"b8ecad7a-1d17-4554-890d-5b10c0e01bbe","displayString":"Getting DOM...","passthroughEnabled":false})

2026-04-19 01:24:49.046 [error] [LS Main stderr] I0419 01:24:49.046580 219487 operator.go:870] Updating actuation overlay for page 47398886312308D54EBAB78484170428
I0419 01:24:49.046616 219487 operator.go:899] [overlay] Running JS: window.updateActuationOverlay({"capturingScreenshot":false})

2026-04-19 01:24:49.052 [error] [LS Main stderr] I0419 01:24:49.052573 219487 planner_generator.go:283] Requesting planner with 10 chat messages at model retry attempt 1 and API retry attempt 1

2026-04-19 01:24:52.617 [error] [LS Main stderr] I0419 01:24:52.617038 219487 http_helpers.go:123] URL: https://cloudcode-pa.googleapis.com/v1internal:streamGenerateContent?alt=sse Trace: 0xea08309937a0742b

2026-04-19 01:24:53.151 [error] [LS Main stderr] I0419 01:24:53.151463 219487 operator.go:870] Updating actuation overlay for page 47398886312308D54EBAB78484170428
I0419 01:24:53.151501 219487 operator.go:899] [overlay] Running JS: window.updateActuationOverlay({"cascadeId":"b8ecad7a-1d17-4554-890d-5b10c0e01bbe","displayString":"Clicking...","passthroughEnabled":true})

2026-04-19 01:24:53.159 [error] [LS Main stderr] I0419 01:24:53.158890 219487 operator.go:870] Updating actuation overlay for page 47398886312308D54EBAB78484170428
I0419 01:24:53.158923 219487 operator.go:899] [overlay] Running JS: window.updateActuationOverlay({"capturingScreenshot":true})

2026-04-19 01:24:53.397 [error] [LS Main stderr] I0419 01:24:53.397116 219487 operator.go:870] Updating actuation overlay for page 47398886312308D54EBAB78484170428
I0419 01:24:53.397162 219487 operator.go:899] [overlay] Running JS: window.updateActuationOverlay({"capturingScreenshot":false})

2026-04-19 01:24:54.645 [error] [LS Main stderr] I0419 01:24:54.644884 219487 operator.go:870] Updating actuation overlay for page 47398886312308D54EBAB78484170428
I0419 01:24:54.644932 219487 operator.go:899] [overlay] Running JS: window.updateActuationOverlay({"cascadeId":"b8ecad7a-1d17-4554-890d-5b10c0e01bbe","displayString":"Clicking...","passthroughEnabled":false})

2026-04-19 01:24:54.725 [error] [LS Main stderr] I0419 01:24:54.725631 219487 operator.go:870] Updating actuation overlay for page 47398886312308D54EBAB78484170428
I0419 01:24:54.725678 219487 operator.go:899] [overlay] Running JS: window.updateActuationOverlay({"cascadeId":"b8ecad7a-1d17-4554-890d-5b10c0e01bbe","displayString":"Getting DOM...","passthroughEnabled":true})

2026-04-19 01:24:54.726 [error] [LS Main stderr] I0419 01:24:54.726066 219487 operator.go:870] Updating actuation overlay for page 47398886312308D54EBAB78484170428
I0419 01:24:54.726091 219487 operator.go:899] [overlay] Running JS: window.updateActuationOverlay({"capturingScreenshot":true})

2026-04-19 01:24:54.927 [error] [LS Main stderr] I0419 01:24:54.927261 219487 operator.go:870] Updating actuation overlay for page 47398886312308D54EBAB78484170428
I0419 01:24:54.927306 219487 operator.go:899] [overlay] Running JS: window.updateActuationOverlay({"cascadeId":"b8ecad7a-1d17-4554-890d-5b10c0e01bbe","displayString":"Getting DOM...","passthroughEnabled":false})

2026-04-19 01:24:55.025 [error] [LS Main stderr] I0419 01:24:55.025145 219487 operator.go:870] Updating actuation overlay for page 47398886312308D54EBAB78484170428
I0419 01:24:55.025186 219487 operator.go:899] [overlay] Running JS: window.updateActuationOverlay({"capturingScreenshot":false})

2026-04-19 01:24:55.028 [error] [LS Main stderr] I0419 01:24:55.028438 219487 planner_generator.go:283] Requesting planner with 12 chat messages at model retry attempt 1 and API retry attempt 1

2026-04-19 01:24:59.399 [error] [LS Main stderr] I0419 01:24:59.399574 219487 http_helpers.go:123] URL: https://cloudcode-pa.googleapis.com/v1internal:streamGenerateContent?alt=sse Trace: 0x48bd6802a38c22d0

2026-04-19 01:25:02.462 [error] [LS Main stderr] I0419 01:25:02.461881 219487 operator.go:870] Updating actuation overlay for page 47398886312308D54EBAB78484170428
I0419 01:25:02.461914 219487 operator.go:899] [overlay] Running JS: window.updateActuationOverlay({"cascadeId":"b8ecad7a-1d17-4554-890d-5b10c0e01bbe","displayString":"Executing JavaScript...","passthroughEnabled":true})

2026-04-19 01:25:02.467 [error] [LS Main stderr] I0419 01:25:02.467112 219487 operator.go:870] Updating actuation overlay for page 47398886312308D54EBAB78484170428
I0419 01:25:02.467153 219487 operator.go:899] [overlay] Running JS: window.updateActuationOverlay({"cascadeId":"b8ecad7a-1d17-4554-890d-5b10c0e01bbe","displayString":"Executing JavaScript...","passthroughEnabled":false})

2026-04-19 01:25:02.481 [error] [LS Main stderr] I0419 01:25:02.481067 219487 operator.go:870] Updating actuation overlay for page 47398886312308D54EBAB78484170428
I0419 01:25:02.481107 219487 operator.go:899] [overlay] Running JS: window.updateActuationOverlay({"cascadeId":"b8ecad7a-1d17-4554-890d-5b10c0e01bbe","displayString":"Getting DOM...","passthroughEnabled":true})

2026-04-19 01:25:02.481 [error] [LS Main stderr] I0419 01:25:02.481564 219487 operator.go:870] Updating actuation overlay for page 47398886312308D54EBAB78484170428
I0419 01:25:02.481592 219487 operator.go:899] [overlay] Running JS: window.updateActuationOverlay({"capturingScreenshot":true})

2026-04-19 01:25:02.658 [error] [LS Main stderr] I0419 01:25:02.657963 219487 operator.go:870] Updating actuation overlay for page 47398886312308D54EBAB78484170428
I0419 01:25:02.658037 219487 operator.go:899] [overlay] Running JS: window.updateActuationOverlay({"cascadeId":"b8ecad7a-1d17-4554-890d-5b10c0e01bbe","displayString":"Getting DOM...","passthroughEnabled":false})

2026-04-19 01:25:02.754 [error] [LS Main stderr] I0419 01:25:02.754219 219487 operator.go:870] Updating actuation overlay for page 47398886312308D54EBAB78484170428
I0419 01:25:02.754256 219487 operator.go:899] [overlay] Running JS: window.updateActuationOverlay({"capturingScreenshot":false})

2026-04-19 01:25:02.758 [error] [LS Main stderr] I0419 01:25:02.758182 219487 planner_generator.go:283] Requesting planner with 14 chat messages at model retry attempt 1 and API retry attempt 1

2026-04-19 01:25:06.709 [error] [LS Main stderr] I0419 01:25:06.708788 219487 http_helpers.go:123] URL: https://cloudcode-pa.googleapis.com/v1internal:streamGenerateContent?alt=sse Trace: 0x811802dee435e7c5

2026-04-19 01:25:12.239 [error] [LS Main stderr] I0419 01:25:12.239104 219487 operator.go:870] Updating actuation overlay for page 47398886312308D54EBAB78484170428
I0419 01:25:12.239165 219487 operator.go:899] [overlay] Running JS: window.updateActuationOverlay({"cascadeId":"b8ecad7a-1d17-4554-890d-5b10c0e01bbe","displayString":"Executing JavaScript...","passthroughEnabled":true})

2026-04-19 01:25:12.254 [error] [LS Main stderr] I0419 01:25:12.253943 219487 operator.go:870] Updating actuation overlay for page 47398886312308D54EBAB78484170428
I0419 01:25:12.254002 219487 operator.go:899] [overlay] Running JS: window.updateActuationOverlay({"cascadeId":"b8ecad7a-1d17-4554-890d-5b10c0e01bbe","displayString":"Executing JavaScript...","passthroughEnabled":false})

2026-04-19 01:25:12.273 [error] [LS Main stderr] I0419 01:25:12.273751 219487 operator.go:870] Updating actuation overlay for page 47398886312308D54EBAB78484170428
I0419 01:25:12.273804 219487 operator.go:899] [overlay] Running JS: window.updateActuationOverlay({"cascadeId":"b8ecad7a-1d17-4554-890d-5b10c0e01bbe","displayString":"Getting DOM...","passthroughEnabled":true})

2026-04-19 01:25:12.274 [error] [LS Main stderr] I0419 01:25:12.274181 219487 operator.go:870] Updating actuation overlay for page 47398886312308D54EBAB78484170428
I0419 01:25:12.274209 219487 operator.go:899] [overlay] Running JS: window.updateActuationOverlay({"capturingScreenshot":true})

2026-04-19 01:25:12.444 [error] [LS Main stderr] I0419 01:25:12.444732 219487 operator.go:870] Updating actuation overlay for page 47398886312308D54EBAB78484170428
I0419 01:25:12.444768 219487 operator.go:899] [overlay] Running JS: window.updateActuationOverlay({"cascadeId":"b8ecad7a-1d17-4554-890d-5b10c0e01bbe","displayString":"Getting DOM...","passthroughEnabled":false})

2026-04-19 01:25:12.503 [error] [LS Main stderr] I0419 01:25:12.502953 219487 operator.go:870] Updating actuation overlay for page 47398886312308D54EBAB78484170428
I0419 01:25:12.502990 219487 operator.go:899] [overlay] Running JS: window.updateActuationOverlay({"capturingScreenshot":false})

2026-04-19 01:25:12.507 [error] [LS Main stderr] I0419 01:25:12.506928 219487 planner_generator.go:283] Requesting planner with 16 chat messages at model retry attempt 1 and API retry attempt 1

2026-04-19 01:25:17.572 [error] [LS Main stderr] I0419 01:25:17.572537 219487 http_helpers.go:123] URL: https://cloudcode-pa.googleapis.com/v1internal:streamGenerateContent?alt=sse Trace: 0x9a887d8fec10c63d

2026-04-19 01:25:24.667 [error] [LS Main stderr] I0419 01:25:24.666956 219487 operator.go:870] Updating actuation overlay for page 47398886312308D54EBAB78484170428
I0419 01:25:24.666990 219487 operator.go:899] [overlay] Running JS: window.updateActuationOverlay({"cascadeId":"b8ecad7a-1d17-4554-890d-5b10c0e01bbe","displayString":"Executing JavaScript...","passthroughEnabled":true})

2026-04-19 01:25:24.670 [error] [LS Main stderr] I0419 01:25:24.670170 219487 operator.go:870] Updating actuation overlay for page 47398886312308D54EBAB78484170428
I0419 01:25:24.670217 219487 operator.go:899] [overlay] Running JS: window.updateActuationOverlay({"cascadeId":"b8ecad7a-1d17-4554-890d-5b10c0e01bbe","displayString":"Executing JavaScript...","passthroughEnabled":false})

2026-04-19 01:25:24.680 [error] [LS Main stderr] I0419 01:25:24.680660 219487 operator.go:870] Updating actuation overlay for page 47398886312308D54EBAB78484170428
I0419 01:25:24.680695 219487 operator.go:899] [overlay] Running JS: window.updateActuationOverlay({"cascadeId":"b8ecad7a-1d17-4554-890d-5b10c0e01bbe","displayString":"Getting DOM...","passthroughEnabled":true})

2026-04-19 01:25:24.681 [error] [LS Main stderr] I0419 01:25:24.681056 219487 operator.go:870] Updating actuation overlay for page 47398886312308D54EBAB78484170428
I0419 01:25:24.681079 219487 operator.go:899] [overlay] Running JS: window.updateActuationOverlay({"capturingScreenshot":true})

2026-04-19 01:25:24.900 [error] [LS Main stderr] I0419 01:25:24.900664 219487 operator.go:870] Updating actuation overlay for page 47398886312308D54EBAB78484170428
I0419 01:25:24.900708 219487 operator.go:899] [overlay] Running JS: window.updateActuationOverlay({"cascadeId":"b8ecad7a-1d17-4554-890d-5b10c0e01bbe","displayString":"Getting DOM...","passthroughEnabled":false})

2026-04-19 01:25:24.933 [error] [LS Main stderr] I0419 01:25:24.933608 219487 operator.go:870] Updating actuation overlay for page 47398886312308D54EBAB78484170428
I0419 01:25:24.933652 219487 operator.go:899] [overlay] Running JS: window.updateActuationOverlay({"capturingScreenshot":false})

2026-04-19 01:25:24.939 [error] [LS Main stderr] I0419 01:25:24.938705 219487 planner_generator.go:283] Requesting planner with 18 chat messages at model retry attempt 1 and API retry attempt 1

2026-04-19 01:25:29.369 [error] [LS Main stderr] I0419 01:25:29.369134 219487 http_helpers.go:123] URL: https://cloudcode-pa.googleapis.com/v1internal:streamGenerateContent?alt=sse Trace: 0x53078d0e7ce42abb

2026-04-19 01:25:30.347 [error] [LS Main stderr] I0419 01:25:30.347708 219487 operator.go:870] Updating actuation overlay for page 47398886312308D54EBAB78484170428
I0419 01:25:30.347740 219487 operator.go:899] [overlay] Running JS: window.updateActuationOverlay({"cascadeId":"b8ecad7a-1d17-4554-890d-5b10c0e01bbe","displayString":"Executing JavaScript...","passthroughEnabled":true})

2026-04-19 01:25:30.351 [error] [LS Main stderr] I0419 01:25:30.351088 219487 operator.go:870] Updating actuation overlay for page 47398886312308D54EBAB78484170428
I0419 01:25:30.351130 219487 operator.go:899] [overlay] Running JS: window.updateActuationOverlay({"cascadeId":"b8ecad7a-1d17-4554-890d-5b10c0e01bbe","displayString":"Executing JavaScript...","passthroughEnabled":false})

2026-04-19 01:25:30.362 [error] [LS Main stderr] I0419 01:25:30.362723 219487 operator.go:870] Updating actuation overlay for page 47398886312308D54EBAB78484170428
I0419 01:25:30.362758 219487 operator.go:899] [overlay] Running JS: window.updateActuationOverlay({"cascadeId":"b8ecad7a-1d17-4554-890d-5b10c0e01bbe","displayString":"Getting DOM...","passthroughEnabled":true})

2026-04-19 01:25:30.363 [error] [LS Main stderr] I0419 01:25:30.363175 219487 operator.go:870] Updating actuation overlay for page 47398886312308D54EBAB78484170428
I0419 01:25:30.363196 219487 operator.go:899] [overlay] Running JS: window.updateActuationOverlay({"capturingScreenshot":true})

2026-04-19 01:25:30.536 [error] [LS Main stderr] I0419 01:25:30.536470 219487 operator.go:870] Updating actuation overlay for page 47398886312308D54EBAB78484170428
I0419 01:25:30.536506 219487 operator.go:899] [overlay] Running JS: window.updateActuationOverlay({"cascadeId":"b8ecad7a-1d17-4554-890d-5b10c0e01bbe","displayString":"Getting DOM...","passthroughEnabled":false})

2026-04-19 01:25:30.589 [error] [LS Main stderr] I0419 01:25:30.588940 219487 operator.go:870] Updating actuation overlay for page 47398886312308D54EBAB78484170428
I0419 01:25:30.588977 219487 operator.go:899] [overlay] Running JS: window.updateActuationOverlay({"capturingScreenshot":false})

2026-04-19 01:25:30.593 [error] [LS Main stderr] I0419 01:25:30.593392 219487 planner_generator.go:283] Requesting planner with 20 chat messages at model retry attempt 1 and API retry attempt 1

2026-04-19 01:25:34.608 [error] [LS Main stderr] I0419 01:25:34.608192 219487 http_helpers.go:123] URL: https://cloudcode-pa.googleapis.com/v1internal:streamGenerateContent?alt=sse Trace: 0xf4cfe46c03a56979

2026-04-19 01:25:36.351 [error] [LS Main stderr] I0419 01:25:36.351616 219487 operator.go:870] Updating actuation overlay for page 47398886312308D54EBAB78484170428
I0419 01:25:36.351645 219487 operator.go:899] [overlay] Running JS: window.updateActuationOverlay({"cascadeId":"b8ecad7a-1d17-4554-890d-5b10c0e01bbe","displayString":"Executing JavaScript...","passthroughEnabled":true})

2026-04-19 01:25:36.359 [error] [LS Main stderr] I0419 01:25:36.358955 219487 operator.go:870] Updating actuation overlay for page 47398886312308D54EBAB78484170428
I0419 01:25:36.358994 219487 operator.go:899] [overlay] Running JS: window.updateActuationOverlay({"cascadeId":"b8ecad7a-1d17-4554-890d-5b10c0e01bbe","displayString":"Executing JavaScript...","passthroughEnabled":false})

2026-04-19 01:25:36.368 [error] [LS Main stderr] I0419 01:25:36.368270 219487 operator.go:870] Updating actuation overlay for page 47398886312308D54EBAB78484170428
I0419 01:25:36.368330 219487 operator.go:899] [overlay] Running JS: window.updateActuationOverlay({"cascadeId":"b8ecad7a-1d17-4554-890d-5b10c0e01bbe","displayString":"Getting DOM...","passthroughEnabled":true})

2026-04-19 01:25:36.368 [error] [LS Main stderr] I0419 01:25:36.368708 219487 operator.go:870] Updating actuation overlay for page 47398886312308D54EBAB78484170428

2026-04-19 01:25:36.368 [error] [LS Main stderr] I0419 01:25:36.368732 219487 operator.go:899] [overlay] Running JS: window.updateActuationOverlay({"capturingScreenshot":true})

2026-04-19 01:25:36.534 [error] [LS Main stderr] I0419 01:25:36.534469 219487 operator.go:870] Updating actuation overlay for page 47398886312308D54EBAB78484170428
I0419 01:25:36.534505 219487 operator.go:899] [overlay] Running JS: window.updateActuationOverlay({"cascadeId":"b8ecad7a-1d17-4554-890d-5b10c0e01bbe","displayString":"Getting DOM...","passthroughEnabled":false})

2026-04-19 01:25:36.620 [error] [LS Main stderr] I0419 01:25:36.619975 219487 operator.go:870] Updating actuation overlay for page 47398886312308D54EBAB78484170428
I0419 01:25:36.620014 219487 operator.go:899] [overlay] Running JS: window.updateActuationOverlay({"capturingScreenshot":false})

2026-04-19 01:25:36.625 [error] [LS Main stderr] I0419 01:25:36.624879 219487 planner_generator.go:283] Requesting planner with 22 chat messages at model retry attempt 1 and API retry attempt 1

2026-04-19 01:25:40.877 [error] [LS Main stderr] I0419 01:25:40.877477 219487 http_helpers.go:123] URL: https://cloudcode-pa.googleapis.com/v1internal:streamGenerateContent?alt=sse Trace: 0x5e70e41f2fbadb07

2026-04-19 01:25:50.560 [error] [LS Main stderr] E0419 01:25:50.560214 219487 log.go:398] error executing cascade step: CORTEX_STEP_TYPE_CODE_ACTION: Could not successfully apply any edits. Please review the file and try smaller edits that you are more confident about.: chunk 0: cannot have nonempty target content in empty file

2026-04-19 01:25:50.561 [error] [LS Main stderr] I0419 01:25:50.560966 219487 operator.go:870] Updating actuation overlay for page 47398886312308D54EBAB78484170428
I0419 01:25:50.561000 219487 operator.go:899] [overlay] Running JS: window.updateActuationOverlay({"cascadeId":"b8ecad7a-1d17-4554-890d-5b10c0e01bbe","displayString":"Getting DOM...","passthroughEnabled":true})

2026-04-19 01:25:50.561 [error] [LS Main stderr] I0419 01:25:50.561431 219487 operator.go:870] Updating actuation overlay for page 47398886312308D54EBAB78484170428
I0419 01:25:50.561454 219487 operator.go:899] [overlay] Running JS: window.updateActuationOverlay({"capturingScreenshot":true})

2026-04-19 01:25:50.746 [error] [LS Main stderr] I0419 01:25:50.746224 219487 operator.go:870] Updating actuation overlay for page 47398886312308D54EBAB78484170428
I0419 01:25:50.746257 219487 operator.go:899] [overlay] Running JS: window.updateActuationOverlay({"cascadeId":"b8ecad7a-1d17-4554-890d-5b10c0e01bbe","displayString":"Getting DOM...","passthroughEnabled":false})

2026-04-19 01:25:50.801 [error] [LS Main stderr] I0419 01:25:50.801450 219487 operator.go:870] Updating actuation overlay for page 47398886312308D54EBAB78484170428
I0419 01:25:50.801486 219487 operator.go:899] [overlay] Running JS: window.updateActuationOverlay({"capturingScreenshot":false})

2026-04-19 01:25:50.805 [error] [LS Main stderr] I0419 01:25:50.805541 219487 planner_generator.go:283] Requesting planner with 24 chat messages at model retry attempt 1 and API retry attempt 1

2026-04-19 01:25:55.710 [error] [LS Main stderr] I0419 01:25:55.709980 219487 http_helpers.go:123] URL: https://cloudcode-pa.googleapis.com/v1internal:streamGenerateContent?alt=sse Trace: 0x38dc814992f2f8b9

2026-04-19 01:25:57.550 [error] [LS Main stderr] I0419 01:25:57.549890 219487 operator.go:870] Updating actuation overlay for page 47398886312308D54EBAB78484170428
I0419 01:25:57.549924 219487 operator.go:899] [overlay] Running JS: window.updateActuationOverlay({"cascadeId":"b8ecad7a-1d17-4554-890d-5b10c0e01bbe","displayString":"Executing JavaScript...","passthroughEnabled":true})

2026-04-19 01:25:57.559 [error] [LS Main stderr] I0419 01:25:57.558881 219487 operator.go:870] Updating actuation overlay for page 47398886312308D54EBAB78484170428
I0419 01:25:57.558922 219487 operator.go:899] [overlay] Running JS: window.updateActuationOverlay({"cascadeId":"b8ecad7a-1d17-4554-890d-5b10c0e01bbe","displayString":"Executing JavaScript...","passthroughEnabled":false})

2026-04-19 01:25:57.567 [error] [LS Main stderr] I0419 01:25:57.567722 219487 operator.go:870] Updating actuation overlay for page 47398886312308D54EBAB78484170428
I0419 01:25:57.567760 219487 operator.go:899] [overlay] Running JS: window.updateActuationOverlay({"cascadeId":"b8ecad7a-1d17-4554-890d-5b10c0e01bbe","displayString":"Getting DOM...","passthroughEnabled":true})

2026-04-19 01:25:57.568 [error] [LS Main stderr] I0419 01:25:57.568171 219487 operator.go:870] Updating actuation overlay for page 47398886312308D54EBAB78484170428
I0419 01:25:57.568194 219487 operator.go:899] [overlay] Running JS: window.updateActuationOverlay({"capturingScreenshot":true})

2026-04-19 01:25:57.739 [error] [LS Main stderr] I0419 01:25:57.739218 219487 operator.go:870] Updating actuation overlay for page 47398886312308D54EBAB78484170428
I0419 01:25:57.739254 219487 operator.go:899] [overlay] Running JS: window.updateActuationOverlay({"cascadeId":"b8ecad7a-1d17-4554-890d-5b10c0e01bbe","displayString":"Getting DOM...","passthroughEnabled":false})

2026-04-19 01:25:57.800 [error] [LS Main stderr] I0419 01:25:57.800105 219487 operator.go:870] Updating actuation overlay for page 47398886312308D54EBAB78484170428
I0419 01:25:57.800144 219487 operator.go:899] [overlay] Running JS: window.updateActuationOverlay({"capturingScreenshot":false})

2026-04-19 01:25:57.804 [error] [LS Main stderr] I0419 01:25:57.804744 219487 planner_generator.go:283] Requesting planner with 26 chat messages at model retry attempt 1 and API retry attempt 1

2026-04-19 01:26:02.228 [error] [LS Main stderr] I0419 01:26:02.228212 219487 http_helpers.go:123] URL: https://cloudcode-pa.googleapis.com/v1internal:streamGenerateContent?alt=sse Trace: 0x5961b33c320e1f8f

2026-04-19 01:26:09.599 [error] [LS Main stderr] I0419 01:26:09.598702 219487 planner_generator.go:283] Requesting planner with 152 chat messages at model retry attempt 1 and API retry attempt 1

2026-04-19 01:26:12.311 [error] [LS Main stderr] I0419 01:26:12.310895 219487 http_helpers.go:123] URL: https://cloudcode-pa.googleapis.com/v1internal:streamGenerateContent?alt=sse Trace: 0xabbd838f60e81799

2026-04-19 01:26:15.453 [error] [LS Main stderr] I0419 01:26:15.453699 219487 planner_generator.go:283] Requesting planner with 154 chat messages at model retry attempt 1 and API retry attempt 1

2026-04-19 01:26:19.251 [error] [LS Main stderr] I0419 01:26:19.251737 219487 http_helpers.go:123] URL: https://cloudcode-pa.googleapis.com/v1internal:streamGenerateContent?alt=sse Trace: 0x7f4d0fa9a7e9df06

2026-04-19 01:26:25.942 [error] [LS Main stderr] I0419 01:26:25.942683 219487 planner_generator.go:283] Requesting planner with 156 chat messages at model retry attempt 1 and API retry attempt 1

2026-04-19 01:26:30.368 [error] [LS Main stderr] I0419 01:26:30.367533 219487 http_helpers.go:123] URL: https://cloudcode-pa.googleapis.com/v1internal:streamGenerateContent?alt=sse Trace: 0x2b923bd8f10093

2026-04-19 01:27:10.080 [error] [LS Main stderr] E0419 01:27:10.079246 219487 log.go:398] failed to check terminal shell support: internal: internal error

2026-04-19 01:27:10.126 [error] [LS Main stderr] I0419 01:27:10.126072 219487 planner_generator.go:283] Requesting planner with 158 chat messages at model retry attempt 1 and API retry attempt 1

2026-04-19 01:27:14.870 [error] [LS Main stderr] I0419 01:27:14.870325 219487 http_helpers.go:123] URL: https://cloudcode-pa.googleapis.com/v1internal:streamGenerateContent?alt=sse Trace: 0x90bebef1354e163f

2026-04-19 01:27:39.012 [error] [LS Main stderr] W0419 01:27:39.012459 219487 launchmanager.go:128] Browser connection died, reconnecting.
W0419 01:27:39.012496 219487 browser_context.go:113] Failed to close cached BrowserPage 47398886312308D54EBAB78484170428: rpcc: the connection is closing: websocket: close 1006 (abnormal closure): unexpected EOF
W0419 01:27:39.012515 219487 browser_context.go:121] Failed to close CDP client: rpcc: the connection is closing: websocket: close 1006 (abnormal closure): unexpected EOF

2026-04-19 01:27:39.014 [error] [LS Main stderr] W0419 01:27:39.013973 219487 browser_context.go:128] Failed to close playwright context: playwright: target closed: Target page, context or browser has been closed

2026-04-19 01:27:40.389 [error] [LS Main stderr] W0419 01:27:40.389154 219487 browser_liveness_utils.go:67] Connecting to browser via CDP: http://127.0.0.1:9222

2026-04-19 01:27:40.470 [error] [LS Main stderr] I0419 01:27:40.469928 219487 secure_credentials.go:21] No extension worker available, skipping secure credentials setup

2026-04-19 01:27:40.478 [error] [LS Main stderr] E0419 01:27:40.478000 219487 log.go:398] failed DOM for browser ephemeral message: no browser session active
E0419 01:27:40.478116 219487 log.go:398] failed page view for browser ephemeral message: no browser session active

2026-04-19 01:27:40.479 [error] [LS Main stderr] I0419 01:27:40.478978 219487 planner_generator.go:283] Requesting planner with 2 chat messages at model retry attempt 1 and API retry attempt 1

2026-04-19 01:27:43.316 [error] [LS Main stderr] I0419 01:27:43.315889 219487 http_helpers.go:123] URL: https://cloudcode-pa.googleapis.com/v1internal:streamGenerateContent?alt=sse Trace: 0xa003a30ff9dc7e1f

2026-04-19 01:27:44.728 [error] [LS Main stderr] E0419 01:27:44.728386 219487 log.go:398] failed DOM for browser ephemeral message: no browser session active

2026-04-19 01:27:44.729 [error] [LS Main stderr] E0419 01:27:44.728930 219487 log.go:398] failed page view for browser ephemeral message: no browser session active

2026-04-19 01:27:44.730 [error] [LS Main stderr] I0419 01:27:44.729858 219487 planner_generator.go:283] Requesting planner with 4 chat messages at model retry attempt 1 and API retry attempt 1

2026-04-19 01:27:47.979 [error] [LS Main stderr] I0419 01:27:47.979148 219487 http_helpers.go:123] URL: https://cloudcode-pa.googleapis.com/v1internal:streamGenerateContent?alt=sse Trace: 0x569daaf7e43206df

2026-04-19 01:27:48.551 [error] [LS Main stderr] E0419 01:27:48.551036 219487 log.go:398] error executing cascade step: CORTEX_STEP_TYPE_CODE_ACTION: Could not successfully apply any edits. Please review the file and try smaller edits that you are more confident about.: chunk 0: cannot have nonempty target content in empty file

2026-04-19 01:27:48.552 [error] [LS Main stderr] E0419 01:27:48.551878 219487 log.go:398] failed DOM for browser ephemeral message: no browser session active
E0419 01:27:48.551933 219487 log.go:398] failed page view for browser ephemeral message: no browser session active

2026-04-19 01:27:48.552 [error] [LS Main stderr] I0419 01:27:48.552797 219487 planner_generator.go:283] Requesting planner with 6 chat messages at model retry attempt 1 and API retry attempt 1

2026-04-19 01:27:51.402 [error] [LS Main stderr] I0419 01:27:51.402317 219487 http_helpers.go:123] URL: https://cloudcode-pa.googleapis.com/v1internal:streamGenerateContent?alt=sse Trace: 0x9858ce32f538761f

2026-04-19 01:27:53.593 [error] [LS Main stderr] E0419 01:27:53.593463 219487 log.go:398] failed DOM for browser ephemeral message: no browser session active
E0419 01:27:53.593466 219487 log.go:398] failed page view for browser ephemeral message: no browser session active

2026-04-19 01:27:53.595 [error] [LS Main stderr] I0419 01:27:53.594980 219487 planner_generator.go:283] Requesting planner with 8 chat messages at model retry attempt 1 and API retry attempt 1

2026-04-19 01:27:56.165 [error] [LS Main stderr] I0419 01:27:56.165024 219487 http_helpers.go:123] URL: https://cloudcode-pa.googleapis.com/v1internal:streamGenerateContent?alt=sse Trace: 0xd36912f9e1ed1c3b

2026-04-19 01:27:56.872 [error] [LS Main stderr] I0419 01:27:56.872201 219487 operator.go:870] Updating actuation overlay for page 33CB80A1241492FD3F99FB9B10189DE5
I0419 01:27:56.872249 219487 operator.go:899] [overlay] Running JS: window.updateActuationOverlay({"cascadeId":"b8ecad7a-1d17-4554-890d-5b10c0e01bbe","displayString":"Opening URL...","passthroughEnabled":false})

2026-04-19 01:27:56.875 [error] [LS Main stderr] I0419 01:27:56.875459 219487 operator.go:902] Actuation overlay not injected yet for page 33CB80A1241492FD3F99FB9B10189DE5

2026-04-19 01:27:56.957 [error] [LS Main stderr] E0419 01:27:56.957095 219487 operator.go:910] Failed to update actuation overlay for page 33CB80A1241492FD3F99FB9B10189DE5: isolated world not initialized - executionContextID is nil
(1) attached stack trace
  -- stack trace:
  | google3/third_party/jetski/language_server/browser/browserabstractions/browserabstractions.(*BrowserPage).EvaluateInIsolatedWorld
  | 	third_party/jetski/language_server/browser/browserabstractions/browser_page.go:308
  | google3/third_party/jetski/language_server/browser/browser.(*Operator).AddActuationOverlay
  | 	third_party/jetski/language_server/browser/operator.go:908
  | google3/third_party/jetski/cortex/handlers/handlers.(*CommonBrowserHandler[...]).handleInternal
  | 	third_party/jetski/cortex/handlers/common_browser_handler.go:252
  | google3/third_party/jetski/cortex/handlers/handlers.(*CommonBrowserHandler[...]).Handle
  | 	third_party/jetski/cortex/handlers/common_browser_handler.go:131
  | google3/third_party/gemini_coder/framework/executor/executor.(*Executor).handleStep
  | 	third_party/gemini_coder/framework/executor/executor.go:192
  | google3/third_party/gemini_coder/framework/executor/executor.(*ExecutionWrapper).asyncHandleStep.func1
  | 	third_party/gemini_coder/framework/executor/execution_wrapper.go:289
  | runtime.goexit
  | 	third_party/go/gc/src/runtime/asm_amd64.s:1774
Wraps: (2) isolated world not initialized - executionContextID is nil
Error types: (1) *withstack.withStack (2) *errutil.leafError

2026-04-19 01:27:57.146 [error] [LS Main stderr] I0419 01:27:57.146724 219487 operator.go:870] Updating actuation overlay for page 33CB80A1241492FD3F99FB9B10189DE5
I0419 01:27:57.146769 219487 operator.go:899] [overlay] Running JS: window.updateActuationOverlay({"cascadeId":"b8ecad7a-1d17-4554-890d-5b10c0e01bbe","displayString":"Getting DOM...","passthroughEnabled":true})

2026-04-19 01:27:57.147 [error] [LS Main stderr] I0419 01:27:57.147191 219487 operator.go:870] Updating actuation overlay for page 33CB80A1241492FD3F99FB9B10189DE5
I0419 01:27:57.147216 219487 operator.go:899] [overlay] Running JS: window.updateActuationOverlay({"capturingScreenshot":true})

2026-04-19 01:27:57.198 [error] [LS Main stderr] I0419 01:27:57.198176 219487 operator.go:870] Updating actuation overlay for page 33CB80A1241492FD3F99FB9B10189DE5
I0419 01:27:57.198208 219487 operator.go:899] [overlay] Running JS: window.updateActuationOverlay({"cascadeId":"b8ecad7a-1d17-4554-890d-5b10c0e01bbe","displayString":"Getting DOM...","passthroughEnabled":false})

2026-04-19 01:27:57.470 [error] [LS Main stderr] I0419 01:27:57.470247 219487 operator.go:870] Updating actuation overlay for page 33CB80A1241492FD3F99FB9B10189DE5
I0419 01:27:57.470315 219487 operator.go:899] [overlay] Running JS: window.updateActuationOverlay({"capturingScreenshot":false})

2026-04-19 01:27:57.474 [error] [LS Main stderr] I0419 01:27:57.473920 219487 planner_generator.go:283] Requesting planner with 10 chat messages at model retry attempt 1 and API retry attempt 1

2026-04-19 01:28:00.939 [error] [LS Main stderr] I0419 01:28:00.938917 219487 http_helpers.go:123] URL: https://cloudcode-pa.googleapis.com/v1internal:streamGenerateContent?alt=sse Trace: 0xa3e37e24727bd4c8

2026-04-19 01:28:02.764 [error] [LS Main stderr] I0419 01:28:02.763807 219487 operator.go:870] Updating actuation overlay for page 33CB80A1241492FD3F99FB9B10189DE5
I0419 01:28:02.763840 219487 operator.go:899] [overlay] Running JS: window.updateActuationOverlay({"cascadeId":"b8ecad7a-1d17-4554-890d-5b10c0e01bbe","displayString":"Getting DOM...","passthroughEnabled":true})

2026-04-19 01:28:02.968 [error] [LS Main stderr] I0419 01:28:02.968416 219487 operator.go:870] Updating actuation overlay for page 33CB80A1241492FD3F99FB9B10189DE5
I0419 01:28:02.968455 219487 operator.go:899] [overlay] Running JS: window.updateActuationOverlay({"cascadeId":"b8ecad7a-1d17-4554-890d-5b10c0e01bbe","displayString":"Getting DOM...","passthroughEnabled":false})

2026-04-19 01:28:02.980 [error] [LS Main stderr] I0419 01:28:02.980373 219487 operator.go:870] Updating actuation overlay for page 33CB80A1241492FD3F99FB9B10189DE5
I0419 01:28:02.980410 219487 operator.go:899] [overlay] Running JS: window.updateActuationOverlay({"cascadeId":"b8ecad7a-1d17-4554-890d-5b10c0e01bbe","displayString":"Getting DOM...","passthroughEnabled":true})

2026-04-19 01:28:02.980 [error] [LS Main stderr] I0419 01:28:02.980809 219487 operator.go:870] Updating actuation overlay for page 33CB80A1241492FD3F99FB9B10189DE5
I0419 01:28:02.980831 219487 operator.go:899] [overlay] Running JS: window.updateActuationOverlay({"capturingScreenshot":true})

2026-04-19 01:28:03.149 [error] [LS Main stderr] I0419 01:28:03.148917 219487 operator.go:870] Updating actuation overlay for page 33CB80A1241492FD3F99FB9B10189DE5
I0419 01:28:03.148956 219487 operator.go:899] [overlay] Running JS: window.updateActuationOverlay({"cascadeId":"b8ecad7a-1d17-4554-890d-5b10c0e01bbe","displayString":"Getting DOM...","passthroughEnabled":false})

2026-04-19 01:28:03.209 [error] [LS Main stderr] I0419 01:28:03.208987 219487 operator.go:870] Updating actuation overlay for page 33CB80A1241492FD3F99FB9B10189DE5
I0419 01:28:03.209044 219487 operator.go:899] [overlay] Running JS: window.updateActuationOverlay({"capturingScreenshot":false})

2026-04-19 01:28:03.212 [error] [LS Main stderr] I0419 01:28:03.212571 219487 planner_generator.go:283] Requesting planner with 12 chat messages at model retry attempt 1 and API retry attempt 1

2026-04-19 01:28:07.829 [error] [LS Main stderr] I0419 01:28:07.828956 219487 http_helpers.go:123] URL: https://cloudcode-pa.googleapis.com/v1internal:streamGenerateContent?alt=sse Trace: 0x137fc186458eadae

2026-04-19 01:28:10.199 [error] [LS Main stderr] I0419 01:28:10.199093 219487 operator.go:870] Updating actuation overlay for page 33CB80A1241492FD3F99FB9B10189DE5
I0419 01:28:10.199136 219487 operator.go:899] [overlay] Running JS: window.updateActuationOverlay({"cascadeId":"b8ecad7a-1d17-4554-890d-5b10c0e01bbe","displayString":"Executing JavaScript...","passthroughEnabled":true})

2026-04-19 01:28:10.208 [error] [LS Main stderr] I0419 01:28:10.207794 219487 operator.go:870] Updating actuation overlay for page 33CB80A1241492FD3F99FB9B10189DE5
I0419 01:28:10.207878 219487 operator.go:899] [overlay] Running JS: window.updateActuationOverlay({"cascadeId":"b8ecad7a-1d17-4554-890d-5b10c0e01bbe","displayString":"Executing JavaScript...","passthroughEnabled":false})

2026-04-19 01:28:10.222 [error] [LS Main stderr] I0419 01:28:10.222173 219487 operator.go:870] Updating actuation overlay for page 33CB80A1241492FD3F99FB9B10189DE5
I0419 01:28:10.222222 219487 operator.go:899] [overlay] Running JS: window.updateActuationOverlay({"cascadeId":"b8ecad7a-1d17-4554-890d-5b10c0e01bbe","displayString":"Getting DOM...","passthroughEnabled":true})

2026-04-19 01:28:10.222 [error] [LS Main stderr] I0419 01:28:10.222727 219487 operator.go:870] Updating actuation overlay for page 33CB80A1241492FD3F99FB9B10189DE5
I0419 01:28:10.222761 219487 operator.go:899] [overlay] Running JS: window.updateActuationOverlay({"capturingScreenshot":true})

2026-04-19 01:28:10.402 [error] [LS Main stderr] I0419 01:28:10.402429 219487 operator.go:870] Updating actuation overlay for page 33CB80A1241492FD3F99FB9B10189DE5
I0419 01:28:10.402478 219487 operator.go:899] [overlay] Running JS: window.updateActuationOverlay({"cascadeId":"b8ecad7a-1d17-4554-890d-5b10c0e01bbe","displayString":"Getting DOM...","passthroughEnabled":false})

2026-04-19 01:28:10.473 [error] [LS Main stderr] I0419 01:28:10.472710 219487 operator.go:870] Updating actuation overlay for page 33CB80A1241492FD3F99FB9B10189DE5
I0419 01:28:10.472762 219487 operator.go:899] [overlay] Running JS: window.updateActuationOverlay({"capturingScreenshot":false})

2026-04-19 01:28:10.480 [error] [LS Main stderr] I0419 01:28:10.480214 219487 planner_generator.go:283] Requesting planner with 14 chat messages at model retry attempt 1 and API retry attempt 1

2026-04-19 01:28:14.724 [error] [LS Main stderr] I0419 01:28:14.724688 219487 http_helpers.go:123] URL: https://cloudcode-pa.googleapis.com/v1internal:streamGenerateContent?alt=sse Trace: 0xa8810f93da452d83

2026-04-19 01:28:20.244 [error] [LS Main stderr] I0419 01:28:20.244252 219487 planner_generator.go:198] Model output error: you may only view files in the allowlist: [/home/kausthubh/.gemini/antigravity/brain/b8ecad7a-1d17-4554-890d-5b10c0e01bbe/browser /home/kausthubh/.gemini/antigravity/prompting/browser]
E0419 01:28:20.244330 219487 log.go:398] model output error: invalid tool call error (invalid_args) you may only view files in the allowlist: [/home/kausthubh/.gemini/antigravity/brain/b8ecad7a-1d17-4554-890d-5b10c0e01bbe/browser /home/kausthubh/.gemini/antigravity/prompting/browser]

2026-04-19 01:28:20.246 [error] [LS Main stderr] I0419 01:28:20.246214 219487 planner_generator.go:283] Requesting planner with 16 chat messages at model retry attempt 2 and API retry attempt 1

2026-04-19 01:28:22.671 [error] [LS Main stderr] I0419 01:28:22.671162 219487 http_helpers.go:123] URL: https://cloudcode-pa.googleapis.com/v1internal:streamGenerateContent?alt=sse Trace: 0xc3fabdc972641091

2026-04-19 01:28:25.492 [error] [LS Main stderr] I0419 01:28:25.492105 219487 operator.go:870] Updating actuation overlay for page 33CB80A1241492FD3F99FB9B10189DE5
I0419 01:28:25.492136 219487 operator.go:899] [overlay] Running JS: window.updateActuationOverlay({"cascadeId":"b8ecad7a-1d17-4554-890d-5b10c0e01bbe","displayString":"Executing JavaScript...","passthroughEnabled":true})

2026-04-19 01:28:25.499 [error] [LS Main stderr] I0419 01:28:25.499355 219487 operator.go:870] Updating actuation overlay for page 33CB80A1241492FD3F99FB9B10189DE5
I0419 01:28:25.499395 219487 operator.go:899] [overlay] Running JS: window.updateActuationOverlay({"cascadeId":"b8ecad7a-1d17-4554-890d-5b10c0e01bbe","displayString":"Executing JavaScript...","passthroughEnabled":false})

2026-04-19 01:28:25.508 [error] [LS Main stderr] I0419 01:28:25.508283 219487 operator.go:870] Updating actuation overlay for page 33CB80A1241492FD3F99FB9B10189DE5
I0419 01:28:25.508342 219487 operator.go:899] [overlay] Running JS: window.updateActuationOverlay({"cascadeId":"b8ecad7a-1d17-4554-890d-5b10c0e01bbe","displayString":"Getting DOM...","passthroughEnabled":true})

2026-04-19 01:28:25.509 [error] [LS Main stderr] I0419 01:28:25.508849 219487 operator.go:870] Updating actuation overlay for page 33CB80A1241492FD3F99FB9B10189DE5
I0419 01:28:25.508879 219487 operator.go:899] [overlay] Running JS: window.updateActuationOverlay({"capturingScreenshot":true})

2026-04-19 01:28:25.700 [error] [LS Main stderr] I0419 01:28:25.700402 219487 operator.go:870] Updating actuation overlay for page 33CB80A1241492FD3F99FB9B10189DE5
I0419 01:28:25.700436 219487 operator.go:899] [overlay] Running JS: window.updateActuationOverlay({"cascadeId":"b8ecad7a-1d17-4554-890d-5b10c0e01bbe","displayString":"Getting DOM...","passthroughEnabled":false})

2026-04-19 01:28:25.906 [error] [LS Main stderr] I0419 01:28:25.906194 219487 operator.go:870] Updating actuation overlay for page 33CB80A1241492FD3F99FB9B10189DE5
I0419 01:28:25.906237 219487 operator.go:899] [overlay] Running JS: window.updateActuationOverlay({"capturingScreenshot":false})

2026-04-19 01:28:25.914 [error] [LS Main stderr] I0419 01:28:25.914399 219487 planner_generator.go:283] Requesting planner with 18 chat messages at model retry attempt 1 and API retry attempt 1

2026-04-19 01:28:30.279 [error] [LS Main stderr] I0419 01:28:30.278893 219487 http_helpers.go:123] URL: https://cloudcode-pa.googleapis.com/v1internal:streamGenerateContent?alt=sse Trace: 0x11cf13e6760b0d39

2026-04-19 01:28:35.064 [error] [LS Main stderr] I0419 01:28:35.064120 219487 operator.go:870] Updating actuation overlay for page 33CB80A1241492FD3F99FB9B10189DE5
I0419 01:28:35.064161 219487 operator.go:899] [overlay] Running JS: window.updateActuationOverlay({"cascadeId":"b8ecad7a-1d17-4554-890d-5b10c0e01bbe","displayString":"Executing JavaScript...","passthroughEnabled":true})

2026-04-19 01:28:35.070 [error] [LS Main stderr] I0419 01:28:35.070170 219487 operator.go:870] Updating actuation overlay for page 33CB80A1241492FD3F99FB9B10189DE5
I0419 01:28:35.070216 219487 operator.go:899] [overlay] Running JS: window.updateActuationOverlay({"cascadeId":"b8ecad7a-1d17-4554-890d-5b10c0e01bbe","displayString":"Executing JavaScript...","passthroughEnabled":false})

2026-04-19 01:28:35.083 [error] [LS Main stderr] I0419 01:28:35.083602 219487 operator.go:870] Updating actuation overlay for page 33CB80A1241492FD3F99FB9B10189DE5
I0419 01:28:35.083636 219487 operator.go:899] [overlay] Running JS: window.updateActuationOverlay({"cascadeId":"b8ecad7a-1d17-4554-890d-5b10c0e01bbe","displayString":"Getting DOM...","passthroughEnabled":true})

2026-04-19 01:28:35.084 [error] [LS Main stderr] I0419 01:28:35.084005 219487 operator.go:870] Updating actuation overlay for page 33CB80A1241492FD3F99FB9B10189DE5
I0419 01:28:35.084027 219487 operator.go:899] [overlay] Running JS: window.updateActuationOverlay({"capturingScreenshot":true})

2026-04-19 01:28:35.279 [error] [LS Main stderr] I0419 01:28:35.279003 219487 operator.go:870] Updating actuation overlay for page 33CB80A1241492FD3F99FB9B10189DE5
I0419 01:28:35.279045 219487 operator.go:899] [overlay] Running JS: window.updateActuationOverlay({"cascadeId":"b8ecad7a-1d17-4554-890d-5b10c0e01bbe","displayString":"Getting DOM...","passthroughEnabled":false})

2026-04-19 01:28:35.538 [error] [LS Main stderr] I0419 01:28:35.538687 219487 operator.go:870] Updating actuation overlay for page 33CB80A1241492FD3F99FB9B10189DE5
I0419 01:28:35.538727 219487 operator.go:899] [overlay] Running JS: window.updateActuationOverlay({"capturingScreenshot":false})

2026-04-19 01:28:35.547 [error] [LS Main stderr] I0419 01:28:35.547450 219487 planner_generator.go:283] Requesting planner with 20 chat messages at model retry attempt 1 and API retry attempt 1

2026-04-19 01:28:40.389 [error] [LS Main stderr] I0419 01:28:40.389608 219487 http_helpers.go:123] URL: https://cloudcode-pa.googleapis.com/v1internal:streamGenerateContent?alt=sse Trace: 0xd95de52d4739a235

2026-04-19 01:28:42.788 [error] [LS Main stderr] I0419 01:28:42.788191 219487 operator.go:870] Updating actuation overlay for page 33CB80A1241492FD3F99FB9B10189DE5
I0419 01:28:42.788223 219487 operator.go:899] [overlay] Running JS: window.updateActuationOverlay({"cascadeId":"b8ecad7a-1d17-4554-890d-5b10c0e01bbe","displayString":"Executing JavaScript...","passthroughEnabled":true})

2026-04-19 01:28:42.791 [error] [LS Main stderr] I0419 01:28:42.791046 219487 operator.go:870] Updating actuation overlay for page 33CB80A1241492FD3F99FB9B10189DE5
I0419 01:28:42.791073 219487 operator.go:899] [overlay] Running JS: window.updateActuationOverlay({"cascadeId":"b8ecad7a-1d17-4554-890d-5b10c0e01bbe","displayString":"Executing JavaScript...","passthroughEnabled":false})

2026-04-19 01:28:42.802 [error] [LS Main stderr] I0419 01:28:42.802520 219487 operator.go:870] Updating actuation overlay for page 33CB80A1241492FD3F99FB9B10189DE5
I0419 01:28:42.802559 219487 operator.go:899] [overlay] Running JS: window.updateActuationOverlay({"cascadeId":"b8ecad7a-1d17-4554-890d-5b10c0e01bbe","displayString":"Getting DOM...","passthroughEnabled":true})

2026-04-19 01:28:42.802 [error] [LS Main stderr] I0419 01:28:42.802910 219487 operator.go:870] Updating actuation overlay for page 33CB80A1241492FD3F99FB9B10189DE5
I0419 01:28:42.802937 219487 operator.go:899] [overlay] Running JS: window.updateActuationOverlay({"capturingScreenshot":true})

2026-04-19 01:28:42.967 [error] [LS Main stderr] I0419 01:28:42.967018 219487 operator.go:870] Updating actuation overlay for page 33CB80A1241492FD3F99FB9B10189DE5
I0419 01:28:42.967050 219487 operator.go:899] [overlay] Running JS: window.updateActuationOverlay({"cascadeId":"b8ecad7a-1d17-4554-890d-5b10c0e01bbe","displayString":"Getting DOM...","passthroughEnabled":false})

2026-04-19 01:28:43.187 [error] [LS Main stderr] I0419 01:28:43.187538 219487 operator.go:870] Updating actuation overlay for page 33CB80A1241492FD3F99FB9B10189DE5
I0419 01:28:43.187576 219487 operator.go:899] [overlay] Running JS: window.updateActuationOverlay({"capturingScreenshot":false})

2026-04-19 01:28:43.191 [error] [LS Main stderr] I0419 01:28:43.191649 219487 planner_generator.go:283] Requesting planner with 22 chat messages at model retry attempt 1 and API retry attempt 1

2026-04-19 01:28:46.900 [error] [LS Main stderr] I0419 01:28:46.900542 219487 http_helpers.go:123] URL: https://cloudcode-pa.googleapis.com/v1internal:streamGenerateContent?alt=sse Trace: 0x137dae6ac117bb57

2026-04-19 01:28:50.619 [error] [LS Main stderr] I0419 01:28:50.619698 219487 operator.go:870] Updating actuation overlay for page 33CB80A1241492FD3F99FB9B10189DE5
I0419 01:28:50.619734 219487 operator.go:899] [overlay] Running JS: window.updateActuationOverlay({"cascadeId":"b8ecad7a-1d17-4554-890d-5b10c0e01bbe","displayString":"Executing JavaScript...","passthroughEnabled":true})

2026-04-19 01:28:50.623 [error] [LS Main stderr] I0419 01:28:50.623231 219487 operator.go:870] Updating actuation overlay for page 33CB80A1241492FD3F99FB9B10189DE5
I0419 01:28:50.623276 219487 operator.go:899] [overlay] Running JS: window.updateActuationOverlay({"cascadeId":"b8ecad7a-1d17-4554-890d-5b10c0e01bbe","displayString":"Executing JavaScript...","passthroughEnabled":false})

2026-04-19 01:28:50.634 [error] [LS Main stderr] I0419 01:28:50.633898 219487 operator.go:870] Updating actuation overlay for page 33CB80A1241492FD3F99FB9B10189DE5
I0419 01:28:50.633934 219487 operator.go:899] [overlay] Running JS: window.updateActuationOverlay({"cascadeId":"b8ecad7a-1d17-4554-890d-5b10c0e01bbe","displayString":"Getting DOM...","passthroughEnabled":true})

2026-04-19 01:28:50.634 [error] [LS Main stderr] I0419 01:28:50.634318 219487 operator.go:870] Updating actuation overlay for page 33CB80A1241492FD3F99FB9B10189DE5
I0419 01:28:50.634340 219487 operator.go:899] [overlay] Running JS: window.updateActuationOverlay({"capturingScreenshot":true})

2026-04-19 01:28:50.804 [error] [LS Main stderr] I0419 01:28:50.803882 219487 operator.go:870] Updating actuation overlay for page 33CB80A1241492FD3F99FB9B10189DE5
I0419 01:28:50.803919 219487 operator.go:899] [overlay] Running JS: window.updateActuationOverlay({"cascadeId":"b8ecad7a-1d17-4554-890d-5b10c0e01bbe","displayString":"Getting DOM...","passthroughEnabled":false})

2026-04-19 01:28:51.120 [error] [LS Main stderr] I0419 01:28:51.119876 219487 operator.go:870] Updating actuation overlay for page 33CB80A1241492FD3F99FB9B10189DE5
I0419 01:28:51.119919 219487 operator.go:899] [overlay] Running JS: window.updateActuationOverlay({"capturingScreenshot":false})

2026-04-19 01:28:51.123 [error] [LS Main stderr] I0419 01:28:51.123717 219487 planner_generator.go:283] Requesting planner with 24 chat messages at model retry attempt 1 and API retry attempt 1

2026-04-19 01:28:54.918 [error] [LS Main stderr] I0419 01:28:54.918423 219487 http_helpers.go:123] URL: https://cloudcode-pa.googleapis.com/v1internal:streamGenerateContent?alt=sse Trace: 0x8fc410e20d5b1de3

2026-04-19 01:28:59.239 [error] [LS Main stderr] I0419 01:28:59.239471 219487 operator.go:870] Updating actuation overlay for page 33CB80A1241492FD3F99FB9B10189DE5
I0419 01:28:59.239507 219487 operator.go:899] [overlay] Running JS: window.updateActuationOverlay({"cascadeId":"b8ecad7a-1d17-4554-890d-5b10c0e01bbe","displayString":"Executing JavaScript...","passthroughEnabled":true})

2026-04-19 01:28:59.244 [error] [LS Main stderr] I0419 01:28:59.244668 219487 operator.go:870] Updating actuation overlay for page 33CB80A1241492FD3F99FB9B10189DE5
I0419 01:28:59.244703 219487 operator.go:899] [overlay] Running JS: window.updateActuationOverlay({"cascadeId":"b8ecad7a-1d17-4554-890d-5b10c0e01bbe","displayString":"Executing JavaScript...","passthroughEnabled":false})

2026-04-19 01:28:59.253 [error] [LS Main stderr] I0419 01:28:59.253593 219487 operator.go:870] Updating actuation overlay for page 33CB80A1241492FD3F99FB9B10189DE5
I0419 01:28:59.253635 219487 operator.go:899] [overlay] Running JS: window.updateActuationOverlay({"cascadeId":"b8ecad7a-1d17-4554-890d-5b10c0e01bbe","displayString":"Getting DOM...","passthroughEnabled":true})

2026-04-19 01:28:59.254 [error] [LS Main stderr] I0419 01:28:59.254049 219487 operator.go:870] Updating actuation overlay for page 33CB80A1241492FD3F99FB9B10189DE5
I0419 01:28:59.254080 219487 operator.go:899] [overlay] Running JS: window.updateActuationOverlay({"capturingScreenshot":true})

2026-04-19 01:28:59.428 [error] [LS Main stderr] I0419 01:28:59.427979 219487 operator.go:870] Updating actuation overlay for page 33CB80A1241492FD3F99FB9B10189DE5
I0419 01:28:59.428018 219487 operator.go:899] [overlay] Running JS: window.updateActuationOverlay({"cascadeId":"b8ecad7a-1d17-4554-890d-5b10c0e01bbe","displayString":"Getting DOM...","passthroughEnabled":false})

2026-04-19 01:28:59.620 [error] [LS Main stderr] I0419 01:28:59.620375 219487 operator.go:870] Updating actuation overlay for page 33CB80A1241492FD3F99FB9B10189DE5
I0419 01:28:59.620417 219487 operator.go:899] [overlay] Running JS: window.updateActuationOverlay({"capturingScreenshot":false})

2026-04-19 01:28:59.624 [error] [LS Main stderr] I0419 01:28:59.624225 219487 planner_generator.go:283] Requesting planner with 26 chat messages at model retry attempt 1 and API retry attempt 1

2026-04-19 01:29:04.324 [error] [LS Main stderr] I0419 01:29:04.324462 219487 http_helpers.go:123] URL: https://cloudcode-pa.googleapis.com/v1internal:streamGenerateContent?alt=sse Trace: 0x4b6e97545b868721

2026-04-19 01:29:08.196 [error] [LS Main stderr] I0419 01:29:08.196318 219487 operator.go:870] Updating actuation overlay for page 33CB80A1241492FD3F99FB9B10189DE5
I0419 01:29:08.196353 219487 operator.go:899] [overlay] Running JS: window.updateActuationOverlay({"cascadeId":"b8ecad7a-1d17-4554-890d-5b10c0e01bbe","displayString":"Executing JavaScript...","passthroughEnabled":true})

2026-04-19 01:29:08.200 [error] [LS Main stderr] I0419 01:29:08.200136 219487 operator.go:870] Updating actuation overlay for page 33CB80A1241492FD3F99FB9B10189DE5
I0419 01:29:08.200194 219487 operator.go:899] [overlay] Running JS: window.updateActuationOverlay({"cascadeId":"b8ecad7a-1d17-4554-890d-5b10c0e01bbe","displayString":"Executing JavaScript...","passthroughEnabled":false})

2026-04-19 01:29:08.207 [error] [LS Main stderr] I0419 01:29:08.207679 219487 operator.go:870] Updating actuation overlay for page 33CB80A1241492FD3F99FB9B10189DE5
I0419 01:29:08.207721 219487 operator.go:899] [overlay] Running JS: window.updateActuationOverlay({"cascadeId":"b8ecad7a-1d17-4554-890d-5b10c0e01bbe","displayString":"Getting DOM...","passthroughEnabled":true})

2026-04-19 01:29:08.212 [error] [LS Main stderr] I0419 01:29:08.211856 219487 operator.go:870] Updating actuation overlay for page 33CB80A1241492FD3F99FB9B10189DE5
I0419 01:29:08.211904 219487 operator.go:899] [overlay] Running JS: window.updateActuationOverlay({"capturingScreenshot":true})

2026-04-19 01:29:08.383 [error] [LS Main stderr] I0419 01:29:08.382754 219487 operator.go:870] Updating actuation overlay for page 33CB80A1241492FD3F99FB9B10189DE5
I0419 01:29:08.382798 219487 operator.go:899] [overlay] Running JS: window.updateActuationOverlay({"cascadeId":"b8ecad7a-1d17-4554-890d-5b10c0e01bbe","displayString":"Getting DOM...","passthroughEnabled":false})

2026-04-19 01:29:08.685 [error] [LS Main stderr] I0419 01:29:08.685059 219487 operator.go:870] Updating actuation overlay for page 33CB80A1241492FD3F99FB9B10189DE5
I0419 01:29:08.685095 219487 operator.go:899] [overlay] Running JS: window.updateActuationOverlay({"capturingScreenshot":false})

2026-04-19 01:29:08.689 [error] [LS Main stderr] I0419 01:29:08.689054 219487 planner_generator.go:283] Requesting planner with 28 chat messages at model retry attempt 1 and API retry attempt 1

2026-04-19 01:29:12.679 [error] [LS Main stderr] I0419 01:29:12.679440 219487 http_helpers.go:123] URL: https://cloudcode-pa.googleapis.com/v1internal:streamGenerateContent?alt=sse Trace: 0x5518514b09accf9f

2026-04-19 01:29:15.430 [error] [LS Main stderr] I0419 01:29:15.430523 219487 operator.go:870] Updating actuation overlay for page 33CB80A1241492FD3F99FB9B10189DE5
I0419 01:29:15.430557 219487 operator.go:899] [overlay] Running JS: window.updateActuationOverlay({"cascadeId":"b8ecad7a-1d17-4554-890d-5b10c0e01bbe","displayString":"Executing JavaScript...","passthroughEnabled":true})

2026-04-19 01:29:15.435 [error] [LS Main stderr] I0419 01:29:15.434939 219487 operator.go:870] Updating actuation overlay for page 33CB80A1241492FD3F99FB9B10189DE5
I0419 01:29:15.434982 219487 operator.go:899] [overlay] Running JS: window.updateActuationOverlay({"cascadeId":"b8ecad7a-1d17-4554-890d-5b10c0e01bbe","displayString":"Executing JavaScript...","passthroughEnabled":false})

2026-04-19 01:29:15.444 [error] [LS Main stderr] I0419 01:29:15.443948 219487 operator.go:870] Updating actuation overlay for page 33CB80A1241492FD3F99FB9B10189DE5
I0419 01:29:15.443993 219487 operator.go:899] [overlay] Running JS: window.updateActuationOverlay({"cascadeId":"b8ecad7a-1d17-4554-890d-5b10c0e01bbe","displayString":"Getting DOM...","passthroughEnabled":true})

2026-04-19 01:29:15.444 [error] [LS Main stderr] I0419 01:29:15.444437 219487 operator.go:870] Updating actuation overlay for page 33CB80A1241492FD3F99FB9B10189DE5
I0419 01:29:15.444458 219487 operator.go:899] [overlay] Running JS: window.updateActuationOverlay({"capturingScreenshot":true})

2026-04-19 01:29:15.615 [error] [LS Main stderr] I0419 01:29:15.614859 219487 operator.go:870] Updating actuation overlay for page 33CB80A1241492FD3F99FB9B10189DE5
I0419 01:29:15.614896 219487 operator.go:899] [overlay] Running JS: window.updateActuationOverlay({"cascadeId":"b8ecad7a-1d17-4554-890d-5b10c0e01bbe","displayString":"Getting DOM...","passthroughEnabled":false})

2026-04-19 01:29:15.769 [error] [LS Main stderr] I0419 01:29:15.769652 219487 operator.go:870] Updating actuation overlay for page 33CB80A1241492FD3F99FB9B10189DE5
I0419 01:29:15.769692 219487 operator.go:899] [overlay] Running JS: window.updateActuationOverlay({"capturingScreenshot":false})

2026-04-19 01:29:15.773 [error] [LS Main stderr] I0419 01:29:15.773742 219487 planner_generator.go:283] Requesting planner with 30 chat messages at model retry attempt 1 and API retry attempt 1

2026-04-19 01:29:20.269 [error] [LS Main stderr] I0419 01:29:20.268997 219487 http_helpers.go:123] URL: https://cloudcode-pa.googleapis.com/v1internal:streamGenerateContent?alt=sse Trace: 0xd33e6662a34f3138

2026-04-19 01:29:20.334 [error] [LS Main stderr] I0419 01:29:20.334389 219487 operator.go:870] Updating actuation overlay for page 33CB80A1241492FD3F99FB9B10189DE5
I0419 01:29:20.334427 219487 operator.go:899] [overlay] Running JS: window.updateActuationOverlay({"cascadeId":"b8ecad7a-1d17-4554-890d-5b10c0e01bbe","displayString":"Executing JavaScript...","passthroughEnabled":true})

2026-04-19 01:29:20.341 [error] [LS Main stderr] I0419 01:29:20.341617 219487 operator.go:870] Updating actuation overlay for page 33CB80A1241492FD3F99FB9B10189DE5
I0419 01:29:20.341654 219487 operator.go:899] [overlay] Running JS: window.updateActuationOverlay({"cascadeId":"b8ecad7a-1d17-4554-890d-5b10c0e01bbe","displayString":"Executing JavaScript...","passthroughEnabled":false})

2026-04-19 01:29:20.350 [error] [LS Main stderr] I0419 01:29:20.350667 219487 operator.go:870] Updating actuation overlay for page 33CB80A1241492FD3F99FB9B10189DE5
I0419 01:29:20.350707 219487 operator.go:899] [overlay] Running JS: window.updateActuationOverlay({"cascadeId":"b8ecad7a-1d17-4554-890d-5b10c0e01bbe","displayString":"Getting DOM...","passthroughEnabled":true})

2026-04-19 01:29:20.351 [error] [LS Main stderr] I0419 01:29:20.351130 219487 operator.go:870] Updating actuation overlay for page 33CB80A1241492FD3F99FB9B10189DE5
I0419 01:29:20.351158 219487 operator.go:899] [overlay] Running JS: window.updateActuationOverlay({"capturingScreenshot":true})

2026-04-19 01:29:20.521 [error] [LS Main stderr] I0419 01:29:20.520792 219487 operator.go:870] Updating actuation overlay for page 33CB80A1241492FD3F99FB9B10189DE5
I0419 01:29:20.520839 219487 operator.go:899] [overlay] Running JS: window.updateActuationOverlay({"cascadeId":"b8ecad7a-1d17-4554-890d-5b10c0e01bbe","displayString":"Getting DOM...","passthroughEnabled":false})

2026-04-19 01:29:20.587 [error] [LS Main stderr] I0419 01:29:20.587187 219487 operator.go:870] Updating actuation overlay for page 33CB80A1241492FD3F99FB9B10189DE5
I0419 01:29:20.587226 219487 operator.go:899] [overlay] Running JS: window.updateActuationOverlay({"capturingScreenshot":false})

2026-04-19 01:29:20.591 [error] [LS Main stderr] I0419 01:29:20.591165 219487 planner_generator.go:283] Requesting planner with 32 chat messages at model retry attempt 1 and API retry attempt 1

2026-04-19 01:29:24.768 [error] [LS Main stderr] I0419 01:29:24.767809 219487 http_helpers.go:123] URL: https://cloudcode-pa.googleapis.com/v1internal:streamGenerateContent?alt=sse Trace: 0x6e30d64770681a57

2026-04-19 01:29:28.679 [error] [LS Main stderr] E0419 01:29:28.679373 219487 log.go:398] error executing cascade step: CORTEX_STEP_TYPE_CODE_ACTION: Could not successfully apply any edits. Please review the file and try smaller edits that you are more confident about.: chunk 0: cannot have nonempty target content in empty file

2026-04-19 01:29:28.680 [error] [LS Main stderr] I0419 01:29:28.680195 219487 operator.go:870] Updating actuation overlay for page 33CB80A1241492FD3F99FB9B10189DE5
I0419 01:29:28.680226 219487 operator.go:899] [overlay] Running JS: window.updateActuationOverlay({"cascadeId":"b8ecad7a-1d17-4554-890d-5b10c0e01bbe","displayString":"Getting DOM...","passthroughEnabled":true})

2026-04-19 01:29:28.680 [error] [LS Main stderr] I0419 01:29:28.680689 219487 operator.go:870] Updating actuation overlay for page 33CB80A1241492FD3F99FB9B10189DE5
I0419 01:29:28.680715 219487 operator.go:899] [overlay] Running JS: window.updateActuationOverlay({"capturingScreenshot":true})

2026-04-19 01:29:28.857 [error] [LS Main stderr] I0419 01:29:28.857714 219487 operator.go:870] Updating actuation overlay for page 33CB80A1241492FD3F99FB9B10189DE5
I0419 01:29:28.857756 219487 operator.go:899] [overlay] Running JS: window.updateActuationOverlay({"cascadeId":"b8ecad7a-1d17-4554-890d-5b10c0e01bbe","displayString":"Getting DOM...","passthroughEnabled":false})

2026-04-19 01:29:28.923 [error] [LS Main stderr] I0419 01:29:28.923220 219487 operator.go:870] Updating actuation overlay for page 33CB80A1241492FD3F99FB9B10189DE5
I0419 01:29:28.923258 219487 operator.go:899] [overlay] Running JS: window.updateActuationOverlay({"capturingScreenshot":false})

2026-04-19 01:29:28.926 [error] [LS Main stderr] I0419 01:29:28.926334 219487 planner_generator.go:283] Requesting planner with 34 chat messages at model retry attempt 1 and API retry attempt 1

2026-04-19 01:29:32.431 [error] [LS Main stderr] I0419 01:29:32.431280 219487 http_helpers.go:123] URL: https://cloudcode-pa.googleapis.com/v1internal:streamGenerateContent?alt=sse Trace: 0xd6fea28031ecf7a8

2026-04-19 01:29:39.696 [error] [LS Main stderr] I0419 01:29:39.695878 219487 http_helpers.go:123] URL: https://cloudcode-pa.googleapis.com/v1internal:fetchAvailableModels Trace: 0xe805e758003065ff

2026-04-19 01:29:39.928 [error] [LS Main stderr] I0419 01:29:39.927965 219487 planner_generator.go:283] Requesting planner with 160 chat messages at model retry attempt 1 and API retry attempt 1

2026-04-19 01:29:39.972 [error] [LS Main stderr] I0419 01:29:39.972277 219487 http_helpers.go:123] URL: https://cloudcode-pa.googleapis.com/v1internal:loadCodeAssist Trace: 0xa808713dc96a8798

2026-04-19 01:29:44.154 [error] [LS Main stderr] I0419 01:29:44.154127 219487 http_helpers.go:123] URL: https://cloudcode-pa.googleapis.com/v1internal:streamGenerateContent?alt=sse Trace: 0x84f4fbbfaf733944

2026-04-19 01:29:53.200 [error] [LS Main stderr] I0419 01:29:53.200630 219487 planner_generator.go:283] Requesting planner with 162 chat messages at model retry attempt 1 and API retry attempt 1

2026-04-19 01:29:57.308 [error] [LS Main stderr] I0419 01:29:57.307824 219487 http_helpers.go:123] URL: https://cloudcode-pa.googleapis.com/v1internal:streamGenerateContent?alt=sse Trace: 0xe93a6ff5f2ddcd2e

2026-04-19 01:31:08.726 [error] [LS Main stderr] E0419 01:31:08.726146 219487 log.go:398] failed to check terminal shell support: internal: internal error

2026-04-19 01:31:08.779 [error] [LS Main stderr] I0419 01:31:08.778864 219487 planner_generator.go:283] Requesting planner with 164 chat messages at model retry attempt 1 and API retry attempt 1

2026-04-19 01:31:13.830 [error] [LS Main stderr] I0419 01:31:13.830592 219487 http_helpers.go:123] URL: https://cloudcode-pa.googleapis.com/v1internal:streamGenerateContent?alt=sse Trace: 0xad894025b6504bfe

2026-04-19 01:31:28.480 [error] [LS Main stderr] I0419 01:31:28.480693 219487 planner_generator.go:283] Requesting planner with 166 chat messages at model retry attempt 1 and API retry attempt 1

2026-04-19 01:31:29.983 [error] [LS Main stderr] E0419 01:31:29.982728 219487 log.go:398] agent executor error: UNAVAILABLE (code 503): No capacity available for model claude-opus-4-6-thinking on the server: UNAVAILABLE (code 503): No capacity available for model claude-opus-4-6-thinking on the server

2026-04-19 01:31:29.986 [error] [LS Main stderr] E0419 01:31:29.986423 219487 log.go:398] UNAVAILABLE (code 503): No capacity available for model claude-opus-4-6-thinking on the server: UNAVAILABLE (code 503): No capacity available for model claude-opus-4-6-thinking on the server

2026-04-19 01:31:37.007 [error] [LS Main stderr] E0419 01:31:37.007317 219487 log.go:398] failed to check terminal shell support: internal: internal error

2026-04-19 01:31:37.052 [error] [LS Main stderr] I0419 01:31:37.051902 219487 planner_generator.go:283] Requesting planner with 168 chat messages at model retry attempt 1 and API retry attempt 1

2026-04-19 01:31:39.878 [error] [LS Main stderr] I0419 01:31:39.878314 219487 http_helpers.go:123] URL: https://cloudcode-pa.googleapis.com/v1internal:streamGenerateContent?alt=sse Trace: 0x9588c1ae896df0b4

2026-04-19 01:31:55.030 [error] [LS Main stderr] I0419 01:31:55.029958 219487 planner_generator.go:283] Requesting planner with 170 chat messages at model retry attempt 1 and API retry attempt 1

2026-04-19 01:31:59.210 [error] [LS Main stderr] I0419 01:31:59.209805 219487 http_helpers.go:123] URL: https://cloudcode-pa.googleapis.com/v1internal:streamGenerateContent?alt=sse Trace: 0xeb48985308f09aa1

2026-04-19 01:32:00.163 [error] [LS Main stderr] I0419 01:32:00.163331 219487 planner_generator.go:283] Requesting planner with 172 chat messages at model retry attempt 1 and API retry attempt 1

2026-04-19 01:32:01.464 [error] [LS Main stderr] I0419 01:32:01.463923 219487 http_helpers.go:123] URL: https://cloudcode-pa.googleapis.com/v1internal:streamGenerateContent?alt=sse Trace: 0xe6fc3192c238c491

2026-04-19 01:32:01.793 [error] [LS Main stderr] I0419 01:32:01.792983 219487 http_helpers.go:123] URL: https://cloudcode-pa.googleapis.com/v1internal:streamGenerateContent?alt=sse Trace: 0x9cac8e2000f0973a

2026-04-19 01:32:02.467 [error] [LS Main stderr] I0419 01:32:02.467207 219487 http_helpers.go:123] URL: https://cloudcode-pa.googleapis.com/v1internal:streamGenerateContent?alt=sse Trace: 0x9e5d5a0be5367328

2026-04-19 01:32:03.564 [error] [LS Main stderr] I0419 01:32:03.564071 219487 http_helpers.go:123] URL: https://cloudcode-pa.googleapis.com/v1internal:streamGenerateContent?alt=sse Trace: 0x4b63c3e537b3629

2026-04-19 01:32:15.438 [error] [LS Main stderr] I0419 01:32:15.437900 219487 planner_generator.go:283] Requesting planner with 125 chat messages at model retry attempt 1 and API retry attempt 1

2026-04-19 01:32:20.131 [error] [LS Main stderr] I0419 01:32:20.131055 219487 http_helpers.go:123] URL: https://cloudcode-pa.googleapis.com/v1internal:streamGenerateContent?alt=sse Trace: 0x15eabae006b10413

2026-04-19 01:32:22.005 [error] [LS Main stderr] I0419 01:32:22.005255 219487 planner_generator.go:283] Requesting planner with 128 chat messages at model retry attempt 1 and API retry attempt 1

2026-04-19 01:32:26.571 [error] [LS Main stderr] I0419 01:32:26.571230 219487 http_helpers.go:123] URL: https://cloudcode-pa.googleapis.com/v1internal:streamGenerateContent?alt=sse Trace: 0x29a2758b2b9ded12

2026-04-19 01:33:26.569 [error] [LS Main stderr] I0419 01:33:26.568846 219487 planner_generator.go:318] Encountered retryable api error. retrying in 5s. Error (): stream reading error: unexpected EOF: stream reading error: unexpected EOF

2026-04-19 01:33:31.569 [error] [LS Main stderr] E0419 01:33:31.569371 219487 log.go:398] stream reading error: unexpected EOF: stream reading error: unexpected EOF

2026-04-19 01:33:31.590 [error] [LS Main stderr] I0419 01:33:31.590348 219487 planner_generator.go:283] Requesting planner with 129 chat messages at model retry attempt 1 and API retry attempt 2

2026-04-19 01:33:35.743 [error] [LS Main stderr] I0419 01:33:35.743631 219487 http_helpers.go:123] URL: https://cloudcode-pa.googleapis.com/v1internal:streamGenerateContent?alt=sse Trace: 0x8e3924875785d7b8

2026-04-19 01:34:23.012 [error] [LS Main stderr] I0419 01:34:23.012280 219487 planner_generator.go:283] Requesting planner with 131 chat messages at model retry attempt 1 and API retry attempt 1

2026-04-19 01:34:27.418 [error] [LS Main stderr] I0419 01:34:27.418487 219487 http_helpers.go:123] URL: https://cloudcode-pa.googleapis.com/v1internal:streamGenerateContent?alt=sse Trace: 0x7c7457406b3cdbbe

2026-04-19 01:34:32.427 [error] [LS Main stderr] E0419 01:34:32.427202 219487 log.go:398] failed DOM for browser ephemeral message: no browser session active
E0419 01:34:32.427251 219487 log.go:398] failed page view for browser ephemeral message: no browser session active

2026-04-19 01:34:32.428 [error] [LS Main stderr] I0419 01:34:32.428129 219487 planner_generator.go:283] Requesting planner with 2 chat messages at model retry attempt 1 and API retry attempt 1

2026-04-19 01:34:35.009 [error] [LS Main stderr] I0419 01:34:35.009196 219487 http_helpers.go:123] URL: https://cloudcode-pa.googleapis.com/v1internal:streamGenerateContent?alt=sse Trace: 0x59b0fa2eac4f0755

2026-04-19 01:34:35.024 [error] [LS Main stderr] E0419 01:34:35.024128 219487 log.go:398] failed DOM for browser ephemeral message: no browser session active
E0419 01:34:35.024158 219487 log.go:398] failed page view for browser ephemeral message: no browser session active

2026-04-19 01:34:35.025 [error] [LS Main stderr] I0419 01:34:35.025098 219487 planner_generator.go:283] Requesting planner with 4 chat messages at model retry attempt 1 and API retry attempt 1

2026-04-19 01:34:37.594 [error] [LS Main stderr] I0419 01:34:37.593957 219487 http_helpers.go:123] URL: https://cloudcode-pa.googleapis.com/v1internal:streamGenerateContent?alt=sse Trace: 0xb894600c672af9c7

2026-04-19 01:34:38.727 [error] [LS Main stderr] E0419 01:34:38.726830 219487 log.go:398] error executing cascade step: CORTEX_STEP_TYPE_CODE_ACTION: Could not successfully apply any edits. Please review the file and try smaller edits that you are more confident about.: chunk 0: cannot have nonempty target content in empty file

2026-04-19 01:34:38.728 [error] [LS Main stderr] E0419 01:34:38.728226 219487 log.go:398] failed DOM for browser ephemeral message: no browser session active
E0419 01:34:38.728280 219487 log.go:398] failed page view for browser ephemeral message: no browser session active

2026-04-19 01:34:38.729 [error] [LS Main stderr] I0419 01:34:38.729358 219487 planner_generator.go:283] Requesting planner with 6 chat messages at model retry attempt 1 and API retry attempt 1

2026-04-19 01:34:41.729 [error] [LS Main stderr] I0419 01:34:41.729425 219487 http_helpers.go:123] URL: https://cloudcode-pa.googleapis.com/v1internal:streamGenerateContent?alt=sse Trace: 0x8775950a88444b29

2026-04-19 01:34:43.462 [error] [LS Main stderr] I0419 01:34:43.461998 219487 operator.go:870] Updating actuation overlay for page 8B2FD2558E6ADC60061B029B1B6966D1
I0419 01:34:43.462066 219487 operator.go:899] [overlay] Running JS: window.updateActuationOverlay({"cascadeId":"b8ecad7a-1d17-4554-890d-5b10c0e01bbe","displayString":"Opening URL...","passthroughEnabled":false})

2026-04-19 01:34:43.473 [error] [LS Main stderr] I0419 01:34:43.473015 219487 operator.go:902] Actuation overlay not injected yet for page 8B2FD2558E6ADC60061B029B1B6966D1
E0419 01:34:43.473086 219487 operator.go:905] Failed to inject actuation overlay for page 8B2FD2558E6ADC60061B029B1B6966D1: isolated world not initialized - executionContextID is nil
(1) attached stack trace
  -- stack trace:
  | google3/third_party/jetski/language_server/browser/browserabstractions/browserabstractions.(*BrowserPage).EvaluateInIsolatedWorld
  | 	third_party/jetski/language_server/browser/browserabstractions/browser_page.go:308
  | google3/third_party/jetski/language_server/browser/browser.(*Operator).AddActuationOverlay
  | 	third_party/jetski/language_server/browser/operator.go:903
  | google3/third_party/jetski/cortex/handlers/handlers.(*CommonBrowserHandler[...]).handleInternal
  | 	third_party/jetski/cortex/handlers/common_browser_handler.go:252
  | google3/third_party/jetski/cortex/handlers/handlers.(*CommonBrowserHandler[...]).Handle
  | 	third_party/jetski/cortex/handlers/common_browser_handler.go:131
  | google3/third_party/gemini_coder/framework/executor/executor.(*Executor).handleStep
  | 	third_party/gemini_coder/framework/executor/executor.go:192
  | google3/third_party/gemini_coder/framework/executor/executor.(*ExecutionWrapper).asyncHandleStep.func1
  | 	third_party/gemini_coder/framework/executor/execution_wrapper.go:289
  | runtime.goexit
  | 	third_party/go/gc/src/runtime/asm_amd64.s:1774
Wraps: (2) isolated world not initialized - executionContextID is nil
Error types: (1) *withstack.withStack (2) *errutil.leafError

2026-04-19 01:34:43.493 [error] [LS Main stderr] I0419 01:34:43.493491 219487 operator.go:870] Updating actuation overlay for page 8B2FD2558E6ADC60061B029B1B6966D1
I0419 01:34:43.493531 219487 operator.go:899] [overlay] Running JS: window.updateActuationOverlay({"cascadeId":"b8ecad7a-1d17-4554-890d-5b10c0e01bbe","displayString":"Getting DOM...","passthroughEnabled":true})

2026-04-19 01:34:43.495 [error] [LS Main stderr] I0419 01:34:43.494918 219487 operator.go:870] Updating actuation overlay for page 8B2FD2558E6ADC60061B029B1B6966D1
I0419 01:34:43.494959 219487 operator.go:899] [overlay] Running JS: window.updateActuationOverlay({"capturingScreenshot":true})

2026-04-19 01:34:43.495 [error] [LS Main stderr] I0419 01:34:43.495576 219487 operator.go:902] Actuation overlay not injected yet for page 8B2FD2558E6ADC60061B029B1B6966D1

2026-04-19 01:34:43.496 [error] [LS Main stderr] I0419 01:34:43.495992 219487 operator.go:902] Actuation overlay not injected yet for page 8B2FD2558E6ADC60061B029B1B6966D1

2026-04-19 01:34:43.709 [error] [LS Main stderr] I0419 01:34:43.708989 219487 operator.go:870] Updating actuation overlay for page 8B2FD2558E6ADC60061B029B1B6966D1
I0419 01:34:43.709037 219487 operator.go:899] [overlay] Running JS: window.updateActuationOverlay({"cascadeId":"b8ecad7a-1d17-4554-890d-5b10c0e01bbe","displayString":"Getting DOM...","passthroughEnabled":false})

2026-04-19 01:34:43.734 [error] [LS Main stderr] I0419 01:34:43.734307 219487 http_helpers.go:123] URL: https://cloudcode-pa.googleapis.com/v1internal:fetchAvailableModels Trace: 0xa9745888b3cfab7e

2026-04-19 01:34:43.955 [error] [LS Main stderr] I0419 01:34:43.955612 219487 operator.go:870] Updating actuation overlay for page 8B2FD2558E6ADC60061B029B1B6966D1
I0419 01:34:43.955655 219487 operator.go:899] [overlay] Running JS: window.updateActuationOverlay({"capturingScreenshot":false})

2026-04-19 01:34:43.961 [error] [LS Main stderr] I0419 01:34:43.960852 219487 planner_generator.go:283] Requesting planner with 8 chat messages at model retry attempt 1 and API retry attempt 1

2026-04-19 01:34:44.450 [error] [LS Main stderr] I0419 01:34:44.449795 219487 http_helpers.go:123] URL: https://cloudcode-pa.googleapis.com/v1internal:loadCodeAssist Trace: 0xcb3c6dc144ac5c4b

2026-04-19 01:34:48.156 [error] [LS Main stderr] I0419 01:34:48.155856 219487 http_helpers.go:123] URL: https://cloudcode-pa.googleapis.com/v1internal:streamGenerateContent?alt=sse Trace: 0x5e0babf283c27585

2026-04-19 01:34:48.186 [error] [LS Main stderr] I0419 01:34:48.186425 219487 operator.go:870] Updating actuation overlay for page 8B2FD2558E6ADC60061B029B1B6966D1
I0419 01:34:48.186460 219487 operator.go:899] [overlay] Running JS: window.updateActuationOverlay({"cascadeId":"b8ecad7a-1d17-4554-890d-5b10c0e01bbe","displayString":"Taking screenshot...","passthroughEnabled":true})

2026-04-19 01:34:48.188 [error] [LS Main stderr] I0419 01:34:48.188638 219487 operator.go:870] Updating actuation overlay for page 8B2FD2558E6ADC60061B029B1B6966D1
I0419 01:34:48.188663 219487 operator.go:899] [overlay] Running JS: window.updateActuationOverlay({"capturingScreenshot":true})

2026-04-19 01:34:48.409 [error] [LS Main stderr] I0419 01:34:48.408828 219487 operator.go:870] Updating actuation overlay for page 8B2FD2558E6ADC60061B029B1B6966D1
I0419 01:34:48.408871 219487 operator.go:899] [overlay] Running JS: window.updateActuationOverlay({"capturingScreenshot":false})

2026-04-19 01:34:48.423 [error] [LS Main stderr] I0419 01:34:48.422764 219487 operator.go:870] Updating actuation overlay for page 8B2FD2558E6ADC60061B029B1B6966D1
I0419 01:34:48.422798 219487 operator.go:899] [overlay] Running JS: window.updateActuationOverlay({"cascadeId":"b8ecad7a-1d17-4554-890d-5b10c0e01bbe","displayString":"Taking screenshot...","passthroughEnabled":false})

2026-04-19 01:34:48.436 [error] [LS Main stderr] I0419 01:34:48.436354 219487 operator.go:870] Updating actuation overlay for page 8B2FD2558E6ADC60061B029B1B6966D1
I0419 01:34:48.436398 219487 operator.go:899] [overlay] Running JS: window.updateActuationOverlay({"cascadeId":"b8ecad7a-1d17-4554-890d-5b10c0e01bbe","displayString":"Getting DOM...","passthroughEnabled":true})

2026-04-19 01:34:48.436 [error] [LS Main stderr] I0419 01:34:48.436727 219487 operator.go:870] Updating actuation overlay for page 8B2FD2558E6ADC60061B029B1B6966D1
I0419 01:34:48.436747 219487 operator.go:899] [overlay] Running JS: window.updateActuationOverlay({"capturingScreenshot":true})

2026-04-19 01:34:48.634 [error] [LS Main stderr] I0419 01:34:48.634258 219487 operator.go:870] Updating actuation overlay for page 8B2FD2558E6ADC60061B029B1B6966D1
I0419 01:34:48.634311 219487 operator.go:899] [overlay] Running JS: window.updateActuationOverlay({"cascadeId":"b8ecad7a-1d17-4554-890d-5b10c0e01bbe","displayString":"Getting DOM...","passthroughEnabled":false})

2026-04-19 01:34:48.692 [error] [LS Main stderr] I0419 01:34:48.692525 219487 operator.go:870] Updating actuation overlay for page 8B2FD2558E6ADC60061B029B1B6966D1
I0419 01:34:48.692562 219487 operator.go:899] [overlay] Running JS: window.updateActuationOverlay({"capturingScreenshot":false})

2026-04-19 01:34:48.695 [error] [LS Main stderr] I0419 01:34:48.695622 219487 planner_generator.go:283] Requesting planner with 10 chat messages at model retry attempt 1 and API retry attempt 1

2026-04-19 01:34:53.039 [error] [LS Main stderr] I0419 01:34:53.039068 219487 http_helpers.go:123] URL: https://cloudcode-pa.googleapis.com/v1internal:streamGenerateContent?alt=sse Trace: 0x41d6f7422fa1e477

2026-04-19 01:34:55.808 [error] [LS Main stderr] I0419 01:34:55.807768 219487 planner_generator.go:198] Model output error: you may only view files in the allowlist: [/home/kausthubh/.gemini/antigravity/brain/b8ecad7a-1d17-4554-890d-5b10c0e01bbe/browser /home/kausthubh/.gemini/antigravity/prompting/browser]
E0419 01:34:55.807852 219487 log.go:398] model output error: invalid tool call error (invalid_args) you may only view files in the allowlist: [/home/kausthubh/.gemini/antigravity/brain/b8ecad7a-1d17-4554-890d-5b10c0e01bbe/browser /home/kausthubh/.gemini/antigravity/prompting/browser]

2026-04-19 01:34:55.809 [error] [LS Main stderr] I0419 01:34:55.809499 219487 planner_generator.go:283] Requesting planner with 12 chat messages at model retry attempt 2 and API retry attempt 1

2026-04-19 01:34:59.606 [error] [LS Main stderr] I0419 01:34:59.605891 219487 http_helpers.go:123] URL: https://cloudcode-pa.googleapis.com/v1internal:streamGenerateContent?alt=sse Trace: 0xe493fec91d52e83

2026-04-19 01:35:03.059 [error] [LS Main stderr] I0419 01:35:03.059504 219487 operator.go:870] Updating actuation overlay for page 8B2FD2558E6ADC60061B029B1B6966D1
I0419 01:35:03.059543 219487 operator.go:899] [overlay] Running JS: window.updateActuationOverlay({"cascadeId":"b8ecad7a-1d17-4554-890d-5b10c0e01bbe","displayString":"Clicking...","passthroughEnabled":true})

2026-04-19 01:35:03.061 [error] [LS Main stderr] I0419 01:35:03.061437 219487 operator.go:870] Updating actuation overlay for page 8B2FD2558E6ADC60061B029B1B6966D1
I0419 01:35:03.061464 219487 operator.go:899] [overlay] Running JS: window.updateActuationOverlay({"capturingScreenshot":true})

2026-04-19 01:35:03.224 [error] [LS Main stderr] I0419 01:35:03.224218 219487 operator.go:870] Updating actuation overlay for page 8B2FD2558E6ADC60061B029B1B6966D1
I0419 01:35:03.224281 219487 operator.go:899] [overlay] Running JS: window.updateActuationOverlay({"capturingScreenshot":false})

2026-04-19 01:35:04.599 [error] [LS Main stderr] I0419 01:35:04.599148 219487 operator.go:870] Updating actuation overlay for page 8B2FD2558E6ADC60061B029B1B6966D1
I0419 01:35:04.599207 219487 operator.go:899] [overlay] Running JS: window.updateActuationOverlay({"cascadeId":"b8ecad7a-1d17-4554-890d-5b10c0e01bbe","displayString":"Clicking...","passthroughEnabled":false})

2026-04-19 01:35:04.611 [error] [LS Main stderr] I0419 01:35:04.611032 219487 operator.go:870] Updating actuation overlay for page 8B2FD2558E6ADC60061B029B1B6966D1
I0419 01:35:04.611070 219487 operator.go:899] [overlay] Running JS: window.updateActuationOverlay({"cascadeId":"b8ecad7a-1d17-4554-890d-5b10c0e01bbe","displayString":"Getting DOM...","passthroughEnabled":true})

2026-04-19 01:35:04.611 [error] [LS Main stderr] I0419 01:35:04.611488 219487 operator.go:870] Updating actuation overlay for page 8B2FD2558E6ADC60061B029B1B6966D1
I0419 01:35:04.611510 219487 operator.go:899] [overlay] Running JS: window.updateActuationOverlay({"capturingScreenshot":true})

2026-04-19 01:35:04.851 [error] [LS Main stderr] I0419 01:35:04.851198 219487 operator.go:870] Updating actuation overlay for page 8B2FD2558E6ADC60061B029B1B6966D1
I0419 01:35:04.851234 219487 operator.go:899] [overlay] Running JS: window.updateActuationOverlay({"cascadeId":"b8ecad7a-1d17-4554-890d-5b10c0e01bbe","displayString":"Getting DOM...","passthroughEnabled":false})

2026-04-19 01:35:04.908 [error] [LS Main stderr] I0419 01:35:04.908621 219487 operator.go:870] Updating actuation overlay for page 8B2FD2558E6ADC60061B029B1B6966D1
I0419 01:35:04.908667 219487 operator.go:899] [overlay] Running JS: window.updateActuationOverlay({"capturingScreenshot":false})

2026-04-19 01:35:04.918 [error] [LS Main stderr] I0419 01:35:04.918122 219487 planner_generator.go:283] Requesting planner with 14 chat messages at model retry attempt 1 and API retry attempt 1

2026-04-19 01:35:09.043 [error] [LS Main stderr] I0419 01:35:09.043519 219487 http_helpers.go:123] URL: https://cloudcode-pa.googleapis.com/v1internal:streamGenerateContent?alt=sse Trace: 0xc1025707b28f99db

2026-04-19 01:35:10.826 [error] [LS Main stderr] I0419 01:35:10.825935 219487 operator.go:870] Updating actuation overlay for page 8B2FD2558E6ADC60061B029B1B6966D1
I0419 01:35:10.825967 219487 operator.go:899] [overlay] Running JS: window.updateActuationOverlay({"cascadeId":"b8ecad7a-1d17-4554-890d-5b10c0e01bbe","displayString":"Clicking...","passthroughEnabled":true})

2026-04-19 01:35:10.827 [error] [LS Main stderr] I0419 01:35:10.827686 219487 operator.go:870] Updating actuation overlay for page 8B2FD2558E6ADC60061B029B1B6966D1
I0419 01:35:10.827712 219487 operator.go:899] [overlay] Running JS: window.updateActuationOverlay({"capturingScreenshot":true})

2026-04-19 01:35:11.077 [error] [LS Main stderr] I0419 01:35:11.077038 219487 operator.go:870] Updating actuation overlay for page 8B2FD2558E6ADC60061B029B1B6966D1
I0419 01:35:11.077103 219487 operator.go:899] [overlay] Running JS: window.updateActuationOverlay({"capturingScreenshot":false})

2026-04-19 01:35:12.339 [error] [LS Main stderr] I0419 01:35:12.339518 219487 operator.go:870] Updating actuation overlay for page 8B2FD2558E6ADC60061B029B1B6966D1
I0419 01:35:12.339555 219487 operator.go:899] [overlay] Running JS: window.updateActuationOverlay({"cascadeId":"b8ecad7a-1d17-4554-890d-5b10c0e01bbe","displayString":"Clicking...","passthroughEnabled":false})

2026-04-19 01:35:12.361 [error] [LS Main stderr] I0419 01:35:12.360790 219487 operator.go:870] Updating actuation overlay for page 8B2FD2558E6ADC60061B029B1B6966D1
I0419 01:35:12.360828 219487 operator.go:899] [overlay] Running JS: window.updateActuationOverlay({"cascadeId":"b8ecad7a-1d17-4554-890d-5b10c0e01bbe","displayString":"Getting DOM...","passthroughEnabled":true})

2026-04-19 01:35:12.361 [error] [LS Main stderr] I0419 01:35:12.361232 219487 operator.go:870] Updating actuation overlay for page 8B2FD2558E6ADC60061B029B1B6966D1
I0419 01:35:12.361259 219487 operator.go:899] [overlay] Running JS: window.updateActuationOverlay({"capturingScreenshot":true})

2026-04-19 01:35:12.477 [error] [LS Main stderr] I0419 01:35:12.477241 219487 operator.go:870] Updating actuation overlay for page 8B2FD2558E6ADC60061B029B1B6966D1
I0419 01:35:12.477279 219487 operator.go:899] [overlay] Running JS: window.updateActuationOverlay({"cascadeId":"b8ecad7a-1d17-4554-890d-5b10c0e01bbe","displayString":"Getting DOM...","passthroughEnabled":false})

2026-04-19 01:35:12.610 [error] [LS Main stderr] I0419 01:35:12.609794 219487 operator.go:870] Updating actuation overlay for page 8B2FD2558E6ADC60061B029B1B6966D1
I0419 01:35:12.609828 219487 operator.go:899] [overlay] Running JS: window.updateActuationOverlay({"capturingScreenshot":false})

2026-04-19 01:35:12.619 [error] [LS Main stderr] I0419 01:35:12.619442 219487 planner_generator.go:283] Requesting planner with 16 chat messages at model retry attempt 1 and API retry attempt 1

2026-04-19 01:35:18.640 [error] [LS Main stderr] I0419 01:35:18.640563 219487 http_helpers.go:123] URL: https://cloudcode-pa.googleapis.com/v1internal:streamGenerateContent?alt=sse Trace: 0xd00ab98a891e02df

2026-04-19 01:35:25.326 [error] [LS Main stderr] I0419 01:35:25.325772 219487 operator.go:870] Updating actuation overlay for page 8B2FD2558E6ADC60061B029B1B6966D1
I0419 01:35:25.325811 219487 operator.go:899] [overlay] Running JS: window.updateActuationOverlay({"cascadeId":"b8ecad7a-1d17-4554-890d-5b10c0e01bbe","displayString":"Clicking...","passthroughEnabled":true})

2026-04-19 01:35:25.327 [error] [LS Main stderr] I0419 01:35:25.327768 219487 operator.go:870] Updating actuation overlay for page 8B2FD2558E6ADC60061B029B1B6966D1
I0419 01:35:25.327804 219487 operator.go:899] [overlay] Running JS: window.updateActuationOverlay({"capturingScreenshot":true})

2026-04-19 01:35:25.558 [error] [LS Main stderr] I0419 01:35:25.558544 219487 operator.go:870] Updating actuation overlay for page 8B2FD2558E6ADC60061B029B1B6966D1
I0419 01:35:25.558581 219487 operator.go:899] [overlay] Running JS: window.updateActuationOverlay({"capturingScreenshot":false})

2026-04-19 01:35:26.890 [error] [LS Main stderr] I0419 01:35:26.889901 219487 operator.go:870] Updating actuation overlay for page 8B2FD2558E6ADC60061B029B1B6966D1
I0419 01:35:26.889947 219487 operator.go:899] [overlay] Running JS: window.updateActuationOverlay({"cascadeId":"b8ecad7a-1d17-4554-890d-5b10c0e01bbe","displayString":"Clicking...","passthroughEnabled":false})

2026-04-19 01:35:26.895 [error] [LS Main stderr] I0419 01:35:26.895753 219487 operator.go:870] Updating actuation overlay for page 8B2FD2558E6ADC60061B029B1B6966D1
I0419 01:35:26.895786 219487 operator.go:899] [overlay] Running JS: window.updateActuationOverlay({"cascadeId":"b8ecad7a-1d17-4554-890d-5b10c0e01bbe","displayString":"Getting DOM...","passthroughEnabled":true})

2026-04-19 01:35:26.896 [error] [LS Main stderr] I0419 01:35:26.896153 219487 operator.go:870] Updating actuation overlay for page 8B2FD2558E6ADC60061B029B1B6966D1
I0419 01:35:26.896173 219487 operator.go:899] [overlay] Running JS: window.updateActuationOverlay({"capturingScreenshot":true})

2026-04-19 01:35:27.014 [error] [LS Main stderr] I0419 01:35:27.013853 219487 operator.go:870] Updating actuation overlay for page 8B2FD2558E6ADC60061B029B1B6966D1
I0419 01:35:27.013889 219487 operator.go:899] [overlay] Running JS: window.updateActuationOverlay({"cascadeId":"b8ecad7a-1d17-4554-890d-5b10c0e01bbe","displayString":"Getting DOM...","passthroughEnabled":false})

2026-04-19 01:35:27.173 [error] [LS Main stderr] I0419 01:35:27.172964 219487 operator.go:870] Updating actuation overlay for page 8B2FD2558E6ADC60061B029B1B6966D1
I0419 01:35:27.173004 219487 operator.go:899] [overlay] Running JS: window.updateActuationOverlay({"capturingScreenshot":false})

2026-04-19 01:35:27.183 [error] [LS Main stderr] I0419 01:35:27.183076 219487 planner_generator.go:283] Requesting planner with 18 chat messages at model retry attempt 1 and API retry attempt 1

2026-04-19 01:35:32.147 [error] [LS Main stderr] I0419 01:35:32.147202 219487 http_helpers.go:123] URL: https://cloudcode-pa.googleapis.com/v1internal:streamGenerateContent?alt=sse Trace: 0x4e038838fbfdd0c

2026-04-19 01:35:34.168 [error] [LS Main stderr] I0419 01:35:34.168067 219487 operator.go:870] Updating actuation overlay for page 8B2FD2558E6ADC60061B029B1B6966D1
I0419 01:35:34.168103 219487 operator.go:899] [overlay] Running JS: window.updateActuationOverlay({"cascadeId":"b8ecad7a-1d17-4554-890d-5b10c0e01bbe","displayString":"Getting DOM...","passthroughEnabled":true})

2026-04-19 01:35:34.278 [error] [LS Main stderr] I0419 01:35:34.277823 219487 operator.go:870] Updating actuation overlay for page 8B2FD2558E6ADC60061B029B1B6966D1
I0419 01:35:34.277866 219487 operator.go:899] [overlay] Running JS: window.updateActuationOverlay({"cascadeId":"b8ecad7a-1d17-4554-890d-5b10c0e01bbe","displayString":"Getting DOM...","passthroughEnabled":false})

2026-04-19 01:35:34.287 [error] [LS Main stderr] I0419 01:35:34.287396 219487 operator.go:870] Updating actuation overlay for page 8B2FD2558E6ADC60061B029B1B6966D1
I0419 01:35:34.287430 219487 operator.go:899] [overlay] Running JS: window.updateActuationOverlay({"cascadeId":"b8ecad7a-1d17-4554-890d-5b10c0e01bbe","displayString":"Getting DOM...","passthroughEnabled":true})

2026-04-19 01:35:34.287 [error] [LS Main stderr] I0419 01:35:34.287797 219487 operator.go:870] Updating actuation overlay for page 8B2FD2558E6ADC60061B029B1B6966D1
I0419 01:35:34.287814 219487 operator.go:899] [overlay] Running JS: window.updateActuationOverlay({"capturingScreenshot":true})

2026-04-19 01:35:34.392 [error] [LS Main stderr] I0419 01:35:34.392239 219487 operator.go:870] Updating actuation overlay for page 8B2FD2558E6ADC60061B029B1B6966D1
I0419 01:35:34.392272 219487 operator.go:899] [overlay] Running JS: window.updateActuationOverlay({"cascadeId":"b8ecad7a-1d17-4554-890d-5b10c0e01bbe","displayString":"Getting DOM...","passthroughEnabled":false})

2026-04-19 01:35:34.523 [error] [LS Main stderr] I0419 01:35:34.523037 219487 operator.go:870] Updating actuation overlay for page 8B2FD2558E6ADC60061B029B1B6966D1
I0419 01:35:34.523083 219487 operator.go:899] [overlay] Running JS: window.updateActuationOverlay({"capturingScreenshot":false})

2026-04-19 01:35:34.534 [error] [LS Main stderr] I0419 01:35:34.534028 219487 planner_generator.go:283] Requesting planner with 20 chat messages at model retry attempt 1 and API retry attempt 1

2026-04-19 01:35:39.219 [error] [LS Main stderr] I0419 01:35:39.219143 219487 http_helpers.go:123] URL: https://cloudcode-pa.googleapis.com/v1internal:streamGenerateContent?alt=sse Trace: 0xabfcc25848b9169b

2026-04-19 01:35:39.270 [error] [LS Main stderr] I0419 01:35:39.269868 219487 operator.go:870] Updating actuation overlay for page 8B2FD2558E6ADC60061B029B1B6966D1
I0419 01:35:39.269904 219487 operator.go:899] [overlay] Running JS: window.updateActuationOverlay({"cascadeId":"b8ecad7a-1d17-4554-890d-5b10c0e01bbe","displayString":"Clicking...","passthroughEnabled":true})

2026-04-19 01:35:39.271 [error] [LS Main stderr] I0419 01:35:39.271815 219487 operator.go:870] Updating actuation overlay for page 8B2FD2558E6ADC60061B029B1B6966D1
I0419 01:35:39.271840 219487 operator.go:899] [overlay] Running JS: window.updateActuationOverlay({"capturingScreenshot":true})

2026-04-19 01:35:39.523 [error] [LS Main stderr] I0419 01:35:39.523310 219487 operator.go:870] Updating actuation overlay for page 8B2FD2558E6ADC60061B029B1B6966D1
I0419 01:35:39.523352 219487 operator.go:899] [overlay] Running JS: window.updateActuationOverlay({"capturingScreenshot":false})

2026-04-19 01:35:40.772 [error] [LS Main stderr] I0419 01:35:40.772505 219487 operator.go:870] Updating actuation overlay for page 8B2FD2558E6ADC60061B029B1B6966D1
I0419 01:35:40.772547 219487 operator.go:899] [overlay] Running JS: window.updateActuationOverlay({"cascadeId":"b8ecad7a-1d17-4554-890d-5b10c0e01bbe","displayString":"Clicking...","passthroughEnabled":false})

2026-04-19 01:35:40.812 [error] [LS Main stderr] I0419 01:35:40.812685 219487 operator.go:870] Updating actuation overlay for page 8B2FD2558E6ADC60061B029B1B6966D1
I0419 01:35:40.812730 219487 operator.go:899] [overlay] Running JS: window.updateActuationOverlay({"cascadeId":"b8ecad7a-1d17-4554-890d-5b10c0e01bbe","displayString":"Getting DOM...","passthroughEnabled":true})

2026-04-19 01:35:40.813 [error] [LS Main stderr] I0419 01:35:40.813161 219487 operator.go:870] Updating actuation overlay for page 8B2FD2558E6ADC60061B029B1B6966D1
I0419 01:35:40.813189 219487 operator.go:899] [overlay] Running JS: window.updateActuationOverlay({"capturingScreenshot":true})

2026-04-19 01:35:41.073 [error] [LS Main stderr] I0419 01:35:41.073625 219487 operator.go:870] Updating actuation overlay for page 8B2FD2558E6ADC60061B029B1B6966D1
I0419 01:35:41.073666 219487 operator.go:899] [overlay] Running JS: window.updateActuationOverlay({"cascadeId":"b8ecad7a-1d17-4554-890d-5b10c0e01bbe","displayString":"Getting DOM...","passthroughEnabled":false})

2026-04-19 01:35:41.168 [error] [LS Main stderr] I0419 01:35:41.168470 219487 operator.go:870] Updating actuation overlay for page 8B2FD2558E6ADC60061B029B1B6966D1
I0419 01:35:41.168514 219487 operator.go:899] [overlay] Running JS: window.updateActuationOverlay({"capturingScreenshot":false})

2026-04-19 01:35:41.180 [error] [LS Main stderr] I0419 01:35:41.180151 219487 planner_generator.go:283] Requesting planner with 22 chat messages at model retry attempt 1 and API retry attempt 1

2026-04-19 01:35:48.567 [error] [LS Main stderr] I0419 01:35:48.567486 219487 http_helpers.go:123] URL: https://cloudcode-pa.googleapis.com/v1internal:streamGenerateContent?alt=sse Trace: 0xa088f9ea36379df7

2026-04-19 01:35:54.204 [error] [LS Main stderr] I0419 01:35:54.203749 219487 planner_generator.go:283] Requesting planner with 133 chat messages at model retry attempt 1 and API retry attempt 1

2026-04-19 01:35:57.681 [error] [LS Main stderr] I0419 01:35:57.680956 219487 http_helpers.go:123] URL: https://cloudcode-pa.googleapis.com/v1internal:streamGenerateContent?alt=sse Trace: 0x42d5f55e19fffe51

2026-04-19 01:35:58.514 [error] [LS Main stderr] I0419 01:35:58.514376 219487 planner_generator.go:283] Requesting planner with 135 chat messages at model retry attempt 1 and API retry attempt 1

2026-04-19 01:36:05.341 [error] [LS Main stderr] I0419 01:36:05.341573 219487 http_helpers.go:123] URL: https://cloudcode-pa.googleapis.com/v1internal:streamGenerateContent?alt=sse Trace: 0x52a44db55b44284d

2026-04-19 01:36:06.798 [error] [LS Main stderr] I0419 01:36:06.798312 219487 planner_generator.go:283] Requesting planner with 137 chat messages at model retry attempt 1 and API retry attempt 1

2026-04-19 01:36:12.168 [error] [LS Main stderr] I0419 01:36:12.168124 219487 http_helpers.go:123] URL: https://cloudcode-pa.googleapis.com/v1internal:streamGenerateContent?alt=sse Trace: 0x88a8ff28a2bab1e8

2026-04-19 01:36:17.082 [error] [LS Main stderr] E0419 01:36:17.081668 219487 log.go:398] failed DOM for browser ephemeral message: no browser session active
E0419 01:36:17.081792 219487 log.go:398] failed page view for browser ephemeral message: no browser session active

2026-04-19 01:36:17.083 [error] [LS Main stderr] I0419 01:36:17.082844 219487 planner_generator.go:283] Requesting planner with 2 chat messages at model retry attempt 1 and API retry attempt 1

2026-04-19 01:36:18.477 [error] [LS Main stderr] E0419 01:36:18.477524 219487 log.go:398] failed to remove actuation overlay: no matching page found for CDP page ID 

2026-04-19 01:36:19.912 [error] [LS Main stderr] E0419 01:36:19.911104 219487 log.go:398] failed to check terminal shell support: internal: internal error

2026-04-19 01:36:19.954 [error] [LS Main stderr] I0419 01:36:19.953795 219487 planner_generator.go:283] Requesting planner with 141 chat messages at model retry attempt 1 and API retry attempt 1

2026-04-19 01:36:24.361 [error] [LS Main stderr] I0419 01:36:24.361132 219487 http_helpers.go:123] URL: https://cloudcode-pa.googleapis.com/v1internal:streamGenerateContent?alt=sse Trace: 0xf5ab602099ec8269

2026-04-19 01:36:46.201 [error] [LS Main stderr] E0419 01:36:46.201578 219487 log.go:398] failed DOM for browser ephemeral message: no browser session active
E0419 01:36:46.201578 219487 log.go:398] failed page view for browser ephemeral message: no browser session active

2026-04-19 01:36:46.202 [error] [LS Main stderr] I0419 01:36:46.202574 219487 planner_generator.go:283] Requesting planner with 2 chat messages at model retry attempt 1 and API retry attempt 1

2026-04-19 01:36:49.286 [error] [LS Main stderr] I0419 01:36:49.286389 219487 http_helpers.go:123] URL: https://cloudcode-pa.googleapis.com/v1internal:streamGenerateContent?alt=sse Trace: 0x60a2a3a7c8d5ecd

2026-04-19 01:36:50.957 [error] [LS Main stderr] E0419 01:36:50.957722 219487 log.go:398] failed DOM for browser ephemeral message: no browser session active
E0419 01:36:50.957757 219487 log.go:398] failed page view for browser ephemeral message: no browser session active

2026-04-19 01:36:50.958 [error] [LS Main stderr] I0419 01:36:50.958629 219487 planner_generator.go:283] Requesting planner with 4 chat messages at model retry attempt 1 and API retry attempt 1

2026-04-19 01:36:53.340 [error] [LS Main stderr] I0419 01:36:53.340504 219487 http_helpers.go:123] URL: https://cloudcode-pa.googleapis.com/v1internal:streamGenerateContent?alt=sse Trace: 0xd791d20ebdaf87a1

2026-04-19 01:36:55.021 [error] [LS Main stderr] I0419 01:36:55.021137 219487 operator.go:870] Updating actuation overlay for page 

2026-04-19 01:36:55.025 [error] [LS Main stderr] E0419 01:36:55.025263 219487 log.go:398] failed DOM for browser ephemeral message: no browser session active

2026-04-19 01:36:55.025 [error] [LS Main stderr] E0419 01:36:55.025388 219487 log.go:398] failed page view for browser ephemeral message: no browser session active

2026-04-19 01:36:55.026 [error] [LS Main stderr] I0419 01:36:55.026543 219487 planner_generator.go:283] Requesting planner with 7 chat messages at model retry attempt 1 and API retry attempt 1

2026-04-19 01:36:57.430 [error] [LS Main stderr] I0419 01:36:57.430039 219487 http_helpers.go:123] URL: https://cloudcode-pa.googleapis.com/v1internal:streamGenerateContent?alt=sse Trace: 0x7d9886747fdf779a

2026-04-19 01:36:57.450 [error] [LS Main stderr] I0419 01:36:57.449904 219487 operator.go:870] Updating actuation overlay for page 8B2FD2558E6ADC60061B029B1B6966D1
I0419 01:36:57.449943 219487 operator.go:899] [overlay] Running JS: window.updateActuationOverlay({"cascadeId":"b8ecad7a-1d17-4554-890d-5b10c0e01bbe","displayString":"Getting DOM...","passthroughEnabled":true})

2026-04-19 01:36:57.450 [error] [LS Main stderr] I0419 01:36:57.450770 219487 operator.go:902] Actuation overlay not injected yet for page 8B2FD2558E6ADC60061B029B1B6966D1

2026-04-19 01:36:57.742 [error] [LS Main stderr] I0419 01:36:57.742018 219487 operator.go:870] Updating actuation overlay for page 8B2FD2558E6ADC60061B029B1B6966D1
I0419 01:36:57.742056 219487 operator.go:899] [overlay] Running JS: window.updateActuationOverlay({"cascadeId":"b8ecad7a-1d17-4554-890d-5b10c0e01bbe","displayString":"Getting DOM...","passthroughEnabled":false})

2026-04-19 01:36:57.759 [error] [LS Main stderr] I0419 01:36:57.759375 219487 operator.go:870] Updating actuation overlay for page 8B2FD2558E6ADC60061B029B1B6966D1
I0419 01:36:57.759413 219487 operator.go:899] [overlay] Running JS: window.updateActuationOverlay({"cascadeId":"b8ecad7a-1d17-4554-890d-5b10c0e01bbe","displayString":"Getting DOM...","passthroughEnabled":true})

2026-04-19 01:36:57.759 [error] [LS Main stderr] I0419 01:36:57.759811 219487 operator.go:870] Updating actuation overlay for page 8B2FD2558E6ADC60061B029B1B6966D1
I0419 01:36:57.759837 219487 operator.go:899] [overlay] Running JS: window.updateActuationOverlay({"capturingScreenshot":true})

2026-04-19 01:36:57.996 [error] [LS Main stderr] I0419 01:36:57.995977 219487 operator.go:870] Updating actuation overlay for page 8B2FD2558E6ADC60061B029B1B6966D1
I0419 01:36:57.996011 219487 operator.go:899] [overlay] Running JS: window.updateActuationOverlay({"cascadeId":"b8ecad7a-1d17-4554-890d-5b10c0e01bbe","displayString":"Getting DOM...","passthroughEnabled":false})

2026-04-19 01:36:58.066 [error] [LS Main stderr] I0419 01:36:58.066565 219487 operator.go:870] Updating actuation overlay for page 8B2FD2558E6ADC60061B029B1B6966D1
I0419 01:36:58.066602 219487 operator.go:899] [overlay] Running JS: window.updateActuationOverlay({"capturingScreenshot":false})

2026-04-19 01:36:58.078 [error] [LS Main stderr] I0419 01:36:58.078283 219487 planner_generator.go:283] Requesting planner with 9 chat messages at model retry attempt 1 and API retry attempt 1

2026-04-19 01:37:01.832 [error] [LS Main stderr] I0419 01:37:01.832244 219487 http_helpers.go:123] URL: https://cloudcode-pa.googleapis.com/v1internal:streamGenerateContent?alt=sse Trace: 0xe0febf3e3e62bdb9

2026-04-19 01:37:03.160 [error] [LS Main stderr] I0419 01:37:03.160329 219487 planner_generator.go:198] Model output error: you may only view files in the allowlist: [/home/kausthubh/.gemini/antigravity/brain/b8ecad7a-1d17-4554-890d-5b10c0e01bbe/browser /home/kausthubh/.gemini/antigravity/prompting/browser]
E0419 01:37:03.160383 219487 log.go:398] model output error: invalid tool call error (invalid_args) you may only view files in the allowlist: [/home/kausthubh/.gemini/antigravity/brain/b8ecad7a-1d17-4554-890d-5b10c0e01bbe/browser /home/kausthubh/.gemini/antigravity/prompting/browser]

2026-04-19 01:37:03.161 [error] [LS Main stderr] I0419 01:37:03.161655 219487 planner_generator.go:283] Requesting planner with 11 chat messages at model retry attempt 2 and API retry attempt 1

2026-04-19 01:37:06.207 [error] [LS Main stderr] I0419 01:37:06.206799 219487 http_helpers.go:123] URL: https://cloudcode-pa.googleapis.com/v1internal:streamGenerateContent?alt=sse Trace: 0x840eec1c16c7df76

2026-04-19 01:37:06.936 [error] [LS Main stderr] I0419 01:37:06.936348 219487 operator.go:870] Updating actuation overlay for page 8B2FD2558E6ADC60061B029B1B6966D1
I0419 01:37:06.936385 219487 operator.go:899] [overlay] Running JS: window.updateActuationOverlay({"cascadeId":"b8ecad7a-1d17-4554-890d-5b10c0e01bbe","displayString":"Taking screenshot...","passthroughEnabled":true})

2026-04-19 01:37:06.938 [error] [LS Main stderr] I0419 01:37:06.938243 219487 operator.go:870] Updating actuation overlay for page 8B2FD2558E6ADC60061B029B1B6966D1
I0419 01:37:06.938273 219487 operator.go:899] [overlay] Running JS: window.updateActuationOverlay({"capturingScreenshot":true})

2026-04-19 01:37:07.270 [error] [LS Main stderr] I0419 01:37:07.269805 219487 operator.go:870] Updating actuation overlay for page 8B2FD2558E6ADC60061B029B1B6966D1
I0419 01:37:07.269842 219487 operator.go:899] [overlay] Running JS: window.updateActuationOverlay({"capturingScreenshot":false})

2026-04-19 01:37:07.287 [error] [LS Main stderr] I0419 01:37:07.287640 219487 operator.go:870] Updating actuation overlay for page 8B2FD2558E6ADC60061B029B1B6966D1
I0419 01:37:07.287672 219487 operator.go:899] [overlay] Running JS: window.updateActuationOverlay({"cascadeId":"b8ecad7a-1d17-4554-890d-5b10c0e01bbe","displayString":"Taking screenshot...","passthroughEnabled":false})

2026-04-19 01:37:07.300 [error] [LS Main stderr] I0419 01:37:07.299740 219487 operator.go:870] Updating actuation overlay for page 8B2FD2558E6ADC60061B029B1B6966D1
I0419 01:37:07.299785 219487 operator.go:899] [overlay] Running JS: window.updateActuationOverlay({"cascadeId":"b8ecad7a-1d17-4554-890d-5b10c0e01bbe","displayString":"Getting DOM...","passthroughEnabled":true})

2026-04-19 01:37:07.301 [error] [LS Main stderr] I0419 01:37:07.301310 219487 operator.go:870] Updating actuation overlay for page 8B2FD2558E6ADC60061B029B1B6966D1
I0419 01:37:07.301341 219487 operator.go:899] [overlay] Running JS: window.updateActuationOverlay({"capturingScreenshot":true})

2026-04-19 01:37:07.537 [error] [LS Main stderr] I0419 01:37:07.537658 219487 operator.go:870] Updating actuation overlay for page 8B2FD2558E6ADC60061B029B1B6966D1
I0419 01:37:07.537707 219487 operator.go:899] [overlay] Running JS: window.updateActuationOverlay({"cascadeId":"b8ecad7a-1d17-4554-890d-5b10c0e01bbe","displayString":"Getting DOM...","passthroughEnabled":false})

2026-04-19 01:37:07.838 [error] [LS Main stderr] I0419 01:37:07.838690 219487 operator.go:870] Updating actuation overlay for page 8B2FD2558E6ADC60061B029B1B6966D1
I0419 01:37:07.838726 219487 operator.go:899] [overlay] Running JS: window.updateActuationOverlay({"capturingScreenshot":false})

2026-04-19 01:37:07.850 [error] [LS Main stderr] I0419 01:37:07.850387 219487 planner_generator.go:283] Requesting planner with 13 chat messages at model retry attempt 1 and API retry attempt 1

2026-04-19 01:37:13.678 [error] [LS Main stderr] I0419 01:37:13.677798 219487 http_helpers.go:123] URL: https://cloudcode-pa.googleapis.com/v1internal:streamGenerateContent?alt=sse Trace: 0xa8ed4281a160f5de

2026-04-19 01:37:23.521 [error] [LS Main stderr] I0419 01:37:23.521266 219487 operator.go:870] Updating actuation overlay for page 8B2FD2558E6ADC60061B029B1B6966D1
I0419 01:37:23.521319 219487 operator.go:899] [overlay] Running JS: window.updateActuationOverlay({"cascadeId":"b8ecad7a-1d17-4554-890d-5b10c0e01bbe","displayString":"Executing JavaScript...","passthroughEnabled":true})

2026-04-19 01:37:23.524 [error] [LS Main stderr] I0419 01:37:23.524559 219487 operator.go:870] Updating actuation overlay for page 8B2FD2558E6ADC60061B029B1B6966D1
I0419 01:37:23.524593 219487 operator.go:899] [overlay] Running JS: window.updateActuationOverlay({"cascadeId":"b8ecad7a-1d17-4554-890d-5b10c0e01bbe","displayString":"Executing JavaScript...","passthroughEnabled":false})

2026-04-19 01:37:23.553 [error] [LS Main stderr] I0419 01:37:23.553481 219487 operator.go:870] Updating actuation overlay for page 8B2FD2558E6ADC60061B029B1B6966D1
I0419 01:37:23.553519 219487 operator.go:899] [overlay] Running JS: window.updateActuationOverlay({"cascadeId":"b8ecad7a-1d17-4554-890d-5b10c0e01bbe","displayString":"Getting DOM...","passthroughEnabled":true})

2026-04-19 01:37:23.554 [error] [LS Main stderr] I0419 01:37:23.553970 219487 operator.go:870] Updating actuation overlay for page 8B2FD2558E6ADC60061B029B1B6966D1
I0419 01:37:23.553994 219487 operator.go:899] [overlay] Running JS: window.updateActuationOverlay({"capturingScreenshot":true})

2026-04-19 01:37:23.802 [error] [LS Main stderr] I0419 01:37:23.801804 219487 operator.go:870] Updating actuation overlay for page 8B2FD2558E6ADC60061B029B1B6966D1
I0419 01:37:23.801852 219487 operator.go:899] [overlay] Running JS: window.updateActuationOverlay({"cascadeId":"b8ecad7a-1d17-4554-890d-5b10c0e01bbe","displayString":"Getting DOM...","passthroughEnabled":false})

2026-04-19 01:37:23.985 [error] [LS Main stderr] I0419 01:37:23.984755 219487 operator.go:870] Updating actuation overlay for page 8B2FD2558E6ADC60061B029B1B6966D1
I0419 01:37:23.984799 219487 operator.go:899] [overlay] Running JS: window.updateActuationOverlay({"capturingScreenshot":false})

2026-04-19 01:37:23.996 [error] [LS Main stderr] I0419 01:37:23.996418 219487 planner_generator.go:283] Requesting planner with 15 chat messages at model retry attempt 1 and API retry attempt 1

2026-04-19 01:37:29.493 [error] [LS Main stderr] I0419 01:37:29.493469 219487 http_helpers.go:123] URL: https://cloudcode-pa.googleapis.com/v1internal:streamGenerateContent?alt=sse Trace: 0x58b30d7c15bd9d2d

2026-04-19 01:37:31.604 [error] [LS Main stderr] I0419 01:37:31.604602 219487 operator.go:870] Updating actuation overlay for page 8B2FD2558E6ADC60061B029B1B6966D1
I0419 01:37:31.604634 219487 operator.go:899] [overlay] Running JS: window.updateActuationOverlay({"cascadeId":"b8ecad7a-1d17-4554-890d-5b10c0e01bbe","displayString":"Clicking...","passthroughEnabled":true})

2026-04-19 01:37:31.606 [error] [LS Main stderr] I0419 01:37:31.606779 219487 operator.go:870] Updating actuation overlay for page 8B2FD2558E6ADC60061B029B1B6966D1
I0419 01:37:31.606814 219487 operator.go:899] [overlay] Running JS: window.updateActuationOverlay({"capturingScreenshot":true})

2026-04-19 01:37:31.919 [error] [LS Main stderr] I0419 01:37:31.918777 219487 operator.go:870] Updating actuation overlay for page 8B2FD2558E6ADC60061B029B1B6966D1
I0419 01:37:31.918822 219487 operator.go:899] [overlay] Running JS: window.updateActuationOverlay({"capturingScreenshot":false})

2026-04-19 01:37:33.346 [error] [LS Main stderr] I0419 01:37:33.345732 219487 operator.go:870] Updating actuation overlay for page 8B2FD2558E6ADC60061B029B1B6966D1
I0419 01:37:33.345778 219487 operator.go:899] [overlay] Running JS: window.updateActuationOverlay({"cascadeId":"b8ecad7a-1d17-4554-890d-5b10c0e01bbe","displayString":"Clicking...","passthroughEnabled":false})

2026-04-19 01:37:33.367 [error] [LS Main stderr] I0419 01:37:33.367638 219487 operator.go:870] Updating actuation overlay for page 8B2FD2558E6ADC60061B029B1B6966D1
I0419 01:37:33.367683 219487 operator.go:899] [overlay] Running JS: window.updateActuationOverlay({"cascadeId":"b8ecad7a-1d17-4554-890d-5b10c0e01bbe","displayString":"Getting DOM...","passthroughEnabled":true})

2026-04-19 01:37:33.368 [error] [LS Main stderr] I0419 01:37:33.368163 219487 operator.go:870] Updating actuation overlay for page 8B2FD2558E6ADC60061B029B1B6966D1
I0419 01:37:33.368193 219487 operator.go:899] [overlay] Running JS: window.updateActuationOverlay({"capturingScreenshot":true})

2026-04-19 01:37:33.479 [error] [LS Main stderr] I0419 01:37:33.479238 219487 operator.go:870] Updating actuation overlay for page 8B2FD2558E6ADC60061B029B1B6966D1
I0419 01:37:33.479273 219487 operator.go:899] [overlay] Running JS: window.updateActuationOverlay({"cascadeId":"b8ecad7a-1d17-4554-890d-5b10c0e01bbe","displayString":"Getting DOM...","passthroughEnabled":false})

2026-04-19 01:37:33.914 [error] [LS Main stderr] I0419 01:37:33.914331 219487 operator.go:870] Updating actuation overlay for page 8B2FD2558E6ADC60061B029B1B6966D1
I0419 01:37:33.914371 219487 operator.go:899] [overlay] Running JS: window.updateActuationOverlay({"capturingScreenshot":false})

2026-04-19 01:37:33.928 [error] [LS Main stderr] I0419 01:37:33.928364 219487 planner_generator.go:283] Requesting planner with 17 chat messages at model retry attempt 1 and API retry attempt 1

2026-04-19 01:37:39.613 [error] [LS Main stderr] I0419 01:37:39.612976 219487 http_helpers.go:123] URL: https://cloudcode-pa.googleapis.com/v1internal:streamGenerateContent?alt=sse Trace: 0xcf0d692f7bd1c02f

2026-04-19 01:37:43.238 [error] [LS Main stderr] I0419 01:37:43.238378 219487 operator.go:870] Updating actuation overlay for page 8B2FD2558E6ADC60061B029B1B6966D1
I0419 01:37:43.238418 219487 operator.go:899] [overlay] Running JS: window.updateActuationOverlay({"cascadeId":"b8ecad7a-1d17-4554-890d-5b10c0e01bbe","displayString":"Getting DOM...","passthroughEnabled":true})

2026-04-19 01:37:43.239 [error] [LS Main stderr] I0419 01:37:43.238855 219487 operator.go:870] Updating actuation overlay for page 8B2FD2558E6ADC60061B029B1B6966D1
I0419 01:37:43.238888 219487 operator.go:899] [overlay] Running JS: window.updateActuationOverlay({"capturingScreenshot":true})

2026-04-19 01:37:43.349 [error] [LS Main stderr] I0419 01:37:43.349386 219487 operator.go:870] Updating actuation overlay for page 8B2FD2558E6ADC60061B029B1B6966D1
I0419 01:37:43.349422 219487 operator.go:899] [overlay] Running JS: window.updateActuationOverlay({"cascadeId":"b8ecad7a-1d17-4554-890d-5b10c0e01bbe","displayString":"Getting DOM...","passthroughEnabled":false})

2026-04-19 01:37:43.549 [error] [LS Main stderr] I0419 01:37:43.549469 219487 operator.go:870] Updating actuation overlay for page 8B2FD2558E6ADC60061B029B1B6966D1
I0419 01:37:43.549509 219487 operator.go:899] [overlay] Running JS: window.updateActuationOverlay({"capturingScreenshot":false})

2026-04-19 01:37:43.561 [error] [LS Main stderr] I0419 01:37:43.561583 219487 planner_generator.go:283] Requesting planner with 19 chat messages at model retry attempt 1 and API retry attempt 1

2026-04-19 01:37:48.483 [error] [LS Main stderr] I0419 01:37:48.483168 219487 http_helpers.go:123] URL: https://cloudcode-pa.googleapis.com/v1internal:streamGenerateContent?alt=sse Trace: 0x713eac3e962490af

2026-04-19 01:37:48.503 [error] [LS Main stderr] I0419 01:37:48.503024 219487 operator.go:870] Updating actuation overlay for page 8B2FD2558E6ADC60061B029B1B6966D1
I0419 01:37:48.503059 219487 operator.go:899] [overlay] Running JS: window.updateActuationOverlay({"cascadeId":"b8ecad7a-1d17-4554-890d-5b10c0e01bbe","displayString":"Clicking...","passthroughEnabled":true})

2026-04-19 01:37:48.504 [error] [LS Main stderr] I0419 01:37:48.504804 219487 operator.go:870] Updating actuation overlay for page 8B2FD2558E6ADC60061B029B1B6966D1
I0419 01:37:48.504832 219487 operator.go:899] [overlay] Running JS: window.updateActuationOverlay({"capturingScreenshot":true})

2026-04-19 01:37:48.930 [error] [LS Main stderr] I0419 01:37:48.930038 219487 operator.go:870] Updating actuation overlay for page 8B2FD2558E6ADC60061B029B1B6966D1
I0419 01:37:48.930077 219487 operator.go:899] [overlay] Running JS: window.updateActuationOverlay({"capturingScreenshot":false})

2026-04-19 01:37:50.177 [error] [LS Main stderr] I0419 01:37:50.177246 219487 operator.go:870] Updating actuation overlay for page 8B2FD2558E6ADC60061B029B1B6966D1
I0419 01:37:50.177307 219487 operator.go:899] [overlay] Running JS: window.updateActuationOverlay({"cascadeId":"b8ecad7a-1d17-4554-890d-5b10c0e01bbe","displayString":"Clicking...","passthroughEnabled":false})

2026-04-19 01:37:50.215 [error] [LS Main stderr] I0419 01:37:50.215239 219487 operator.go:870] Updating actuation overlay for page 8B2FD2558E6ADC60061B029B1B6966D1
I0419 01:37:50.215278 219487 operator.go:899] [overlay] Running JS: window.updateActuationOverlay({"cascadeId":"b8ecad7a-1d17-4554-890d-5b10c0e01bbe","displayString":"Getting DOM...","passthroughEnabled":true})

2026-04-19 01:37:50.215 [error] [LS Main stderr] I0419 01:37:50.215845 219487 operator.go:870] Updating actuation overlay for page 8B2FD2558E6ADC60061B029B1B6966D1
I0419 01:37:50.215880 219487 operator.go:899] [overlay] Running JS: window.updateActuationOverlay({"capturingScreenshot":true})

2026-04-19 01:37:50.469 [error] [LS Main stderr] I0419 01:37:50.469328 219487 operator.go:870] Updating actuation overlay for page 8B2FD2558E6ADC60061B029B1B6966D1
I0419 01:37:50.469371 219487 operator.go:899] [overlay] Running JS: window.updateActuationOverlay({"cascadeId":"b8ecad7a-1d17-4554-890d-5b10c0e01bbe","displayString":"Getting DOM...","passthroughEnabled":false})

2026-04-19 01:37:50.637 [error] [LS Main stderr] I0419 01:37:50.636889 219487 operator.go:870] Updating actuation overlay for page 8B2FD2558E6ADC60061B029B1B6966D1
I0419 01:37:50.636929 219487 operator.go:899] [overlay] Running JS: window.updateActuationOverlay({"capturingScreenshot":false})

2026-04-19 01:37:50.652 [error] [LS Main stderr] I0419 01:37:50.652018 219487 planner_generator.go:283] Requesting planner with 21 chat messages at model retry attempt 1 and API retry attempt 1

2026-04-19 01:37:55.975 [error] [LS Main stderr] I0419 01:37:55.975423 219487 http_helpers.go:123] URL: https://cloudcode-pa.googleapis.com/v1internal:streamGenerateContent?alt=sse Trace: 0x201e5da0d5850830

2026-04-19 01:37:56.452 [error] [LS Main stderr] I0419 01:37:56.452179 219487 operator.go:870] Updating actuation overlay for page 8B2FD2558E6ADC60061B029B1B6966D1
I0419 01:37:56.452216 219487 operator.go:899] [overlay] Running JS: window.updateActuationOverlay({"cascadeId":"b8ecad7a-1d17-4554-890d-5b10c0e01bbe","displayString":"Getting console logs...","passthroughEnabled":true})

2026-04-19 01:37:56.465 [error] [LS Main stderr] I0419 01:37:56.465172 219487 operator.go:870] Updating actuation overlay for page 8B2FD2558E6ADC60061B029B1B6966D1
I0419 01:37:56.465232 219487 operator.go:899] [overlay] Running JS: window.updateActuationOverlay({"cascadeId":"b8ecad7a-1d17-4554-890d-5b10c0e01bbe","displayString":"Getting console logs...","passthroughEnabled":false})

2026-04-19 01:37:56.473 [error] [LS Main stderr] I0419 01:37:56.473637 219487 operator.go:870] Updating actuation overlay for page 8B2FD2558E6ADC60061B029B1B6966D1
I0419 01:37:56.473674 219487 operator.go:899] [overlay] Running JS: window.updateActuationOverlay({"cascadeId":"b8ecad7a-1d17-4554-890d-5b10c0e01bbe","displayString":"Getting DOM...","passthroughEnabled":true})

2026-04-19 01:37:56.474 [error] [LS Main stderr] I0419 01:37:56.474059 219487 operator.go:870] Updating actuation overlay for page 8B2FD2558E6ADC60061B029B1B6966D1
I0419 01:37:56.474085 219487 operator.go:899] [overlay] Running JS: window.updateActuationOverlay({"capturingScreenshot":true})

2026-04-19 01:37:56.713 [error] [LS Main stderr] I0419 01:37:56.713220 219487 operator.go:870] Updating actuation overlay for page 8B2FD2558E6ADC60061B029B1B6966D1
I0419 01:37:56.713259 219487 operator.go:899] [overlay] Running JS: window.updateActuationOverlay({"cascadeId":"b8ecad7a-1d17-4554-890d-5b10c0e01bbe","displayString":"Getting DOM...","passthroughEnabled":false})

2026-04-19 01:37:56.886 [error] [LS Main stderr] I0419 01:37:56.885762 219487 operator.go:870] Updating actuation overlay for page 8B2FD2558E6ADC60061B029B1B6966D1
I0419 01:37:56.885822 219487 operator.go:899] [overlay] Running JS: window.updateActuationOverlay({"capturingScreenshot":false})

2026-04-19 01:37:56.897 [error] [LS Main stderr] I0419 01:37:56.897528 219487 planner_generator.go:283] Requesting planner with 23 chat messages at model retry attempt 1 and API retry attempt 1

2026-04-19 01:38:02.206 [error] [LS Main stderr] I0419 01:38:02.205784 219487 http_helpers.go:123] URL: https://cloudcode-pa.googleapis.com/v1internal:streamGenerateContent?alt=sse Trace: 0xe86f1bb554959629

2026-04-19 01:38:10.835 [error] [LS Main stderr] I0419 01:38:10.834847 219487 operator.go:870] Updating actuation overlay for page 8B2FD2558E6ADC60061B029B1B6966D1
I0419 01:38:10.834881 219487 operator.go:899] [overlay] Running JS: window.updateActuationOverlay({"cascadeId":"b8ecad7a-1d17-4554-890d-5b10c0e01bbe","displayString":"Getting DOM...","passthroughEnabled":true})

2026-04-19 01:38:11.092 [error] [LS Main stderr] I0419 01:38:11.092043 219487 operator.go:870] Updating actuation overlay for page 8B2FD2558E6ADC60061B029B1B6966D1
I0419 01:38:11.092085 219487 operator.go:899] [overlay] Running JS: window.updateActuationOverlay({"cascadeId":"b8ecad7a-1d17-4554-890d-5b10c0e01bbe","displayString":"Getting DOM...","passthroughEnabled":false})

2026-04-19 01:38:11.102 [error] [LS Main stderr] I0419 01:38:11.102347 219487 operator.go:870] Updating actuation overlay for page 8B2FD2558E6ADC60061B029B1B6966D1
I0419 01:38:11.102381 219487 operator.go:899] [overlay] Running JS: window.updateActuationOverlay({"cascadeId":"b8ecad7a-1d17-4554-890d-5b10c0e01bbe","displayString":"Getting DOM...","passthroughEnabled":true})

2026-04-19 01:38:11.102 [error] [LS Main stderr] I0419 01:38:11.102757 219487 operator.go:870] Updating actuation overlay for page 8B2FD2558E6ADC60061B029B1B6966D1
I0419 01:38:11.102787 219487 operator.go:899] [overlay] Running JS: window.updateActuationOverlay({"capturingScreenshot":true})

2026-04-19 01:38:11.333 [error] [LS Main stderr] I0419 01:38:11.333452 219487 operator.go:870] Updating actuation overlay for page 8B2FD2558E6ADC60061B029B1B6966D1
I0419 01:38:11.333489 219487 operator.go:899] [overlay] Running JS: window.updateActuationOverlay({"cascadeId":"b8ecad7a-1d17-4554-890d-5b10c0e01bbe","displayString":"Getting DOM...","passthroughEnabled":false})

2026-04-19 01:38:11.617 [error] [LS Main stderr] I0419 01:38:11.617081 219487 operator.go:870] Updating actuation overlay for page 8B2FD2558E6ADC60061B029B1B6966D1
I0419 01:38:11.617122 219487 operator.go:899] [overlay] Running JS: window.updateActuationOverlay({"capturingScreenshot":false})

2026-04-19 01:38:11.634 [error] [LS Main stderr] I0419 01:38:11.634310 219487 planner_generator.go:283] Requesting planner with 25 chat messages at model retry attempt 1 and API retry attempt 1

2026-04-19 01:38:18.526 [error] [LS Main stderr] I0419 01:38:18.526746 219487 http_helpers.go:123] URL: https://cloudcode-pa.googleapis.com/v1internal:streamGenerateContent?alt=sse Trace: 0x4a4becb433966db2

2026-04-19 01:38:25.277 [error] [LS Main stderr] I0419 01:38:25.277709 219487 operator.go:870] Updating actuation overlay for page 8B2FD2558E6ADC60061B029B1B6966D1
I0419 01:38:25.277755 219487 operator.go:899] [overlay] Running JS: window.updateActuationOverlay({"cascadeId":"b8ecad7a-1d17-4554-890d-5b10c0e01bbe","displayString":"Executing JavaScript...","passthroughEnabled":true})

2026-04-19 01:38:25.280 [error] [LS Main stderr] I0419 01:38:25.280701 219487 operator.go:870] Updating actuation overlay for page 8B2FD2558E6ADC60061B029B1B6966D1
I0419 01:38:25.280730 219487 operator.go:899] [overlay] Running JS: window.updateActuationOverlay({"cascadeId":"b8ecad7a-1d17-4554-890d-5b10c0e01bbe","displayString":"Executing JavaScript...","passthroughEnabled":false})

2026-04-19 01:38:25.299 [error] [LS Main stderr] I0419 01:38:25.299216 219487 operator.go:870] Updating actuation overlay for page 8B2FD2558E6ADC60061B029B1B6966D1
I0419 01:38:25.299257 219487 operator.go:899] [overlay] Running JS: window.updateActuationOverlay({"cascadeId":"b8ecad7a-1d17-4554-890d-5b10c0e01bbe","displayString":"Getting DOM...","passthroughEnabled":true})

2026-04-19 01:38:25.299 [error] [LS Main stderr] I0419 01:38:25.299612 219487 operator.go:870] Updating actuation overlay for page 8B2FD2558E6ADC60061B029B1B6966D1
I0419 01:38:25.299632 219487 operator.go:899] [overlay] Running JS: window.updateActuationOverlay({"capturingScreenshot":true})

2026-04-19 01:38:25.554 [error] [LS Main stderr] I0419 01:38:25.554269 219487 operator.go:870] Updating actuation overlay for page 8B2FD2558E6ADC60061B029B1B6966D1
I0419 01:38:25.554328 219487 operator.go:899] [overlay] Running JS: window.updateActuationOverlay({"cascadeId":"b8ecad7a-1d17-4554-890d-5b10c0e01bbe","displayString":"Getting DOM...","passthroughEnabled":false})

2026-04-19 01:38:25.644 [error] [LS Main stderr] I0419 01:38:25.643935 219487 operator.go:870] Updating actuation overlay for page 8B2FD2558E6ADC60061B029B1B6966D1
I0419 01:38:25.643971 219487 operator.go:899] [overlay] Running JS: window.updateActuationOverlay({"capturingScreenshot":false})

2026-04-19 01:38:25.658 [error] [LS Main stderr] I0419 01:38:25.658384 219487 planner_generator.go:283] Requesting planner with 27 chat messages at model retry attempt 1 and API retry attempt 1

2026-04-19 01:38:31.782 [error] [LS Main stderr] I0419 01:38:31.782060 219487 http_helpers.go:123] URL: https://cloudcode-pa.googleapis.com/v1internal:streamGenerateContent?alt=sse Trace: 0x5ff70dd29e843cec

2026-04-19 01:38:41.692 [error] [LS Main stderr] I0419 01:38:41.692727 219487 operator.go:870] Updating actuation overlay for page 8B2FD2558E6ADC60061B029B1B6966D1
I0419 01:38:41.692761 219487 operator.go:899] [overlay] Running JS: window.updateActuationOverlay({"cascadeId":"b8ecad7a-1d17-4554-890d-5b10c0e01bbe","displayString":"Executing JavaScript...","passthroughEnabled":true})

2026-04-19 01:38:41.696 [error] [LS Main stderr] I0419 01:38:41.696146 219487 operator.go:870] Updating actuation overlay for page 8B2FD2558E6ADC60061B029B1B6966D1
I0419 01:38:41.696189 219487 operator.go:899] [overlay] Running JS: window.updateActuationOverlay({"cascadeId":"b8ecad7a-1d17-4554-890d-5b10c0e01bbe","displayString":"Executing JavaScript...","passthroughEnabled":false})

2026-04-19 01:38:41.719 [error] [LS Main stderr] I0419 01:38:41.719032 219487 operator.go:870] Updating actuation overlay for page 8B2FD2558E6ADC60061B029B1B6966D1
I0419 01:38:41.719086 219487 operator.go:899] [overlay] Running JS: window.updateActuationOverlay({"cascadeId":"b8ecad7a-1d17-4554-890d-5b10c0e01bbe","displayString":"Getting DOM...","passthroughEnabled":true})

2026-04-19 01:38:41.719 [error] [LS Main stderr] I0419 01:38:41.719541 219487 operator.go:870] Updating actuation overlay for page 8B2FD2558E6ADC60061B029B1B6966D1
I0419 01:38:41.719573 219487 operator.go:899] [overlay] Running JS: window.updateActuationOverlay({"capturingScreenshot":true})

2026-04-19 01:38:41.994 [error] [LS Main stderr] I0419 01:38:41.993852 219487 operator.go:870] Updating actuation overlay for page 8B2FD2558E6ADC60061B029B1B6966D1
I0419 01:38:41.993891 219487 operator.go:899] [overlay] Running JS: window.updateActuationOverlay({"cascadeId":"b8ecad7a-1d17-4554-890d-5b10c0e01bbe","displayString":"Getting DOM...","passthroughEnabled":false})

2026-04-19 01:38:42.077 [error] [LS Main stderr] I0419 01:38:42.076951 219487 operator.go:870] Updating actuation overlay for page 8B2FD2558E6ADC60061B029B1B6966D1
I0419 01:38:42.076991 219487 operator.go:899] [overlay] Running JS: window.updateActuationOverlay({"capturingScreenshot":false})

2026-04-19 01:38:42.091 [error] [LS Main stderr] I0419 01:38:42.091648 219487 planner_generator.go:283] Requesting planner with 29 chat messages at model retry attempt 1 and API retry attempt 1

2026-04-19 01:38:48.291 [error] [LS Main stderr] I0419 01:38:48.290808 219487 http_helpers.go:123] URL: https://cloudcode-pa.googleapis.com/v1internal:streamGenerateContent?alt=sse Trace: 0xe15b0dcb703c187d

2026-04-19 01:38:50.069 [error] [LS Main stderr] I0419 01:38:50.068715 219487 operator.go:870] Updating actuation overlay for page 8B2FD2558E6ADC60061B029B1B6966D1
I0419 01:38:50.068757 219487 operator.go:899] [overlay] Running JS: window.updateActuationOverlay({"cascadeId":"b8ecad7a-1d17-4554-890d-5b10c0e01bbe","displayString":"Taking screenshot...","passthroughEnabled":true})

2026-04-19 01:38:50.072 [error] [LS Main stderr] I0419 01:38:50.072526 219487 operator.go:870] Updating actuation overlay for page 8B2FD2558E6ADC60061B029B1B6966D1
I0419 01:38:50.072564 219487 operator.go:899] [overlay] Running JS: window.updateActuationOverlay({"capturingScreenshot":true})

2026-04-19 01:38:50.316 [error] [LS Main stderr] I0419 01:38:50.316403 219487 operator.go:870] Updating actuation overlay for page 8B2FD2558E6ADC60061B029B1B6966D1
I0419 01:38:50.316448 219487 operator.go:899] [overlay] Running JS: window.updateActuationOverlay({"capturingScreenshot":false})

2026-04-19 01:38:50.332 [error] [LS Main stderr] I0419 01:38:50.331907 219487 operator.go:870] Updating actuation overlay for page 8B2FD2558E6ADC60061B029B1B6966D1
I0419 01:38:50.331947 219487 operator.go:899] [overlay] Running JS: window.updateActuationOverlay({"cascadeId":"b8ecad7a-1d17-4554-890d-5b10c0e01bbe","displayString":"Taking screenshot...","passthroughEnabled":false})

2026-04-19 01:38:50.345 [error] [LS Main stderr] I0419 01:38:50.345643 219487 operator.go:870] Updating actuation overlay for page 8B2FD2558E6ADC60061B029B1B6966D1
I0419 01:38:50.345678 219487 operator.go:899] [overlay] Running JS: window.updateActuationOverlay({"cascadeId":"b8ecad7a-1d17-4554-890d-5b10c0e01bbe","displayString":"Getting DOM...","passthroughEnabled":true})

2026-04-19 01:38:50.346 [error] [LS Main stderr] I0419 01:38:50.346050 219487 operator.go:870] Updating actuation overlay for page 8B2FD2558E6ADC60061B029B1B6966D1
I0419 01:38:50.346067 219487 operator.go:899] [overlay] Running JS: window.updateActuationOverlay({"capturingScreenshot":true})

2026-04-19 01:38:50.603 [error] [LS Main stderr] I0419 01:38:50.602905 219487 operator.go:870] Updating actuation overlay for page 8B2FD2558E6ADC60061B029B1B6966D1
I0419 01:38:50.602950 219487 operator.go:899] [overlay] Running JS: window.updateActuationOverlay({"cascadeId":"b8ecad7a-1d17-4554-890d-5b10c0e01bbe","displayString":"Getting DOM...","passthroughEnabled":false})

2026-04-19 01:38:50.692 [error] [LS Main stderr] I0419 01:38:50.692494 219487 operator.go:870] Updating actuation overlay for page 8B2FD2558E6ADC60061B029B1B6966D1
I0419 01:38:50.692545 219487 operator.go:899] [overlay] Running JS: window.updateActuationOverlay({"capturingScreenshot":false})

2026-04-19 01:38:50.707 [error] [LS Main stderr] I0419 01:38:50.707025 219487 planner_generator.go:283] Requesting planner with 31 chat messages at model retry attempt 1 and API retry attempt 1

2026-04-19 01:38:57.999 [error] [LS Main stderr] I0419 01:38:57.998820 219487 http_helpers.go:123] URL: https://cloudcode-pa.googleapis.com/v1internal:streamGenerateContent?alt=sse Trace: 0xdeb0446b83e34fc4

2026-04-19 01:39:05.200 [error] [LS Main stderr] I0419 01:39:05.200027 219487 operator.go:870] Updating actuation overlay for page 8B2FD2558E6ADC60061B029B1B6966D1
I0419 01:39:05.200058 219487 operator.go:899] [overlay] Running JS: window.updateActuationOverlay({"cascadeId":"b8ecad7a-1d17-4554-890d-5b10c0e01bbe","displayString":"Executing JavaScript...","passthroughEnabled":true})

2026-04-19 01:39:05.210 [error] [LS Main stderr] I0419 01:39:05.210033 219487 operator.go:870] Updating actuation overlay for page 8B2FD2558E6ADC60061B029B1B6966D1
I0419 01:39:05.210081 219487 operator.go:899] [overlay] Running JS: window.updateActuationOverlay({"cascadeId":"b8ecad7a-1d17-4554-890d-5b10c0e01bbe","displayString":"Executing JavaScript...","passthroughEnabled":false})

2026-04-19 01:39:05.229 [error] [LS Main stderr] I0419 01:39:05.229429 219487 operator.go:870] Updating actuation overlay for page 8B2FD2558E6ADC60061B029B1B6966D1
I0419 01:39:05.229474 219487 operator.go:899] [overlay] Running JS: window.updateActuationOverlay({"cascadeId":"b8ecad7a-1d17-4554-890d-5b10c0e01bbe","displayString":"Getting DOM...","passthroughEnabled":true})

2026-04-19 01:39:05.229 [error] [LS Main stderr] I0419 01:39:05.229837 219487 operator.go:870] Updating actuation overlay for page 8B2FD2558E6ADC60061B029B1B6966D1
I0419 01:39:05.229864 219487 operator.go:899] [overlay] Running JS: window.updateActuationOverlay({"capturingScreenshot":true})

2026-04-19 01:39:05.502 [error] [LS Main stderr] I0419 01:39:05.501782 219487 operator.go:870] Updating actuation overlay for page 8B2FD2558E6ADC60061B029B1B6966D1
I0419 01:39:05.501817 219487 operator.go:899] [overlay] Running JS: window.updateActuationOverlay({"cascadeId":"b8ecad7a-1d17-4554-890d-5b10c0e01bbe","displayString":"Getting DOM...","passthroughEnabled":false})

2026-04-19 01:39:05.577 [error] [LS Main stderr] I0419 01:39:05.577209 219487 operator.go:870] Updating actuation overlay for page 8B2FD2558E6ADC60061B029B1B6966D1
I0419 01:39:05.577248 219487 operator.go:899] [overlay] Running JS: window.updateActuationOverlay({"capturingScreenshot":false})

2026-04-19 01:39:05.588 [error] [LS Main stderr] I0419 01:39:05.588231 219487 planner_generator.go:283] Requesting planner with 33 chat messages at model retry attempt 1 and API retry attempt 1

2026-04-19 01:39:14.747 [error] [LS Main stderr] I0419 01:39:14.747629 219487 http_helpers.go:123] URL: https://cloudcode-pa.googleapis.com/v1internal:streamGenerateContent?alt=sse Trace: 0x234605251850a988

2026-04-19 01:39:18.217 [error] [LS Main stderr] I0419 01:39:18.217357 219487 operator.go:870] Updating actuation overlay for page 8B2FD2558E6ADC60061B029B1B6966D1
I0419 01:39:18.217405 219487 operator.go:899] [overlay] Running JS: window.updateActuationOverlay({"cascadeId":"b8ecad7a-1d17-4554-890d-5b10c0e01bbe","displayString":"Getting DOM...","passthroughEnabled":true})

2026-04-19 01:39:18.217 [error] [LS Main stderr] I0419 01:39:18.217840 219487 operator.go:870] Updating actuation overlay for page 8B2FD2558E6ADC60061B029B1B6966D1
I0419 01:39:18.217865 219487 operator.go:899] [overlay] Running JS: window.updateActuationOverlay({"capturingScreenshot":true})

2026-04-19 01:39:18.456 [error] [LS Main stderr] I0419 01:39:18.456365 219487 operator.go:870] Updating actuation overlay for page 8B2FD2558E6ADC60061B029B1B6966D1
I0419 01:39:18.456404 219487 operator.go:899] [overlay] Running JS: window.updateActuationOverlay({"cascadeId":"b8ecad7a-1d17-4554-890d-5b10c0e01bbe","displayString":"Getting DOM...","passthroughEnabled":false})

2026-04-19 01:39:18.530 [error] [LS Main stderr] I0419 01:39:18.530661 219487 operator.go:870] Updating actuation overlay for page 8B2FD2558E6ADC60061B029B1B6966D1
I0419 01:39:18.530698 219487 operator.go:899] [overlay] Running JS: window.updateActuationOverlay({"capturingScreenshot":false})

2026-04-19 01:39:18.544 [error] [LS Main stderr] I0419 01:39:18.544149 219487 planner_generator.go:283] Requesting planner with 35 chat messages at model retry attempt 1 and API retry attempt 1

2026-04-19 01:39:26.131 [error] [LS Main stderr] I0419 01:39:26.131612 219487 http_helpers.go:123] URL: https://cloudcode-pa.googleapis.com/v1internal:streamGenerateContent?alt=sse Trace: 0x6caea9dbbdc2c2ea

2026-04-19 01:39:29.295 [error] [LS Main stderr] I0419 01:39:29.295318 219487 planner_generator.go:283] Requesting planner with 142 chat messages at model retry attempt 1 and API retry attempt 1

2026-04-19 01:39:34.334 [error] [LS Main stderr] I0419 01:39:34.334098 219487 http_helpers.go:123] URL: https://cloudcode-pa.googleapis.com/v1internal:streamGenerateContent?alt=sse Trace: 0xf332c2478715d92f

2026-04-19 01:39:35.614 [error] [LS Main stderr] I0419 01:39:35.613779 219487 planner_generator.go:283] Requesting planner with 144 chat messages at model retry attempt 1 and API retry attempt 1

2026-04-19 01:39:41.258 [error] [LS Main stderr] I0419 01:39:41.258733 219487 http_helpers.go:123] URL: https://cloudcode-pa.googleapis.com/v1internal:streamGenerateContent?alt=sse Trace: 0x6db6cef2a4b27d54

2026-04-19 01:39:44.540 [error] [LS Main stderr] I0419 01:39:44.539760 219487 planner_generator.go:283] Requesting planner with 146 chat messages at model retry attempt 1 and API retry attempt 1

2026-04-19 01:39:45.203 [error] [LS Main stderr] I0419 01:39:45.202943 219487 http_helpers.go:123] URL: https://cloudcode-pa.googleapis.com/v1internal:fetchAvailableModels Trace: 0xfe565ab7cde22dc9

2026-04-19 01:39:46.002 [error] [LS Main stderr] I0419 01:39:46.002483 219487 http_helpers.go:123] URL: https://cloudcode-pa.googleapis.com/v1internal:loadCodeAssist Trace: 0x938ccd731deaf624

2026-04-19 01:39:49.410 [error] [LS Main stderr] I0419 01:39:49.410189 219487 http_helpers.go:123] URL: https://cloudcode-pa.googleapis.com/v1internal:streamGenerateContent?alt=sse Trace: 0x94732f1cab0e21c8

2026-04-19 01:39:57.080 [error] [LS Main stderr] I0419 01:39:57.079854 219487 planner_generator.go:283] Requesting planner with 148 chat messages at model retry attempt 1 and API retry attempt 1

2026-04-19 01:40:02.260 [error] [LS Main stderr] I0419 01:40:02.260022 219487 http_helpers.go:123] URL: https://cloudcode-pa.googleapis.com/v1internal:streamGenerateContent?alt=sse Trace: 0xd07901b351e736df

2026-04-19 01:40:04.924 [error] [LS Main stderr] I0419 01:40:04.923861 219487 planner_generator.go:283] Requesting planner with 150 chat messages at model retry attempt 1 and API retry attempt 1

2026-04-19 01:40:08.649 [error] [LS Main stderr] I0419 01:40:08.649135 219487 http_helpers.go:123] URL: https://cloudcode-pa.googleapis.com/v1internal:streamGenerateContent?alt=sse Trace: 0x8663db25ee67a29f

2026-04-19 01:40:11.596 [error] [LS Main stderr] I0419 01:40:11.596204 219487 planner_generator.go:283] Requesting planner with 152 chat messages at model retry attempt 1 and API retry attempt 1

2026-04-19 01:40:15.068 [error] [LS Main stderr] I0419 01:40:15.067877 219487 http_helpers.go:123] URL: https://cloudcode-pa.googleapis.com/v1internal:streamGenerateContent?alt=sse Trace: 0xd1189360db1ac5f1

2026-04-19 01:41:08.745 [error] [LS Main stderr] I0419 01:41:08.745567 219487 planner_generator.go:283] Requesting planner with 154 chat messages at model retry attempt 1 and API retry attempt 1

2026-04-19 01:41:12.168 [error] [LS Main stderr] I0419 01:41:12.168003 219487 http_helpers.go:123] URL: https://cloudcode-pa.googleapis.com/v1internal:streamGenerateContent?alt=sse Trace: 0x8c5fc6fab535b0cb

2026-04-19 01:41:15.017 [error] [LS Main stderr] I0419 01:41:15.016986 219487 planner_generator.go:283] Requesting planner with 156 chat messages at model retry attempt 1 and API retry attempt 1

2026-04-19 01:41:19.676 [error] [LS Main stderr] I0419 01:41:19.675923 219487 http_helpers.go:123] URL: https://cloudcode-pa.googleapis.com/v1internal:streamGenerateContent?alt=sse Trace: 0x6ca3d96f3e576b71

2026-04-19 01:41:24.502 [error] [LS Main stderr] I0419 01:41:24.502157 219487 planner_generator.go:283] Requesting planner with 158 chat messages at model retry attempt 1 and API retry attempt 1

2026-04-19 01:41:27.868 [error] [LS Main stderr] I0419 01:41:27.867988 219487 http_helpers.go:123] URL: https://cloudcode-pa.googleapis.com/v1internal:streamGenerateContent?alt=sse Trace: 0x729443d89fcf8e27

2026-04-19 01:41:34.695 [error] [LS Main stderr] E0419 01:41:34.695623 219487 log.go:398] failed page view for browser ephemeral message: no browser session active
E0419 01:41:34.695627 219487 log.go:398] failed DOM for browser ephemeral message: no browser session active

2026-04-19 01:41:34.696 [error] [LS Main stderr] I0419 01:41:34.696546 219487 planner_generator.go:283] Requesting planner with 2 chat messages at model retry attempt 1 and API retry attempt 1

2026-04-19 01:41:37.321 [error] [LS Main stderr] I0419 01:41:37.321717 219487 http_helpers.go:123] URL: https://cloudcode-pa.googleapis.com/v1internal:streamGenerateContent?alt=sse Trace: 0x3ebbd3bfed1013a0

2026-04-19 01:41:37.936 [error] [LS Main stderr] E0419 01:41:37.936136 219487 log.go:398] failed DOM for browser ephemeral message: no browser session active
E0419 01:41:37.936265 219487 log.go:398] failed page view for browser ephemeral message: no browser session active

2026-04-19 01:41:37.937 [error] [LS Main stderr] I0419 01:41:37.937203 219487 planner_generator.go:283] Requesting planner with 4 chat messages at model retry attempt 1 and API retry attempt 1

2026-04-19 01:41:40.582 [error] [LS Main stderr] I0419 01:41:40.582405 219487 http_helpers.go:123] URL: https://cloudcode-pa.googleapis.com/v1internal:streamGenerateContent?alt=sse Trace: 0xaec9826cd84778e3

2026-04-19 01:41:41.156 [error] [LS Main stderr] E0419 01:41:41.156713 219487 log.go:398] error executing cascade step: CORTEX_STEP_TYPE_CODE_ACTION: Could not successfully apply any edits. Please review the file and try smaller edits that you are more confident about.: chunk 0: cannot have nonempty target content in empty file

2026-04-19 01:41:41.157 [error] [LS Main stderr] E0419 01:41:41.157487 219487 log.go:398] failed DOM for browser ephemeral message: no browser session active
E0419 01:41:41.157513 219487 log.go:398] failed page view for browser ephemeral message: no browser session active

2026-04-19 01:41:41.158 [error] [LS Main stderr] I0419 01:41:41.158461 219487 planner_generator.go:283] Requesting planner with 6 chat messages at model retry attempt 1 and API retry attempt 1

2026-04-19 01:41:41.643 [error] [LS Main stderr] I0419 01:41:41.643429 219487 planner_generator.go:283] Requesting planner with 160 chat messages at model retry attempt 1 and API retry attempt 1

2026-04-19 01:41:45.829 [error] [LS Main stderr] I0419 01:41:45.829152 219487 http_helpers.go:123] URL: https://cloudcode-pa.googleapis.com/v1internal:streamGenerateContent?alt=sse Trace: 0xd14465500287dc24

2026-04-19 01:42:00.941 [error] [LS Main stderr] E0419 01:42:00.941486 219487 log.go:398] failed to check terminal shell support: internal: internal error

2026-04-19 01:42:00.988 [error] [LS Main stderr] I0419 01:42:00.987926 219487 planner_generator.go:283] Requesting planner with 162 chat messages at model retry attempt 1 and API retry attempt 1

2026-04-19 01:42:03.841 [error] [LS Main stderr] I0419 01:42:03.841616 219487 http_helpers.go:123] URL: https://cloudcode-pa.googleapis.com/v1internal:streamGenerateContent?alt=sse Trace: 0x1f299ef06679d459

2026-04-19 01:42:09.149 [error] [LS Main stderr] I0419 01:42:09.149647 219487 http_helpers.go:123] URL: https://cloudcode-pa.googleapis.com/v1internal:loadCodeAssist Trace: 0x1aa990bacb452228

2026-04-19 01:42:09.581 [error] [LS Main stderr] I0419 01:42:09.580679 219487 http_helpers.go:123] URL: https://cloudcode-pa.googleapis.com/v1internal:fetchAvailableModels Trace: 0x3b7e179e2fe4cbec

2026-04-19 01:42:09.608 [error] [LS Main stderr] I0419 01:42:09.608074 219487 planner_generator.go:283] Requesting planner with 164 chat messages at model retry attempt 1 and API retry attempt 1

2026-04-19 01:42:14.582 [error] [LS Main stderr] I0419 01:42:14.582614 219487 http_helpers.go:123] URL: https://cloudcode-pa.googleapis.com/v1internal:streamGenerateContent?alt=sse Trace: 0x2780ebc9801c06d7

2026-04-19 01:42:21.642 [error] [LS Main stderr] I0419 01:42:21.642628 219487 planner_generator.go:283] Requesting planner with 166 chat messages at model retry attempt 1 and API retry attempt 1

2026-04-19 01:42:25.402 [error] [LS Main stderr] I0419 01:42:25.401665 219487 http_helpers.go:123] URL: https://cloudcode-pa.googleapis.com/v1internal:streamGenerateContent?alt=sse Trace: 0xcf876b97108fe696

2026-04-19 01:42:26.215 [error] [LS Main stderr] I0419 01:42:26.215049 219487 planner_generator.go:283] Requesting planner with 168 chat messages at model retry attempt 1 and API retry attempt 1

2026-04-19 01:42:30.798 [error] [LS Main stderr] I0419 01:42:30.798351 219487 http_helpers.go:123] URL: https://cloudcode-pa.googleapis.com/v1internal:streamGenerateContent?alt=sse Trace: 0x7a79ffdaeaf8b672

2026-04-19 01:42:38.194 [error] [LS Main stderr] I0419 01:42:38.194503 219487 planner_generator.go:283] Requesting planner with 170 chat messages at model retry attempt 1 and API retry attempt 1

2026-04-19 01:42:42.237 [error] [LS Main stderr] I0419 01:42:42.237739 219487 http_helpers.go:123] URL: https://cloudcode-pa.googleapis.com/v1internal:streamGenerateContent?alt=sse Trace: 0x66ccd58e00de52a9

2026-04-19 01:42:43.180 [error] [LS Main stderr] I0419 01:42:43.180628 219487 planner_generator.go:283] Requesting planner with 172 chat messages at model retry attempt 1 and API retry attempt 1

2026-04-19 01:42:46.697 [error] [LS Main stderr] I0419 01:42:46.697498 219487 http_helpers.go:123] URL: https://cloudcode-pa.googleapis.com/v1internal:streamGenerateContent?alt=sse Trace: 0x2acab3bd743b4c60

2026-04-19 01:42:47.465 [error] [LS Main stderr] I0419 01:42:47.465561 219487 planner_generator.go:283] Requesting planner with 174 chat messages at model retry attempt 1 and API retry attempt 1

2026-04-19 01:42:52.959 [error] [LS Main stderr] I0419 01:42:52.959335 219487 http_helpers.go:123] URL: https://cloudcode-pa.googleapis.com/v1internal:streamGenerateContent?alt=sse Trace: 0x4ef2ac6327fbf23d

2026-04-19 01:42:58.884 [error] [LS Main stderr] I0419 01:42:58.884459 219487 planner_generator.go:283] Requesting planner with 176 chat messages at model retry attempt 1 and API retry attempt 1

2026-04-19 01:43:04.018 [error] [LS Main stderr] I0419 01:43:04.018200 219487 http_helpers.go:123] URL: https://cloudcode-pa.googleapis.com/v1internal:streamGenerateContent?alt=sse Trace: 0xabac8dafbe23ddb6

2026-04-19 01:43:05.029 [error] [LS Main stderr] I0419 01:43:05.029454 219487 planner_generator.go:283] Requesting planner with 178 chat messages at model retry attempt 1 and API retry attempt 1

2026-04-19 01:43:09.157 [error] [LS Main stderr] I0419 01:43:09.157265 219487 http_helpers.go:123] URL: https://cloudcode-pa.googleapis.com/v1internal:streamGenerateContent?alt=sse Trace: 0x74d84c366b856479

2026-04-19 01:43:09.947 [error] [LS Main stderr] I0419 01:43:09.947103 219487 planner_generator.go:283] Requesting planner with 180 chat messages at model retry attempt 1 and API retry attempt 1

2026-04-19 01:43:17.610 [error] [LS Main stderr] I0419 01:43:17.610524 219487 http_helpers.go:123] URL: https://cloudcode-pa.googleapis.com/v1internal:streamGenerateContent?alt=sse Trace: 0x17ccd915b2f6464

2026-04-19 01:43:23.454 [error] [LS Main stderr] I0419 01:43:23.454257 219487 planner_generator.go:283] Requesting planner with 182 chat messages at model retry attempt 1 and API retry attempt 1

2026-04-19 01:43:27.082 [error] [LS Main stderr] E0419 01:43:27.082480 219487 log.go:398] agent executor error: UNAVAILABLE (code 503): No capacity available for model claude-opus-4-6-thinking on the server: UNAVAILABLE (code 503): No capacity available for model claude-opus-4-6-thinking on the server

2026-04-19 01:43:27.086 [error] [LS Main stderr] E0419 01:43:27.086057 219487 log.go:398] UNAVAILABLE (code 503): No capacity available for model claude-opus-4-6-thinking on the server: UNAVAILABLE (code 503): No capacity available for model claude-opus-4-6-thinking on the server

2026-04-19 01:44:36.647 [error] [LS Main stderr] E0419 01:44:36.647149 219487 log.go:398] failed to check terminal shell support: internal: internal error

2026-04-19 01:44:36.692 [error] [LS Main stderr] I0419 01:44:36.692645 219487 planner_generator.go:283] Requesting planner with 184 chat messages at model retry attempt 1 and API retry attempt 1

2026-04-19 01:44:42.471 [error] [LS Main stderr] I0419 01:44:42.471490 219487 http_helpers.go:123] URL: https://cloudcode-pa.googleapis.com/v1internal:streamGenerateContent?alt=sse Trace: 0x8201fb17e8166397

2026-04-19 01:44:44.375 [error] [LS Main stderr] I0419 01:44:44.374816 219487 planner_generator.go:283] Requesting planner with 135 chat messages at model retry attempt 1 and API retry attempt 1

2026-04-19 01:44:56.111 [error] [LS Main stderr] I0419 01:44:56.111197 219487 http_helpers.go:123] URL: https://cloudcode-pa.googleapis.com/v1internal:streamGenerateContent?alt=sse Trace: 0xf4a83457ed0da7d9

2026-04-19 01:45:01.188 [error] [LS Main stderr] I0419 01:45:01.187975 219487 planner_generator.go:283] Requesting planner with 138 chat messages at model retry attempt 1 and API retry attempt 1

2026-04-19 01:45:07.022 [error] [LS Main stderr] I0419 01:45:07.022235 219487 http_helpers.go:123] URL: https://cloudcode-pa.googleapis.com/v1internal:streamGenerateContent?alt=sse Trace: 0xb5445b0a75e555d

2026-04-19 01:45:14.611 [error] [LS Main stderr] I0419 01:45:14.611042 219487 planner_generator.go:283] Requesting planner with 140 chat messages at model retry attempt 1 and API retry attempt 1

2026-04-19 01:45:18.064 [error] [LS Main stderr] I0419 01:45:18.063932 219487 http_helpers.go:123] URL: https://cloudcode-pa.googleapis.com/v1internal:streamGenerateContent?alt=sse Trace: 0x4aae7635aa759ae4

2026-04-19 01:45:19.730 [error] [LS Main stderr] I0419 01:45:19.730553 219487 planner_generator.go:283] Requesting planner with 142 chat messages at model retry attempt 1 and API retry attempt 1

2026-04-19 01:45:26.351 [error] [LS Main stderr] I0419 01:45:26.350654 219487 http_helpers.go:123] URL: https://cloudcode-pa.googleapis.com/v1internal:streamGenerateContent?alt=sse Trace: 0xdd866911f219e1a0

2026-04-19 01:45:27.319 [error] [LS Main stderr] I0419 01:45:27.319628 219487 planner_generator.go:283] Requesting planner with 144 chat messages at model retry attempt 1 and API retry attempt 1

2026-04-19 01:45:31.487 [error] [LS Main stderr] I0419 01:45:31.487200 219487 http_helpers.go:123] URL: https://cloudcode-pa.googleapis.com/v1internal:streamGenerateContent?alt=sse Trace: 0xbc41a07f79e0329d

2026-04-19 01:45:36.000 [error] [LS Main stderr] I0419 01:45:36.000760 219487 planner_generator.go:283] Requesting planner with 146 chat messages at model retry attempt 1 and API retry attempt 1

2026-04-19 01:45:39.766 [error] [LS Main stderr] I0419 01:45:39.766492 219487 http_helpers.go:123] URL: https://cloudcode-pa.googleapis.com/v1internal:streamGenerateContent?alt=sse Trace: 0xcccb758037e5f55e

2026-04-19 01:45:40.728 [error] [LS Main stderr] I0419 01:45:40.728290 219487 planner_generator.go:283] Requesting planner with 148 chat messages at model retry attempt 1 and API retry attempt 1

2026-04-19 01:45:47.199 [error] [LS Main stderr] I0419 01:45:47.198790 219487 http_helpers.go:123] URL: https://cloudcode-pa.googleapis.com/v1internal:streamGenerateContent?alt=sse Trace: 0x70e23bbc9e0bf66b

2026-04-19 01:45:50.791 [error] [LS Main stderr] I0419 01:45:50.790766 219487 planner_generator.go:283] Requesting planner with 150 chat messages at model retry attempt 1 and API retry attempt 1

2026-04-19 01:45:57.486 [error] [LS Main stderr] I0419 01:45:57.485710 219487 http_helpers.go:123] URL: https://cloudcode-pa.googleapis.com/v1internal:streamGenerateContent?alt=sse Trace: 0x245bea04e6f9199e

2026-04-19 01:45:58.505 [error] [LS Main stderr] I0419 01:45:58.505017 219487 planner_generator.go:283] Requesting planner with 152 chat messages at model retry attempt 1 and API retry attempt 1

2026-04-19 01:46:02.745 [error] [LS Main stderr] I0419 01:46:02.745555 219487 http_helpers.go:123] URL: https://cloudcode-pa.googleapis.com/v1internal:streamGenerateContent?alt=sse Trace: 0xaf613cb2c39b2e16

2026-04-19 01:46:06.348 [error] [LS Main stderr] I0419 01:46:06.348165 219487 planner_generator.go:283] Requesting planner with 154 chat messages at model retry attempt 1 and API retry attempt 1

2026-04-19 01:46:09.512 [error] [LS Main stderr] I0419 01:46:09.512507 219487 http_helpers.go:123] URL: https://cloudcode-pa.googleapis.com/v1internal:streamGenerateContent?alt=sse Trace: 0xaa20e0b963c7cc84

2026-04-19 01:46:10.381 [error] [LS Main stderr] I0419 01:46:10.381306 219487 planner_generator.go:283] Requesting planner with 156 chat messages at model retry attempt 1 and API retry attempt 1

2026-04-19 01:46:18.891 [error] [LS Main stderr] I0419 01:46:18.890857 219487 http_helpers.go:123] URL: https://cloudcode-pa.googleapis.com/v1internal:streamGenerateContent?alt=sse Trace: 0x5e190bb522293791

2026-04-19 01:46:23.213 [error] [LS Main stderr] I0419 01:46:23.213492 219487 planner_generator.go:283] Requesting planner with 158 chat messages at model retry attempt 1 and API retry attempt 1

2026-04-19 01:46:30.039 [error] [LS Main stderr] I0419 01:46:30.039114 219487 http_helpers.go:123] URL: https://cloudcode-pa.googleapis.com/v1internal:streamGenerateContent?alt=sse Trace: 0x6dceff1b4dcc0df

2026-04-19 01:46:32.601 [error] [LS Main stderr] I0419 01:46:32.601363 219487 planner_generator.go:283] Requesting planner with 160 chat messages at model retry attempt 1 and API retry attempt 1

2026-04-19 01:46:37.991 [error] [LS Main stderr] I0419 01:46:37.991526 219487 http_helpers.go:123] URL: https://cloudcode-pa.googleapis.com/v1internal:streamGenerateContent?alt=sse Trace: 0x80ad6193bbc2ebf5

2026-04-19 01:46:43.135 [error] [LS Main stderr] I0419 01:46:43.135243 219487 planner_generator.go:283] Requesting planner with 162 chat messages at model retry attempt 1 and API retry attempt 1

2026-04-19 01:46:49.866 [error] [LS Main stderr] I0419 01:46:49.865883 219487 http_helpers.go:123] URL: https://cloudcode-pa.googleapis.com/v1internal:streamGenerateContent?alt=sse Trace: 0x3ef225af9c5c4db3

2026-04-19 01:46:51.900 [error] [LS Main stderr] I0419 01:46:51.900601 219487 planner_generator.go:283] Requesting planner with 164 chat messages at model retry attempt 1 and API retry attempt 1

2026-04-19 01:46:55.010 [error] [LS Main stderr] I0419 01:46:55.010320 219487 http_helpers.go:123] URL: https://cloudcode-pa.googleapis.com/v1internal:streamGenerateContent?alt=sse Trace: 0xfaea1e17f07fbf99

2026-04-19 01:46:57.939 [error] [LS Main stderr] I0419 01:46:57.939010 219487 planner_generator.go:283] Requesting planner with 166 chat messages at model retry attempt 1 and API retry attempt 1

2026-04-19 01:47:06.325 [error] [LS Main stderr] I0419 01:47:06.324791 219487 http_helpers.go:123] URL: https://cloudcode-pa.googleapis.com/v1internal:streamGenerateContent?alt=sse Trace: 0xe01d07ebbaf99517

2026-04-19 01:47:10.336 [error] [LS Main stderr] I0419 01:47:10.336630 219487 http_helpers.go:123] URL: https://cloudcode-pa.googleapis.com/v1internal:loadCodeAssist Trace: 0xb76a5a4359a6da1f

2026-04-19 01:47:11.456 [error] [LS Main stderr] I0419 01:47:11.456649 219487 planner_generator.go:283] Requesting planner with 168 chat messages at model retry attempt 1 and API retry attempt 1

2026-04-19 01:47:11.879 [error] [LS Main stderr] I0419 01:47:11.879681 219487 http_helpers.go:123] URL: https://cloudcode-pa.googleapis.com/v1internal:fetchAvailableModels Trace: 0x4d697e899f051276

2026-04-19 01:47:16.380 [error] [LS Main stderr] I0419 01:47:16.379796 219487 http_helpers.go:123] URL: https://cloudcode-pa.googleapis.com/v1internal:streamGenerateContent?alt=sse Trace: 0x74aa5343a9df3167

2026-04-19 01:47:18.288 [error] [LS Main stderr] I0419 01:47:18.287907 219487 planner_generator.go:283] Requesting planner with 170 chat messages at model retry attempt 1 and API retry attempt 1

2026-04-19 01:47:19.687 [error] [LS Main stderr] I0419 01:47:19.687690 219487 http_helpers.go:123] URL: https://cloudcode-pa.googleapis.com/v1internal:streamGenerateContent?alt=sse Trace: 0xc308845897402e51

2026-04-19 01:47:20.574 [error] [LS Main stderr] I0419 01:47:20.574235 219487 http_helpers.go:123] URL: https://cloudcode-pa.googleapis.com/v1internal:streamGenerateContent?alt=sse Trace: 0x9142b78efb2f7721

2026-04-19 01:47:20.690 [error] [LS Main stderr] I0419 01:47:20.690604 219487 http_helpers.go:123] URL: https://cloudcode-pa.googleapis.com/v1internal:streamGenerateContent?alt=sse Trace: 0x7385decab1f2fa40

2026-04-19 01:47:23.963 [error] [LS Main stderr] I0419 01:47:23.963711 219487 http_helpers.go:123] URL: https://cloudcode-pa.googleapis.com/v1internal:streamGenerateContent?alt=sse Trace: 0x55d95b75491ea125

2026-04-19 01:47:33.997 [error] [LS Main stderr] I0419 01:47:33.997670 219487 planner_generator.go:283] Requesting planner with 172 chat messages at model retry attempt 1 and API retry attempt 1

2026-04-19 01:47:37.894 [error] [LS Main stderr] I0419 01:47:37.893946 219487 http_helpers.go:123] URL: https://cloudcode-pa.googleapis.com/v1internal:streamGenerateContent?alt=sse Trace: 0x175a050d78359725

2026-04-19 01:47:40.122 [error] [LS Main stderr] I0419 01:47:40.122248 219487 planner_generator.go:283] Requesting planner with 174 chat messages at model retry attempt 1 and API retry attempt 1

2026-04-19 01:47:44.672 [error] [LS Main stderr] I0419 01:47:44.672109 219487 http_helpers.go:123] URL: https://cloudcode-pa.googleapis.com/v1internal:streamGenerateContent?alt=sse Trace: 0x628d5d6b9d89d585

2026-04-19 01:47:50.179 [error] [LS Main stderr] I0419 01:47:50.179605 219487 planner_generator.go:283] Requesting planner with 176 chat messages at model retry attempt 1 and API retry attempt 1

2026-04-19 01:47:54.319 [error] [LS Main stderr] I0419 01:47:54.319355 219487 http_helpers.go:123] URL: https://cloudcode-pa.googleapis.com/v1internal:streamGenerateContent?alt=sse Trace: 0xb286305cb7aa6913

2026-04-19 02:03:46.854 [error] [LS Main stderr] E0419 02:03:46.854633 219487 log.go:398] failed to check terminal shell support: internal: internal error

2026-04-19 02:03:46.900 [error] [LS Main stderr] I0419 02:03:46.900615 219487 planner_generator.go:283] Requesting planner with 178 chat messages at model retry attempt 1 and API retry attempt 1

2026-04-19 02:03:48.451 [error] [LS Main stderr] I0419 02:03:48.451531 219487 http_helpers.go:123] URL: https://cloudcode-pa.googleapis.com/v1internal:fetchAvailableModels Trace: 0x12ae4b862714e4e1

2026-04-19 02:03:49.262 [error] [LS Main stderr] I0419 02:03:49.261735 219487 http_helpers.go:123] URL: https://cloudcode-pa.googleapis.com/v1internal:loadCodeAssist Trace: 0xe1485a820b704468

2026-04-19 02:03:54.397 [error] [LS Main stderr] I0419 02:03:54.397489 219487 http_helpers.go:123] URL: https://cloudcode-pa.googleapis.com/v1internal:streamGenerateContent?alt=sse Trace: 0xf517c069107977a2

2026-04-19 02:03:57.157 [error] [LS Main stderr] I0419 02:03:57.156905 219487 planner_generator.go:283] Requesting planner with 180 chat messages at model retry attempt 1 and API retry attempt 1

2026-04-19 02:04:02.281 [error] [LS Main stderr] I0419 02:04:02.281386 219487 http_helpers.go:123] URL: https://cloudcode-pa.googleapis.com/v1internal:streamGenerateContent?alt=sse Trace: 0xafe651be6a87684c

2026-04-19 02:07:23.760 [error] [LS Main stderr] E0419 02:07:23.760125 219487 log.go:398] failed to check terminal shell support: internal: internal error

2026-04-19 02:07:23.811 [error] [LS Main stderr] I0419 02:07:23.811229 219487 planner_generator.go:283] Requesting planner with 182 chat messages at model retry attempt 1 and API retry attempt 1

2026-04-19 02:07:30.579 [error] [LS Main stderr] I0419 02:07:30.578750 219487 http_helpers.go:123] URL: https://cloudcode-pa.googleapis.com/v1internal:streamGenerateContent?alt=sse Trace: 0xaec7b5eee8ea9cf0

2026-04-19 02:07:34.803 [error] [LS Main stderr] I0419 02:07:34.803248 219487 planner_generator.go:283] Requesting planner with 184 chat messages at model retry attempt 1 and API retry attempt 1

2026-04-19 02:07:38.616 [error] [LS Main stderr] I0419 02:07:38.616135 219487 http_helpers.go:123] URL: https://cloudcode-pa.googleapis.com/v1internal:streamGenerateContent?alt=sse Trace: 0xd250ee4aef7edc1d

2026-04-19 02:07:39.195 [error] [LS Main stderr] I0419 02:07:39.195320 219487 planner_generator.go:283] Requesting planner with 186 chat messages at model retry attempt 1 and API retry attempt 1

2026-04-19 02:07:44.330 [error] [LS Main stderr] I0419 02:07:44.330109 219487 http_helpers.go:123] URL: https://cloudcode-pa.googleapis.com/v1internal:streamGenerateContent?alt=sse Trace: 0x6fb0ac456855fbb4

2026-04-19 02:07:45.101 [error] [LS Main stderr] I0419 02:07:45.100694 219487 planner_generator.go:283] Requesting planner with 188 chat messages at model retry attempt 1 and API retry attempt 1

2026-04-19 02:07:46.269 [error] [LS Main stderr] E0419 02:07:46.269258 219487 log.go:398] agent executor error: RESOURCE_EXHAUSTED (code 429): You have exhausted your capacity on this model. Your quota will reset after 4h5m18s.: RESOURCE_EXHAUSTED (code 429): You have exhausted your capacity on this model. Your quota will reset after 4h5m18s.

2026-04-19 02:07:46.274 [error] [LS Main stderr] E0419 02:07:46.273716 219487 log.go:398] RESOURCE_EXHAUSTED (code 429): You have exhausted your capacity on this model. Your quota will reset after 4h5m18s.: RESOURCE_EXHAUSTED (code 429): You have exhausted your capacity on this model. Your quota will reset after 4h5m18s.

2026-04-19 02:09:55.537 [error] [LS Main stderr] I0419 02:09:55.537591 219487 http_helpers.go:123] URL: https://cloudcode-pa.googleapis.com/v1internal:fetchAvailableModels Trace: 0x4a678dec96daa02c

2026-04-19 02:09:56.947 [error] [LS Main stderr] I0419 02:09:56.946959 219487 http_helpers.go:123] URL: https://cloudcode-pa.googleapis.com/v1internal:loadCodeAssist Trace: 0xbffe37b99f4c5730

2026-04-19 02:10:07.633 [error] [LS Main stderr] E0419 02:10:07.633248 219487 log.go:398] failed to check terminal shell support: internal: internal error

2026-04-19 02:10:12.631 [error] [LS Main stderr] E0419 02:10:12.630866 219487 log.go:398] executor is not currently running

2026-04-19 02:10:12.634 [error] [LS Main stderr] E0419 02:10:12.634291 219487 log.go:398] failed to check terminal shell support: internal: internal error

2026-04-19 02:10:18.675 [error] [LS Main stderr] E0419 02:10:18.675056 219487 log.go:398] failed to check terminal shell support: internal: internal error

2026-04-19 02:10:18.731 [error] [LS Main stderr] I0419 02:10:18.730961 219487 planner_generator.go:283] Requesting planner with 182 chat messages at model retry attempt 1 and API retry attempt 1

2026-04-19 02:10:20.000 [error] [LS Main stderr] E0419 02:10:20.000519 219487 log.go:398] agent executor error: RESOURCE_EXHAUSTED (code 429): You have exhausted your capacity on this model. Your quota will reset after 4h2m45s.: RESOURCE_EXHAUSTED (code 429): You have exhausted your capacity on this model. Your quota will reset after 4h2m45s.

2026-04-19 02:10:20.007 [error] [LS Main stderr] E0419 02:10:20.007500 219487 log.go:398] RESOURCE_EXHAUSTED (code 429): You have exhausted your capacity on this model. Your quota will reset after 4h2m45s.: RESOURCE_EXHAUSTED (code 429): You have exhausted your capacity on this model. Your quota will reset after 4h2m45s.

2026-04-19 02:10:22.166 [error] [LS Main stderr] E0419 02:10:22.166619 219487 log.go:398] failed to check terminal shell support: internal: internal error

2026-04-19 02:10:23.019 [error] [LS Main stderr] E0419 02:10:23.019004 219487 log.go:398] executor is not currently running

2026-04-19 02:10:23.022 [error] [LS Main stderr] E0419 02:10:23.021947 219487 log.go:398] failed to check terminal shell support: internal: internal error

2026-04-19 02:10:26.809 [error] [LS Main stderr] E0419 02:10:26.809515 219487 log.go:398] failed to check terminal shell support: internal: internal error

2026-04-19 02:10:26.867 [error] [LS Main stderr] I0419 02:10:26.866845 219487 planner_generator.go:283] Requesting planner with 112 chat messages at model retry attempt 1 and API retry attempt 1

2026-04-19 02:10:27.440 [error] [LS Main stderr] E0419 02:10:27.440531 219487 log.go:398] agent executor error: RESOURCE_EXHAUSTED (code 429): You have exhausted your capacity on this model. Your quota will reset after 4h2m37s.: RESOURCE_EXHAUSTED (code 429): You have exhausted your capacity on this model. Your quota will reset after 4h2m37s.

2026-04-19 02:10:27.446 [error] [LS Main stderr] E0419 02:10:27.446015 219487 log.go:398] RESOURCE_EXHAUSTED (code 429): You have exhausted your capacity on this model. Your quota will reset after 4h2m37s.: RESOURCE_EXHAUSTED (code 429): You have exhausted your capacity on this model. Your quota will reset after 4h2m37s.

2026-04-19 02:10:36.135 [error] [LS Main stderr] E0419 02:10:36.135626 219487 log.go:398] failed to check terminal shell support: internal: internal error

2026-04-19 02:10:37.045 [error] [LS Main stderr] E0419 02:10:37.045145 219487 log.go:398] executor is not currently running

2026-04-19 02:10:37.049 [error] [LS Main stderr] E0419 02:10:37.048477 219487 log.go:398] failed to check terminal shell support: internal: internal error

2026-04-19 02:10:44.589 [error] [LS Main stderr] E0419 02:10:44.589191 219487 log.go:398] failed to check terminal shell support: internal: internal error

2026-04-19 02:10:44.635 [error] [LS Main stderr] I0419 02:10:44.634876 219487 planner_generator.go:283] Requesting planner with 183 chat messages at model retry attempt 1 and API retry attempt 1

2026-04-19 02:10:50.165 [error] [LS Main stderr] I0419 02:10:50.164788 219487 http_helpers.go:123] URL: https://cloudcode-pa.googleapis.com/v1internal:streamGenerateContent?alt=sse Trace: 0x9bdbab4f3bdb56d2

2026-04-19 02:10:51.983 [error] [LS Main stderr] I0419 02:10:51.983463 219487 planner_generator.go:283] Requesting planner with 114 chat messages at model retry attempt 1 and API retry attempt 1

2026-04-19 02:10:55.873 [error] [LS Main stderr] I0419 02:10:55.873096 219487 http_helpers.go:123] URL: https://cloudcode-pa.googleapis.com/v1internal:streamGenerateContent?alt=sse Trace: 0xd848f6e37cd2d3a0

2026-04-19 02:10:56.999 [error] [LS Main stderr] I0419 02:10:56.999446 219487 planner_generator.go:198] Model output error: failed to read file: open /home/kausthubh/GitHub/polymarket-clone/scripts/manage-collateral.ts: no such file or directory
E0419 02:10:56.999502 219487 log.go:398] model output error: invalid tool call error (invalid_args) failed to read file: open /home/kausthubh/GitHub/polymarket-clone/scripts/manage-collateral.ts: no such file or directory

2026-04-19 02:10:57.008 [error] [LS Main stderr] I0419 02:10:57.008223 219487 planner_generator.go:283] Requesting planner with 116 chat messages at model retry attempt 2 and API retry attempt 1

2026-04-19 02:11:00.011 [error] [LS Main stderr] I0419 02:11:00.011359 219487 http_helpers.go:123] URL: https://cloudcode-pa.googleapis.com/v1internal:streamGenerateContent?alt=sse Trace: 0x95ca6cc697ebcf6a

2026-04-19 02:11:00.592 [error] [LS Main stderr] E0419 02:11:00.591670 219487 log.go:398] error executing cascade step: CORTEX_STEP_TYPE_LIST_DIRECTORY: directory /home/kausthubh/GitHub/polymarket-clone/scripts does not exist

2026-04-19 02:11:00.607 [error] [LS Main stderr] I0419 02:11:00.606742 219487 planner_generator.go:283] Requesting planner with 118 chat messages at model retry attempt 1 and API retry attempt 1

2026-04-19 02:11:07.461 [error] [LS Main stderr] I0419 02:11:07.461504 219487 http_helpers.go:123] URL: https://cloudcode-pa.googleapis.com/v1internal:streamGenerateContent?alt=sse Trace: 0xc7e468031dfbe0ee

2026-04-19 02:11:07.815 [error] [LS Main stderr] I0419 02:11:07.814880 219487 planner_generator.go:283] Requesting planner with 120 chat messages at model retry attempt 1 and API retry attempt 1

2026-04-19 02:11:11.667 [error] [LS Main stderr] I0419 02:11:11.666941 219487 http_helpers.go:123] URL: https://cloudcode-pa.googleapis.com/v1internal:streamGenerateContent?alt=sse Trace: 0x135051c3a18d1cea

2026-04-19 02:11:13.491 [error] [LS Main stderr] I0419 02:11:13.491386 219487 planner_generator.go:283] Requesting planner with 122 chat messages at model retry attempt 1 and API retry attempt 1

2026-04-19 02:11:16.717 [error] [LS Main stderr] I0419 02:11:16.716751 219487 http_helpers.go:123] URL: https://cloudcode-pa.googleapis.com/v1internal:streamGenerateContent?alt=sse Trace: 0x309e09fc75e5b26

2026-04-19 02:11:17.863 [error] [LS Main stderr] I0419 02:11:17.862970 219487 planner_generator.go:283] Requesting planner with 124 chat messages at model retry attempt 1 and API retry attempt 1

2026-04-19 02:11:21.047 [error] [LS Main stderr] I0419 02:11:21.047170 219487 http_helpers.go:123] URL: https://cloudcode-pa.googleapis.com/v1internal:streamGenerateContent?alt=sse Trace: 0x5aaf7e843b6b5332

2026-04-19 02:11:21.279 [error] [LS Main stderr] I0419 02:11:21.279238 219487 planner_generator.go:283] Requesting planner with 126 chat messages at model retry attempt 1 and API retry attempt 1

2026-04-19 02:11:26.740 [error] [LS Main stderr] I0419 02:11:26.739696 219487 http_helpers.go:123] URL: https://cloudcode-pa.googleapis.com/v1internal:streamGenerateContent?alt=sse Trace: 0xa008ffead9b3638d

2026-04-19 02:11:29.815 [error] [LS Main stderr] I0419 02:11:29.815136 219487 planner_generator.go:283] Requesting planner with 128 chat messages at model retry attempt 1 and API retry attempt 1

2026-04-19 02:11:33.710 [error] [LS Main stderr] I0419 02:11:33.710111 219487 http_helpers.go:123] URL: https://cloudcode-pa.googleapis.com/v1internal:streamGenerateContent?alt=sse Trace: 0x381771d156dd037a

2026-04-19 02:11:35.222 [error] [LS Main stderr] I0419 02:11:35.221996 219487 planner_generator.go:283] Requesting planner with 130 chat messages at model retry attempt 1 and API retry attempt 1

2026-04-19 02:11:39.727 [error] [LS Main stderr] I0419 02:11:39.727644 219487 http_helpers.go:123] URL: https://cloudcode-pa.googleapis.com/v1internal:streamGenerateContent?alt=sse Trace: 0x7b3a2acddeba9c28

2026-04-19 02:11:40.118 [error] [LS Main stderr] I0419 02:11:40.117719 219487 planner_generator.go:283] Requesting planner with 132 chat messages at model retry attempt 1 and API retry attempt 1

2026-04-19 02:11:43.855 [error] [LS Main stderr] I0419 02:11:43.855091 219487 http_helpers.go:123] URL: https://cloudcode-pa.googleapis.com/v1internal:streamGenerateContent?alt=sse Trace: 0xee8769bb2615049a

2026-04-19 02:11:44.868 [error] [LS Main stderr] I0419 02:11:44.867829 219487 planner_generator.go:283] Requesting planner with 134 chat messages at model retry attempt 1 and API retry attempt 1

2026-04-19 02:11:49.907 [error] [LS Main stderr] I0419 02:11:49.907268 219487 http_helpers.go:123] URL: https://cloudcode-pa.googleapis.com/v1internal:streamGenerateContent?alt=sse Trace: 0xd0cd0fdfddad0151

2026-04-19 02:11:57.833 [error] [LS Main stderr] I0419 02:11:57.832720 219487 planner_generator.go:283] Requesting planner with 136 chat messages at model retry attempt 1 and API retry attempt 1

2026-04-19 02:12:01.126 [error] [LS Main stderr] I0419 02:12:01.125813 219487 http_helpers.go:123] URL: https://cloudcode-pa.googleapis.com/v1internal:streamGenerateContent?alt=sse Trace: 0xf0da3cbc57b4fe43

2026-04-19 02:12:01.767 [error] [LS Main stderr] I0419 02:12:01.767323 219487 planner_generator.go:283] Requesting planner with 138 chat messages at model retry attempt 1 and API retry attempt 1

2026-04-19 02:12:07.181 [error] [LS Main stderr] I0419 02:12:07.181129 219487 planner_generator.go:283] Requesting planner with 141 chat messages at model retry attempt 1 and API retry attempt 1

2026-04-19 02:17:38.780 [error] [LS Main stderr] I0419 02:17:38.780052 219487 http_helpers.go:123] URL: https://cloudcode-pa.googleapis.com/v1internal:fetchAvailableModels Trace: 0x48e8d284e8fe6b0a

2026-04-19 02:17:39.498 [error] [LS Main stderr] I0419 02:17:39.498584 219487 http_helpers.go:123] URL: https://cloudcode-pa.googleapis.com/v1internal:loadCodeAssist Trace: 0x4fdd98f17ca2119f

2026-04-19 02:24:08.369 [error] [LS Main stderr] I0419 02:24:08.369347 219487 http_helpers.go:123] URL: https://cloudcode-pa.googleapis.com/v1internal:fetchAvailableModels Trace: 0xcee05c855604fe0a

2026-04-19 02:24:09.200 [error] [LS Main stderr] I0419 02:24:09.200448 219487 http_helpers.go:123] URL: https://cloudcode-pa.googleapis.com/v1internal:loadCodeAssist Trace: 0xd4f64a3282d052ac

2026-04-19 02:24:37.151 [error] [LS Main stderr] E0419 02:24:37.150774 219487 log.go:398] failed to check terminal shell support: internal: internal error

2026-04-19 02:24:37.191 [error] [LS Main stderr] I0419 02:24:37.191062 219487 planner_generator.go:283] Requesting planner with 143 chat messages at model retry attempt 1 and API retry attempt 1

2026-04-19 02:24:43.314 [error] [LS Main stderr] I0419 02:24:43.314080 219487 http_helpers.go:123] URL: https://cloudcode-pa.googleapis.com/v1internal:streamGenerateContent?alt=sse Trace: 0x68fe18799ddb56e9

2026-04-19 02:24:45.809 [error] [LS Main stderr] I0419 02:24:45.809213 219487 planner_generator.go:283] Requesting planner with 144 chat messages at model retry attempt 1 and API retry attempt 1

2026-04-19 02:24:50.271 [error] [LS Main stderr] I0419 02:24:50.271671 219487 http_helpers.go:123] URL: https://cloudcode-pa.googleapis.com/v1internal:streamGenerateContent?alt=sse Trace: 0x48ed474cfbf2e752

2026-04-19 02:24:52.739 [error] [LS Main stderr] I0419 02:24:52.739143 219487 planner_generator.go:283] Requesting planner with 146 chat messages at model retry attempt 1 and API retry attempt 1

2026-04-19 02:25:03.962 [error] [LS Main stderr] E0419 02:25:03.962120 219487 log.go:398] failed to check terminal shell support: internal: internal error

2026-04-19 02:25:04.012 [error] [LS Main stderr] I0419 02:25:04.012303 219487 planner_generator.go:283] Requesting planner with 149 chat messages at model retry attempt 1 and API retry attempt 1

2026-04-19 02:25:09.057 [error] [LS Main stderr] I0419 02:25:09.056795 219487 http_helpers.go:123] URL: https://cloudcode-pa.googleapis.com/v1internal:streamGenerateContent?alt=sse Trace: 0x7839b987ba86143c

2026-04-19 02:25:20.290 [error] [LS Main stderr] I0419 02:25:20.290743 219487 planner_generator.go:283] Requesting planner with 150 chat messages at model retry attempt 1 and API retry attempt 1

2026-04-19 02:25:24.122 [error] [LS Main stderr] I0419 02:25:24.121874 219487 http_helpers.go:123] URL: https://cloudcode-pa.googleapis.com/v1internal:streamGenerateContent?alt=sse Trace: 0xe87ab8c399b2c79a

2026-04-19 02:25:24.587 [error] [LS Main stderr] I0419 02:25:24.587714 219487 planner_generator.go:283] Requesting planner with 152 chat messages at model retry attempt 1 and API retry attempt 1

2026-04-19 02:25:29.135 [error] [LS Main stderr] I0419 02:25:29.135419 219487 http_helpers.go:123] URL: https://cloudcode-pa.googleapis.com/v1internal:streamGenerateContent?alt=sse Trace: 0xf2c6af9330f15f93

2026-04-19 02:25:29.759 [error] [LS Main stderr] I0419 02:25:29.759324 219487 planner_generator.go:283] Requesting planner with 154 chat messages at model retry attempt 1 and API retry attempt 1

2026-04-19 02:25:40.999 [error] [LS Main stderr] I0419 02:25:40.999629 219487 http_helpers.go:123] URL: https://cloudcode-pa.googleapis.com/v1internal:streamGenerateContent?alt=sse Trace: 0xba9b46a61267467c

2026-04-19 02:25:44.196 [error] [LS Main stderr] I0419 02:25:44.195504 219487 planner_generator.go:283] Requesting planner with 156 chat messages at model retry attempt 1 and API retry attempt 1

2026-04-19 02:25:53.459 [error] [LS Main stderr] I0419 02:25:53.458822 219487 http_helpers.go:123] URL: https://cloudcode-pa.googleapis.com/v1internal:streamGenerateContent?alt=sse Trace: 0xf3fba0276c15452c

2026-04-19 02:25:57.818 [error] [LS Main stderr] I0419 02:25:57.817836 219487 planner_generator.go:283] Requesting planner with 158 chat messages at model retry attempt 1 and API retry attempt 1

2026-04-19 02:26:01.845 [error] [LS Main stderr] ERROR: logging before google.Init: E0419 02:26:01.845598     134 g3syslog.go:23] [Post "https://play.googleapis.com/log": unexpected EOF]

2026-04-19 02:26:04.848 [error] [LS Main stderr] I0419 02:26:04.848074 219487 http_helpers.go:123] URL: https://cloudcode-pa.googleapis.com/v1internal:streamGenerateContent?alt=sse Trace: 0x8853d256991af8

2026-04-19 02:26:04.885 [error] [LS Main stderr] I0419 02:26:04.884714 219487 planner_generator.go:283] Requesting planner with 160 chat messages at model retry attempt 1 and API retry attempt 1

2026-04-19 02:26:08.957 [error] [LS Main stderr] I0419 02:26:08.957624 219487 http_helpers.go:123] URL: https://cloudcode-pa.googleapis.com/v1internal:streamGenerateContent?alt=sse Trace: 0x8cd23f9c838b4c3f

2026-04-19 02:26:09.582 [error] [LS Main stderr] I0419 02:26:09.581823 219487 planner_generator.go:283] Requesting planner with 162 chat messages at model retry attempt 1 and API retry attempt 1

2026-04-19 02:26:14.485 [error] [LS Main stderr] I0419 02:26:14.485311 219487 http_helpers.go:123] URL: https://cloudcode-pa.googleapis.com/v1internal:streamGenerateContent?alt=sse Trace: 0x956923467fa7c02f

2026-04-19 02:26:21.340 [error] [LS Main stderr] I0419 02:26:21.340514 219487 http_helpers.go:123] URL: https://cloudcode-pa.googleapis.com/v1internal:streamGenerateContent?alt=sse Trace: 0xbdfd41de4243fc35

2026-04-19 02:26:28.929 [error] [LS Main stderr] I0419 02:26:28.929076 219487 planner_generator.go:283] Requesting planner with 164 chat messages at model retry attempt 1 and API retry attempt 1

2026-04-19 02:26:32.837 [error] [LS Main stderr] I0419 02:26:32.836783 219487 http_helpers.go:123] URL: https://cloudcode-pa.googleapis.com/v1internal:streamGenerateContent?alt=sse Trace: 0x5a4cb604dfbe94a8

2026-04-19 02:26:33.851 [error] [LS Main stderr] I0419 02:26:33.851287 219487 planner_generator.go:283] Requesting planner with 166 chat messages at model retry attempt 1 and API retry attempt 1

2026-04-19 02:26:38.615 [error] [LS Main stderr] I0419 02:26:38.615223 219487 http_helpers.go:123] URL: https://cloudcode-pa.googleapis.com/v1internal:streamGenerateContent?alt=sse Trace: 0x4f7589badff5ea79

2026-04-19 02:26:38.743 [error] [LS Main stderr] I0419 02:26:38.743272 219487 planner_generator.go:283] Requesting planner with 168 chat messages at model retry attempt 1 and API retry attempt 1

2026-04-19 02:26:43.897 [error] [LS Main stderr] I0419 02:26:43.896963 219487 http_helpers.go:123] URL: https://cloudcode-pa.googleapis.com/v1internal:streamGenerateContent?alt=sse Trace: 0x64cfe165ac525570

2026-04-19 02:26:47.846 [error] [LS Main stderr] I0419 02:26:47.845988 219487 planner_generator.go:283] Requesting planner with 170 chat messages at model retry attempt 1 and API retry attempt 1

2026-04-19 02:26:51.846 [error] [LS Main stderr] I0419 02:26:51.845812 219487 http_helpers.go:123] URL: https://cloudcode-pa.googleapis.com/v1internal:streamGenerateContent?alt=sse Trace: 0x115ea891d1ae01af

2026-04-19 02:26:54.954 [error] [LS Main stderr] I0419 02:26:54.953612 219487 planner_generator.go:283] Requesting planner with 172 chat messages at model retry attempt 1 and API retry attempt 1

2026-04-19 02:26:59.569 [error] [LS Main stderr] I0419 02:26:59.569509 219487 http_helpers.go:123] URL: https://cloudcode-pa.googleapis.com/v1internal:streamGenerateContent?alt=sse Trace: 0x3889220221c14f03

2026-04-19 02:27:06.365 [error] [LS Main stderr] I0419 02:27:06.365337 219487 planner_generator.go:283] Requesting planner with 174 chat messages at model retry attempt 1 and API retry attempt 1

2026-04-19 02:27:10.530 [error] [LS Main stderr] I0419 02:27:10.529534 219487 http_helpers.go:123] URL: https://cloudcode-pa.googleapis.com/v1internal:streamGenerateContent?alt=sse Trace: 0xdc8f5ee6c34e555a

2026-04-19 02:27:11.261 [error] [LS Main stderr] I0419 02:27:11.261305 219487 planner_generator.go:283] Requesting planner with 176 chat messages at model retry attempt 1 and API retry attempt 1

2026-04-19 02:27:17.077 [error] [LS Main stderr] I0419 02:27:17.076909 219487 http_helpers.go:123] URL: https://cloudcode-pa.googleapis.com/v1internal:streamGenerateContent?alt=sse Trace: 0xcf08e22d2e35fedb

2026-04-19 02:27:17.680 [error] [LS Main stderr] I0419 02:27:17.679765 219487 planner_generator.go:283] Requesting planner with 178 chat messages at model retry attempt 1 and API retry attempt 1

2026-04-19 02:27:21.800 [error] [LS Main stderr] I0419 02:27:21.800340 219487 http_helpers.go:123] URL: https://cloudcode-pa.googleapis.com/v1internal:streamGenerateContent?alt=sse Trace: 0x41b8e26c80bcddc0

2026-04-19 02:31:08.812 [error] [LS Main stderr] E0419 02:31:08.812247 219487 log.go:398] failed to check terminal shell support: internal: internal error

2026-04-19 02:31:08.854 [error] [LS Main stderr] I0419 02:31:08.854410 219487 planner_generator.go:283] Requesting planner with 181 chat messages at model retry attempt 1 and API retry attempt 1

2026-04-19 02:31:09.767 [error] [LS Main stderr] I0419 02:31:09.767704 219487 http_helpers.go:123] URL: https://cloudcode-pa.googleapis.com/v1internal:fetchAvailableModels Trace: 0x449adca8a76b29cf

2026-04-19 02:31:10.809 [error] [LS Main stderr] I0419 02:31:10.809319 219487 http_helpers.go:123] URL: https://cloudcode-pa.googleapis.com/v1internal:loadCodeAssist Trace: 0x4ca80b70282cdb80

2026-04-19 02:31:13.819 [error] [LS Main stderr] I0419 02:31:13.818787 219487 http_helpers.go:123] URL: https://cloudcode-pa.googleapis.com/v1internal:streamGenerateContent?alt=sse Trace: 0xcdf877831e076d0d

2026-04-19 02:31:13.865 [error] [LS Main stderr] I0419 02:31:13.864819 219487 planner_generator.go:283] Requesting planner with 182 chat messages at model retry attempt 1 and API retry attempt 1

2026-04-19 02:31:18.390 [error] [LS Main stderr] I0419 02:31:18.390698 219487 http_helpers.go:123] URL: https://cloudcode-pa.googleapis.com/v1internal:streamGenerateContent?alt=sse Trace: 0xe1632733d7440b68

2026-04-19 02:34:36.736 [error] [LS Main stderr] E0419 02:34:36.736231 219487 log.go:398] failed to check terminal shell support: internal: internal error

2026-04-19 02:34:36.778 [error] [LS Main stderr] I0419 02:34:36.778378 219487 planner_generator.go:283] Requesting planner with 185 chat messages at model retry attempt 1 and API retry attempt 1

2026-04-19 02:34:41.674 [error] [LS Main stderr] I0419 02:34:41.674229 219487 http_helpers.go:123] URL: https://cloudcode-pa.googleapis.com/v1internal:streamGenerateContent?alt=sse Trace: 0x67edffb95a6fe738

2026-04-19 02:34:46.596 [error] [LS Main stderr] I0419 02:34:46.595888 219487 planner_generator.go:283] Requesting planner with 186 chat messages at model retry attempt 1 and API retry attempt 1

2026-04-19 02:34:54.190 [error] [LS Main stderr] I0419 02:34:54.190631 219487 http_helpers.go:123] URL: https://cloudcode-pa.googleapis.com/v1internal:streamGenerateContent?alt=sse Trace: 0xcef7ff0d3196143c

2026-04-19 02:34:56.032 [error] [LS Main stderr] I0419 02:34:56.032129 219487 planner_generator.go:283] Requesting planner with 188 chat messages at model retry attempt 1 and API retry attempt 1

2026-04-19 02:35:03.169 [error] [LS Main stderr] I0419 02:35:03.169657 219487 http_helpers.go:123] URL: https://cloudcode-pa.googleapis.com/v1internal:streamGenerateContent?alt=sse Trace: 0xf5f593a5e708712a

2026-04-19 02:35:04.933 [error] [LS Main stderr] I0419 02:35:04.933536 219487 planner_generator.go:283] Requesting planner with 190 chat messages at model retry attempt 1 and API retry attempt 1

2026-04-19 02:35:06.838 [error] [LS Main stderr] I0419 02:35:06.837688 219487 http_helpers.go:123] URL: https://cloudcode-pa.googleapis.com/v1internal:streamGenerateContent?alt=sse Trace: 0xaceb218a48b28fea

2026-04-19 02:35:06.954 [error] [LS Main stderr] I0419 02:35:06.953900 219487 http_helpers.go:123] URL: https://cloudcode-pa.googleapis.com/v1internal:streamGenerateContent?alt=sse Trace: 0xfa5b7916c6649d70

2026-04-19 02:35:07.742 [error] [LS Main stderr] I0419 02:35:07.742343 219487 http_helpers.go:123] URL: https://cloudcode-pa.googleapis.com/v1internal:streamGenerateContent?alt=sse Trace: 0x59cdc514ff025c1c

2026-04-19 02:35:09.069 [error] [LS Main stderr] I0419 02:35:09.068796 219487 http_helpers.go:123] URL: https://cloudcode-pa.googleapis.com/v1internal:streamGenerateContent?alt=sse Trace: 0xe7865fe219b1fc74

2026-04-19 02:35:09.489 [error] [LS Main stderr] I0419 02:35:09.489050 219487 planner_generator.go:283] Requesting planner with 192 chat messages at model retry attempt 1 and API retry attempt 1

2026-04-19 02:35:15.775 [error] [LS Main stderr] I0419 02:35:15.775504 219487 http_helpers.go:123] URL: https://cloudcode-pa.googleapis.com/v1internal:streamGenerateContent?alt=sse Trace: 0x812aa129f9d31ba8

2026-04-19 02:35:17.850 [error] [LS Main stderr] I0419 02:35:17.850326 219487 planner_generator.go:283] Requesting planner with 194 chat messages at model retry attempt 1 and API retry attempt 1

2026-04-19 02:35:22.306 [error] [LS Main stderr] I0419 02:35:22.306678 219487 http_helpers.go:123] URL: https://cloudcode-pa.googleapis.com/v1internal:streamGenerateContent?alt=sse Trace: 0x5d1b4aeea53cdb

2026-04-19 02:36:05.953 [error] [LS Main stderr] E0419 02:36:05.952924 219487 log.go:398] failed to check terminal shell support: internal: internal error

2026-04-19 02:36:09.989 [error] [LS Main stderr] E0419 02:36:09.988808 219487 log.go:398] executor is not currently running

2026-04-19 02:36:09.994 [error] [LS Main stderr] E0419 02:36:09.994027 219487 log.go:398] failed to check terminal shell support: internal: internal error

2026-04-19 02:36:10.475 [error] [LS Main stderr] I0419 02:36:10.474730 219487 http_helpers.go:123] URL: https://cloudcode-pa.googleapis.com/v1internal:fetchAvailableModels Trace: 0x3343cb0a6a869935

2026-04-19 02:36:31.158 [error] [LS Main stderr] I0419 02:36:31.158373 219487 http_helpers.go:123] URL: https://cloudcode-pa.googleapis.com/v1internal:loadCodeAssist Trace: 0x8afe12dca867ab17

